szczegolnaFormaPrawna_Symbol,formaWlasnosci_Symbol,pkdKod,wsk_liczba_dni_istnienia,Aktywa,Aktywa_trwale,Wartosci_niematerialne_prawne,Wartosc_firmy,Rzeczowe_aktywa_trwale,Srodki_trwale,Naleznosci_dlugoterminowe,Inwestycje_dlugoterminowe,Rozliczenia_miedzyokresowe_dlugie,Aktywa_obrotowe,Zapasy,Naleznosci_krotkoterminowe,Naleznosci_dostaw_uslug_12m_powiazane,Naleznosci_dostaw_uslug_pow12m_powiazane,Naleznosci_dostaw_uslug_12m_kapitale,Naleznosci_dostaw_uslug_pow12m_kapitale,Naleznosci_dostaw_uslug_12m_pozostale,Naleznosci_dostaw_uslug_pow12m_pozostale,Naleznosci_dostaw_uslug_pozostale_sadowe,Inwestycje_krotkoterminowe,Srodki_pieniezne,Rozliczenia_miedzyokresowe_krotkie,Kapital_wlasny,Kapital_podstawowy,Kapital_zapasowy,Zysk_netto,Zobowiazania_rezerwy,Rezerwy_na_zobowiazania,Rezerwa_z_tytulu_odroczonego_podatku_dochodowego,Rezerwa_na_swiadczenia_emerytalne,Rezerwa_na_swiadczenia_emerytalne_dlugie,Rezerwa_na_swiadczenia_emerytalne_krotkie,Pozostale_rezerwy,Pozostale_rezerwy_krotkie,Zobowiazania_dlugoterminowe,Kredyty_pozyczki_dlugie,Inne_zobowiazania_fin_dlugoterminowe,Zobowiazania_krotkoterminowe,Zobowiazania_dostaw_uslug_12m_powiazane,Zobowiazania_dostaw_uslug_pow12m_powiazane,Zobowiazania_dostaw_uslug_12m_kapitale,Zobowiazania_dostaw_uslug_pow12m_kapitale,Kredyty_pozyczki_krotkie,Inne_zobowiazania_fin_krotkoterminowe,Zobowiazania_dostaw_uslug_12m_pozostale,Zobowiazania_dostaw_uslug_pow12m_pozostale,Rozliczenia_miedzyokresowe_b,Ujemna_wartosc_firmy,Inne_rozliczenia_miedzyokresowe,Inne_rozliczenia_miedzyokresowe_dlugie,Inne_rozliczenia_miedzyokresowe_krotkie,schemat_wsk_bilans,Naleznosci_dostaw_uslug_12m,Naleznosci_dostaw_uslug_pow12m,Zobowiazania_dostaw_uslug_12m,Zobowiazania_dostaw_uslug_pow12m,Kredyty_pozyczki,wsk_kapital_do_aktywa,przychody_sprzedazy,koszty_sprzedanych_produktow,koszty_sprzedazy,koszty_ogolnego_zarzadu,zysk_sprzedazy,pozostale_przychody_oper,dotacje,koszty_operacyjne_pozostale,zysk_operacyjny,przychody_finansowe,dywidendy_udzialy,przychody_odsetki,koszty_finansowe,koszty_odsetki,zysk_brutto,podatek_dochodowy,zysk_netto,koszty_operacyjne,amortyzacja,schemat_wsk_rzis,przychody,RP_przeplywy_operacyjne,RP_amortyzacja,wsk_amortyzacja,wsk_koszty_operacyjne,wsk_Zobowiazania_krotkoterminowe,wsk_Zobowiazania_dlugoterminowe,wsk_marza_brutto_1,wsk_marza_brutto_2,wsk_stopa_marzy_brutto,wsk_rent_operacyjna,wsk_ROS,wsk_ROA,wsk_s_ROA,wsk_rent_operacyjna_aktywow,wsk_ROE,wsk_s_ROE,wsk_mnoznik_kap_wl,wsk_zwrot_aktywa_trwale,wsk_rent_kaptial_podstawowy,wsk_akt_generowania_got_1,wsk_akt_generowania_got_2,wsk_rent_sprzedazy,wsk_ebit,wsk_ebitda_1,wsk_ebitda_2,wsk_ebitda_3,wsk_marza_ebitda_1,wsk_marza_ebitda_2,wsk_marza_ebitda_3,wsk_marza_ebit,wsk_ebitda_aktywa_1,wsk_ebitda_aktywa_2,wsk_ebitda_aktywa_3,wsk_zwrot_aktywa_mat,wsk_zysk_zobowiazania,wsk_zysk_op_zobowiazania,wsk_sprzedaz_kap_obrotowy,wsk_koszty_przychody,wsk_rent_kapitalu,wsk_stopa_zysku_sprzedaz,wsk_pokrycie_wyd_fin_gotowkowe_1,wsk_pokrycie_wyd_fin_gotowkowe_2,wsk_koszt_długu_1,wsk_koszt_długu_2,wsk_pokrycie_aktywow_tr_kapitalem_st,wsk_struktury_finansowania,wsk_pokrycie_zob_kr_gotowkowe_1,wsk_pokrycie_zob_kr_gotowkowe_2,wsk_zysk_operacyjny_zob_1,wsk_zysk_operacyjny_zob_2,wsk_zadluzenia_gotowki_1,wsk_zadluzenia_gotowki_2,wsk_koszty_fin_przychody,wsk_koszty_odsetki_przychody,wsk_zadluzenie_gotowka,wsk_udzial_kap_wlasnego_aktywa_1,wsk_udzial_kap_wlasnego_aktywa_2,wsk_ogolnego_zadluzenia_1,wsk_ogolnego_zadluzenia_2,wsk_pokrycie_aktywow_kap_stalym,wsk_zadluzenie_kap_wlasnego,wsk_ogolnego_zadluzenia_pozyczki,wsk_zadluzenia_pozyczki_dlugie,wsk_zadluzenia_dlugie,wsk_zadluzenia_krotkie,wsk_pokrycia_zobowiazan_rz_aktywami_trwalymi,wsk_ROE_brutto,wsk_ROA_operacyjny,wsk_efekt_dzwigni_fin_1,wsk_efekt_dzwigni_fin_2,wsk_pokrycia_odsetek_zyskiem,wsk_ebitda_koszty_odsetkowe_1,wsk_ebitda_koszty_odsetkowe_2,wsk_ebitda_koszty_odsetkowe_3,wsk_ebitda_koszty_finansowe_1,wsk_ebitda_koszty_finansowe_2,wsk_ebitda_koszty_finansowe_3,wsk_ebitda_zobowiazan_odsetki_1,wsk_ebitda_zobowiazan_odsetki_2,wsk_ebitda_zobowiazan_odsetki_3,wsk_ebitda_zobowiazan_odsetki_4,wsk_ebitda_zobowiazan_1,wsk_ebitda_zobowiazan_2,wsk_ebitda_zobowiazan_3,wsk_rotacja_aktywow_1,wsk_rotacja_aktywow_2,wsk_rotacja_rz_aktywow_trwalych,wsk_rotacja_wartosci_niewaterialnych,wsk_rotacja_zapasow,wsk_rotacja_naleznosci,wsk_rotacja_naleznosci_dostaw_uslug,wsk_cykl_operacyjny,wsk_poziom_kosztow_operacyjnych,wsk_poziom_kosztow_finansowych,wsk_obrotowsci_naleznosci,wsk_rotacja_zobowiazan,wsk_rotacja_zobowiazan_dostaw_uslug,wsk_cykl_konwersji_gotowki,wsk_plynnosc_biez_1,wsk_plynnosc_biez_2,wsk_plynnosc_biez_3,wsk_plynnosc_szybka_1,wsk_plynnosc_szybka_2,wsk_plynnosc_gotowkowa_1,wsk_poziom_kapitalu_obrotowego_netto,wsk_udzial_kapitalu_obrotowego_netto,wsk_udzial_zob_biez_sprzedaz_1,wsk_udzial_zob_biez_sprzedaz_2,wsk_udzial_zob_biez_aktywa_1,wsk_udzial_zob_biez_aktywa_2,wsk_udzial_zapasy_zobowiazania,wsk_udzial_zapasy_kap_obrotowy,wsk_udzial_kap_obrotowego_w_fin,wsk_zysk_ebitda_1,wsk_zysk_ebitda_2,wsk_zysk_ebitda_3,wsk_zysk_CF_operacyjny,wsk_obrotowosc_gotowkowa,wsk_struktura_majatku,wsk_struktury_kapitalu,wsk_zast_kapitalu_wlasnego,wsk_zast_kapitalu_podstawowego,wsk_zast_kapitalu_stalego,wsk_zast_kapitalu_obcego,wsk_sytuacji_fin,wsk_struktura_kap_wlasnego_1,wsk_struktura_kap_wlasnego_2,wsk_struktura_kap_wlasnego_s_1,wsk_struktura_kap_wlasnego_s_2,wsk_zadluzenia,wsk_zob_dlugoterminowe_aktywa_rzeczowe,wsk_zob_oprocentowanych,wsk_zob_oprocentowanych_aktywa_rzeczowe,wsk_struktura_kap_obcego_s,wsk_zob_s_aktywa_rzeczowe,wsk_fin_majatku_kapitalem,default
117,214,1623,1482,310238.84,8904.0,0.0,0.0,8904.0,8904.0,0.0,0.0,0.0,301334.84,0.0,264650.21,0.0,0.0,0.0,0.0,0.0,0.0,0.0,34222.69,34222.69,2461.94,3508.1,5000.0,24346.03,-25837.93,306730.74,0.0,0.0,0.0,0.0,0.0,0.0,0.0,0.0,0.0,0.0,306730.74,0.0,0.0,0.0,0.0,0.0,0.0,0.0,0.0,0.0,0.0,0.0,0.0,0.0,SFJMA,258901.08,0.0,306215.63,0.0,0.0,0.0113077395467311,657993.79,0.0,0.0,0.0,-22478.57,5047.76,0.0,2880.0,-20310.81,1595.03,0.0,0.0,1.15,1.15,-18716.93,7121.0,-25837.93,680472.36,2784.0,SFJMA,664636.5800000001,,,2784.0,683353.51,306730.74,0.0,-0.0281611493607529,-0.0284454508301666,-0.0341622828993568,-0.0339022041680494,-0.0392677414174379,-0.0832839950020442,-0.083280992476635,-0.0724556925238632,-7.365220489723782,-7.365220489723782,88.43500470340071,-2.2810882749326145,-5.167586,-0.0513569803187763,,-0.0392677414174379,-18715.78,-15931.78,-15931.78,-17526.809999999998,-0.0242126601225218,-0.0239706637874189,-0.0266367407510031,-0.0284437030933073,-0.0513532734972835,-0.0513532734972835,-0.0564945704412767,-0.0654683017767858,-0.0842365196263015,-0.0662170671253882,-121.94328842269208,1.038540971640477,-21.422841392315508,-0.0385409716404769,-13854.721739130437,,0.0115,0.0115,34.84263701707098,0.9999999999999998,-0.0519443535395246,,-0.0662170671253882,-0.0331085335626941,-0.0,,1.747736859340268e-06,1.747736859340268e-06,1.747736859340268e-06,0.0113077395467311,0.0945917345487753,0.9886922604532687,0.988692260453269,0.3939914645103324,87.43500470340071,0.0,0.0,0.0,87.43500470340071,89.04,-5.335346768906246,-0.0603270048327926,88.44043863430869,1.2721270101980178,-22466.765217391305,-13853.721739130437,-13853.721739130437,-15240.704347826086,-13853.721739130437,-13853.721739130437,-15240.704347826086,-13853.721739130437,-13853.721739130437,-175.26809999999998,-175.26809999999998,-0.0519406043228663,-0.0519406043228663,-0.0571407026240669,2.3838959785505303,2.120926541628379,73.89867362982929,6579.937900000001,0.0,146.40362554181553,143.22322573895414,146.40362554181553,1.038540971640477,1.747736859340268e-06,2.486277226078906,169.68243630384413,169.39747914642174,316.08606184565963,0.9824083494207332,0.9824083494207332,0.9824083494207332,0.9743819611950209,1.0939807663229322,0.1115724169021989,-5395.899999999965,-0.0173927287763194,0.4661605392962751,0.0082005333211426,0.9886922604532687,0.8783814753819992,0.0,-0.0,-0.0203887992380582,1.6217855129809728,1.6217855129809728,1.4741946766125726,,19.226828457961663,0.0295485248237475,0.0114370669206483,0.3939914645103324,0.5615453728661276,0.3939914645103324,1.0179066582543193,0.387060504335453,0.0113077395467311,0.0113077395467311,0.0113077395467311,0.0127097635410101,87.43500470340071,0.0,0.0,0.0,0.9886922604532687,0.8783814753819992,-0.0179066582543193,1
117,215,6920,3048,413255.71,1383.4,0.0,0.0,1383.4,0.0,0.0,0.0,0.0,411872.31,2135.56,179291.63,0.0,0.0,0.0,0.0,179237.64,0.0,0.0,227554.46,227554.46,2890.66,228476.69,5000.0,103093.14,115274.99,184779.02,0.0,0.0,0.0,0.0,0.0,0.0,0.0,0.0,0.0,0.0,179325.14,0.0,0.0,0.0,0.0,20040.0,0.0,146552.87,0.0,5453.88,0.0,5453.88,0.0,5453.88,SFJIN,0.0,0.0,0.0,0.0,0.0,0.5528700135806955,1300664.91,0.0,0.0,0.0,108724.97,14505.81,0.0,1.35,123229.43,3263.56,0.0,0.0,0.0,0.0,126492.99,11218.0,115274.99,1191939.94,5407.73,SFJIN,1318434.28,,,5407.73,1191941.29,184779.02,-2.9103830456733704e-11,0.095941824267494,0.0972525583088114,0.0835918376547884,0.0826698529298158,0.0886277388693449,0.2789434899762184,0.2789434899762184,0.2630936908288575,0.5045372024603473,0.5045372024603473,1.808743421484266,1232.2943,23.054998,0.3191745856336745,,0.0886277388693449,126492.99,131900.72,131900.72,128637.16,0.1014102240983805,0.1000434545740118,0.0989010766808493,0.0972525583088114,0.3191745856336745,0.3191745856336745,0.3112773928761927,0.2981917176655587,0.6238532383167742,0.6669016320142838,5.727447561308395,0.9164092002758806,1410.3476464656162,0.0835907997241194,1319.0072,,0.0,0.0,298.7246711001879,1.0,0.7138295245856374,,0.6669016320142838,0.3334508160071419,0.151932453439223,,0.0,0.0,0.0,0.5528700135806955,0.2739265236044772,0.4471299864193043,0.4471299864193044,165.15591296804973,0.808743421484266,0.0877113547119401,0.0,0.0,0.8087434214842661,-47533262058291.2,0.5536363031169613,0.3060889104230405,1.808743421484266,0.9354501599171564,1152.7499,1319.0072,1319.0072,1286.3716,1319.0072,1319.0072,1286.3716,1319.0072,1319.0072,6.41901996007984,6.41901996007984,0.7138295245856375,0.7138295245856375,0.6961675627460303,7.004071916586451,3.147361012870215,940.1943834032094,13006.6491,0.5992930185223495,50.31383905790155,50.29868807639318,50.91313207642391,0.9164092002758806,0.0,7.254465308837896,51.8537417143052,41.12650163676669,102.76687379072912,2.228999320377389,2.228999320377389,2.1650950492790675,2.201798072097146,3.460494432755407,1.2314951123780176,227093.29,0.5495224494296763,0.1420650457926169,-0.1745978447285089,0.4471299864193044,-0.1035084064537183,0.0115573726930687,0.0094038885957396,1.251704829910004,0.8739526971497957,0.8739526971497957,0.896125116568183,,5.715840111417724,0.0033588079761904,1.236486101073596,165.15591296804973,3.614283648980772,165.1559129680497,0.4486318101840835,368.1324177620901,0.5528700135806955,0.5528700135806955,0.5528700135806955,1.2303454607871511,0.808743421484266,-7.042571887689996e-17,0.0484929778707715,0.0484929778707715,0.4471299864193043,-0.1035084064537184,0.5513681898159165,0
117,214,1392,5600,1375393.84,0.0,0.0,0.0,0.0,0.0,0.0,0.0,0.0,1375393.84,33559.76,301484.76,0.0,0.0,0.0,0.0,247993.23,0.0,0.0,1015375.23,1015375.23,24974.09,936469.08,355000.0,429439.84,62016.16,438924.76,0.0,0.0,0.0,0.0,0.0,0.0,0.0,0.0,0.0,0.0,438924.76,0.0,0.0,0.0,0.0,71000.0,0.0,65821.7,0.0,0.0,0.0,0.0,0.0,0.0,SFJIN,0.0,0.0,0.0,0.0,0.0,0.680873399869233,456999.99,0.0,0.0,0.0,62473.02,19784.9,0.0,19785.8,62472.12,0.0,0.0,0.0,455.96,455.96,62016.16,0.0,62016.16,394526.97,0.0,SFJIN,476784.89,,,0.0,414768.73,438924.76,0.0,0.130071571689279,0.1357027600810232,0.1367024537571652,0.1310297815855699,0.1357027600810232,0.0450897468029957,0.0453582717805396,0.0454219134789785,0.0662233930884295,0.0662233930884295,1.4687018176830784,624.7212000000001,0.1746934084507042,0.0450897468029957,,0.1357027600810232,62472.12,62472.12,62472.12,62472.12,0.1367004843916955,0.1310278939418571,0.1367004843916955,0.1367004843916955,0.0454212591209511,0.0454212591209511,0.0454212591209511,0.0454212591209511,0.1412910950842691,0.1423299063830438,0.488003287839466,0.9075902386781234,-5.791690381548205,0.0924097613218766,136.01228177910343,,0.0064219718309859,0.0064219718309859,13753.9384,0.9999999999999998,0.1412910950842691,,0.1423299063830438,0.0711649531915219,1.1448628873506517,,0.0009977243106723,0.0009977243106723,0.0009977243106723,0.680873399869233,0.6357836530662373,0.3191266001307669,0.319126600130767,9364.6908,0.4687018176830783,0.0758167050213766,0.0,0.0,0.4687018176830783,0.0,0.0662233930884295,0.0454212591209511,1.4579823274402184,0.9927013842334788,137.01228177910343,137.01228177910343,137.01228177910343,137.01228177910343,137.01228177910343,137.01228177910343,137.01228177910343,137.01228177910343,137.01228177910343,0.879889014084507,0.879889014084507,0.1423299063830438,0.1423299063830438,0.1423299063830438,1.2693787968349743,0.3322684577386212,4569.9999,4569.9999,26.80374763246713,240.79199082695823,198.0689954719693,267.5957384594254,0.9075902386781234,0.0009977243106723,1.515831148479943,350.56354683946495,52.57094316347797,618.1592852988904,3.133552638953428,3.133552638953428,3.133552638953428,3.00019527264764,5.446876749445623,2.3133241104921947,936469.08,0.6808733998692331,0.9604480735327806,-2.0491665218636004,0.3191266001307669,-0.4191166582511377,0.0764590268272858,0.0358364848522281,2.795058638774334,0.9927013842334788,0.9927013842334788,0.9927013842334788,,0.4500799078976941,0.0,2.133552638953428,9364.6908,3550.0,9364.6908,0.3191266001307669,0.0213355263895342,0.680873399869233,0.680873399869233,0.680873399869233,2.601168534037725,0.4687018176830783,0.0,0.0516215777147874,0.0516215777147874,0.3191266001307669,-0.4191166582511377,0.680873399869233,0
117,0,3511,1356,4601.5,0.0,0.0,0.0,0.0,0.0,0.0,0.0,0.0,4601.5,0.0,0.0,0.0,0.0,0.0,0.0,0.0,0.0,0.0,4601.5,4601.5,0.0,4601.5,5000.0,0.0,0.0,0.0,0.0,0.0,0.0,0.0,0.0,0.0,0.0,0.0,0.0,0.0,0.0,0.0,0.0,0.0,0.0,0.0,0.0,0.0,0.0,0.0,0.0,0.0,0.0,0.0,SFJIN,0.0,0.0,0.0,0.0,0.0,1.0,0.0,0.0,0.0,0.0,0.0,0.0,0.0,0.0,0.0,0.0,0.0,0.0,0.0,0.0,0.0,0.0,0.0,0.0,0.0,SFJIN,0.0,,,0.0,0.0,0.0,0.0,0.0,0.0,0.0,0.0,0.0,0.0,0.0,0.0,0.0,0.0,1.0,0.0,0.0,0.0,,0.0,0.0,0.0,0.0,0.0,0.0,0.0,0.0,0.0,0.0,0.0,0.0,0.0,0.0,0.0,0.0,0.0,0.0,0.0,0.0,,0.0,0.0,46.015,1.0,0.0,,0.0,0.0,0.0,,0.0,0.0,0.0,1.0,1.0,0.0,0.0,46.015,0.0,0.0,0.0,0.0,0.0,0.0,0.0,0.0,0.0,0.0,0.0,0.0,0.0,0.0,0.0,0.0,0.0,0.0,0.0,0.0,0.0,0.0,0.0,0.0,0.0,0.0,0.0,0.0,0.0,0.0,0.0,0.0,0.0,0.0,0.0,0.0,0.0,0.0,inf,46.015,46.015,46.015,92.03,46.015,4601.5,1.0,0.0,-46.015,0.0,-1.0,0.0,0.0,46.015,0.0,0.0,0.0,,0.0,0.0,46.015,46.015,50.0,46.015,0.0,0.46015,1.0,1.0,1.0,inf,0.0,0.0,0.0,0.0,0.0,-1.0,1.0,0
117,214,6419,2144,22150.01,7210.79,0.0,0.0,0.0,0.0,0.0,0.0,0.0,14939.22,400.58,7799.88,0.0,0.0,0.0,0.0,0.0,0.0,0.0,0.0,0.0,0.0,24950.59,5000.0,0.0,0.0,-2800.58,0.0,0.0,0.0,0.0,0.0,0.0,0.0,0.0,-28357.6,0.0,0.0,0.0,0.0,0.0,0.0,0.0,0.0,0.0,0.0,0.0,0.0,0.0,0.0,0.0,SFJMI,0.0,0.0,0.0,0.0,-28357.6,1.1264369632338769,200.0,0.0,0.0,0.0,-3040.29,0.3,0.0,4.24,-3035.75,0.0,0.0,0.0,0.0,0.0,0.0,0.0,0.0,3240.29,0.0,SFJMI,200.3,,,0.0,3244.53,0.0,-2800.58,0.0,0.0,-15.20145,-15.178681977034447,0.0,0.0,0.0,-0.1372590802442075,0.0,0.0,0.8877549589007714,-30.3575,0.0,0.0,,0.0,0.0,0.0,0.0,-3035.75,0.0,0.0,-15.17875,0.0,0.0,0.0,-0.1370541141967881,-0.1370541141967881,0.0,-30.3575,0.0133875798067101,16.222649999999998,0.008015842511139,-15.222649999999998,0.0,,-0.0,-0.0,2.683399461085401,0.8735630367661235,0.0,,-30.3575,1.083971891536753,-283.576,,0.0,0.0,0.0,1.1264369632338769,1.1264369632338769,-0.1264369632338766,-0.1264369632338767,3.460174266619885,-0.1122450410992285,-1.1365502779693786,-1.1365502779693786,0.0,0.0,-0.0,0.0,0.0,0.0,-0.0,0.0,0.0,0.0,-30.3575,0.0,0.0,-30.3575,0.0,0.0,0.1070524303890315,0.1070524303890315,-0.0,-0.0,1.083971891536753,0.0090293412960084,0.0090293412960084,2.0,2.0,731.0585,14234.781,0.0,14965.8395,16.222649999999998,0.0,0.0256414201244121,0.0,0.0,14965.8395,inf,149.3922,149.3922,145.38639999999998,149.3922,0.0,14939.22,0.6744565803807764,0.0,-74.6961,0.0,0.0,4.0058,0.0268139835948597,1.8217539016103967,0.0,0.0,-0.0,,2.0,0.4826751329721364,-8.909079547807954,3.460174266619885,0.6934052995580234,3.0717868638526435,-0.1874649412753812,-18.457713976166765,1.1264369632338769,1.1264369632338769,1.1264369632338769,1.1264369632338769,-0.1122450410992285,-0.1264369632338766,-1.2802522436784454,-1.2802522436784454,-0.1264369632338766,-0.1264369632338766,1.1874649412753813,0
117,214,4619,2388,54056.02,0.0,0.0,0.0,0.0,0.0,0.0,0.0,0.0,54056.02,8000.0,41038.7,0.0,0.0,0.0,0.0,0.0,0.0,0.0,0.0,0.0,0.0,49668.03,25000.0,0.0,0.0,4387.99,0.0,0.0,0.0,0.0,0.0,0.0,0.0,0.0,0.0,0.0,0.0,0.0,0.0,0.0,0.0,0.0,0.0,0.0,0.0,0.0,0.0,0.0,0.0,0.0,SFJMI,0.0,0.0,0.0,0.0,0.0,0.9188251373297552,60000.0,0.0,0.0,0.0,113922.5,0.4,0.0,0.35,113922.55,0.0,0.0,0.0,0.0,0.0,0.0,1034.0,0.0,53922.5,4599.98,SFJMI,60000.4,,,4599.98,53922.85,0.0,4387.99,0.0,0.0,1.8987083333333328,1.898695675362164,0.0,0.0,0.0,2.107489600603226,0.0,0.0,1.0883463668681843,1139.2254999999998,0.0,0.1042248393425931,,0.0,0.0,4599.98,4599.98,118522.52999999998,0.0766663333333333,0.0766658222278518,1.9753755,0.0,0.0850965350390206,0.0850965350390206,2.1925870606086053,2.107490525569585,0.0,1139.2254999999998,1.1099596307682291,0.8987141666666666,1.2080205315169537,0.1012858333333333,56.3398,,0.0,0.0,584.4400999999999,1.0811748626702449,56.3398,,1139.2254999999998,25.962354061882547,0.0,,0.0,0.0,0.0,0.9188251373297552,0.9188251373297552,0.0811748626702446,0.0811748626702446,496.6803,0.0883463668681846,0.0,0.0,0.0,0.0,0.0,0.0,0.0,0.0,0.0,0.0,45.99979999999999,45.99979999999999,1185.2252999999998,45.99979999999999,45.99979999999999,1185.2252999999998,45.99979999999999,45.99979999999999,1185.2252999999998,1185.2252999999998,1.0483114136540876,1.0483114136540876,27.01066547553664,1.1099596307682291,1.1099596307682291,600.0,600.0,48.53333333333333,248.9681133333333,0.0,297.50144666666665,0.8987141666666666,0.0,1.4620346161062607,0.0,0.0,297.50144666666665,inf,540.5602,540.5602,460.5602,540.5602,0.0,54056.02,1.0,0.0,-0.9009336666666666,0.0,0.0,80.0,0.1479946174357638,1.10231347894622,0.0,0.0,0.0,,600.0,0.0,11.319084592262062,496.6803,250.0,540.5602,0.0811748626702446,0.1131908459226206,0.9188251373297552,0.9188251373297552,0.9188251373297552,0.9188251373297552,0.0883463668681846,0.0811748626702446,0.0,0.0,0.0811748626702446,0.0811748626702446,0.9188251373297552,0
117,227,3320,7973,821302.59,2845.8,0.0,0.0,0.0,0.0,0.0,0.0,0.0,818456.79,38486.2,773655.68,0.0,0.0,0.0,0.0,0.0,0.0,0.0,0.0,0.0,0.0,730801.29,69000.0,0.0,0.0,90501.3,0.0,0.0,0.0,0.0,0.0,0.0,0.0,0.0,0.0,0.0,0.0,0.0,0.0,0.0,0.0,0.0,0.0,0.0,0.0,0.0,0.0,0.0,0.0,0.0,SFJMI,0.0,0.0,0.0,0.0,0.0,0.8898076042838244,679890.44,0.0,0.0,0.0,1384975.71,64148.92,0.0,33140.07,1415984.5599999998,0.0,0.0,0.0,0.0,0.0,0.0,736.0,0.0,705085.27,3297.72,SFJMI,744039.36,,,3297.72,738225.34,0.0,90501.3,0.0,0.0,2.037057191155681,1.8614280163888104,0.0,0.0,0.0,1.686316014174508,0.0,0.0,1.1238384513524873,14159.8456,0.0,0.0049113689024163,,0.0,0.0,3297.72,3297.72,1419282.2799999998,0.00485036971545,0.0044321848779612,2.087516159221183,0.0,0.0040152314629861,0.0040152314629861,1.7280869405269983,1.7240717090640123,0.0,14159.8456,0.8306980262207855,1.085800441612328,0.9303355772675224,-0.085800441612328,40.3372,,0.0,0.0,320.4033628505166,1.110192395716176,40.3372,,14159.8456,15.646013482679251,0.0,,0.0,0.0,0.0,0.8898076042838244,0.8898076042838244,0.1101923957161757,0.1101923957161756,256.7999472907442,0.1238384513524873,0.0,0.0,0.0,0.0,0.0,0.0,0.0,0.0,0.0,0.0,32.9772,32.9772,14192.822799999998,32.9772,32.9772,14192.822799999998,32.9772,32.9772,14192.822799999998,14192.822799999998,0.0364383716035018,0.0364383716035018,15.682451854282752,0.8278196711884227,0.8278196711884227,6798.904399999999,6798.904399999999,20.661362733678093,415.3379818077749,0.0,435.99934454145296,1.085800441612328,0.0,0.8788023633459265,0.0,0.0,435.99934454145296,inf,8184.5679,8184.5679,7799.705900000001,8184.5679,0.0,818456.79,0.9965350164060728,0.0,-1.203806881002769,0.0,0.0,384.862,0.0470228855942413,1.007775624131094,0.0,0.0,0.0,,6798.904399999999,0.0034770314508601,8.075036380692874,256.7999472907442,24.24625764284208,288.6016550706304,0.1105755381417264,2322.393827842824,0.8898076042838244,0.8898076042838244,0.8898076042838244,0.8898076042838244,0.1238384513524873,0.1101923957161757,0.0,0.0,0.1101923957161757,0.1101923957161757,0.8894244618582735,0
117,0,6920,2196,126579.07,2538.42,0.0,0.0,0.0,0.0,0.0,0.0,0.0,124040.65,636.0,30403.36,0.0,0.0,0.0,0.0,0.0,0.0,0.0,0.0,0.0,0.0,108759.73,42900.0,0.0,0.0,17819.34,0.0,0.0,0.0,0.0,0.0,0.0,0.0,0.0,0.0,0.0,0.0,0.0,0.0,0.0,0.0,0.0,0.0,0.0,0.0,0.0,0.0,0.0,0.0,0.0,SFJMI,0.0,0.0,0.0,0.0,0.0,0.8592236457417486,498764.1,0.0,0.0,0.0,985368.27,56418.37,0.0,1435.87,1040350.77,0.0,0.0,0.0,0.0,0.0,0.0,5639.0,0.0,486604.17,3016.87,SFJMI,555182.47,,,3016.87,488040.04,0.0,17819.34,0.0,0.0,1.975619877212494,1.774854796838236,0.0,0.0,0.0,7.784606649424743,0.0,0.0,1.1638413409080737,10403.5077,0.0,0.0683831063065955,,0.0,0.0,3016.87,3016.87,1043367.64,0.0060486911547964,0.0054340152346669,2.091906053382752,0.0,0.0238338771172832,0.0238338771172832,8.242813286588374,8.21897940947109,0.0,10403.5077,4.020972963298725,0.9784987331686462,4.58592624310487,0.0215012668313537,86.55869999999999,,0.0,0.0,56.8851529691698,1.1407763542582514,86.55869999999999,,10403.5077,58.3832380997276,0.0,,0.0,0.0,0.0,0.8592236457417486,0.8592236457417486,0.1407763542582513,0.1407763542582514,42.84544322846495,0.1638413409080732,0.0,0.0,0.0,0.0,0.0,0.0,0.0,0.0,0.0,0.0,30.1687,30.1687,10433.6764,30.1687,30.1687,10433.6764,30.1687,30.1687,10433.6764,10433.6764,0.1693031279497444,0.1693031279497444,58.55254122767735,3.9403362657033263,3.9403362657033263,4987.641,4987.641,0.465430450988754,22.24944898800856,0.0,22.714879438997315,0.9784987331686462,0.0,16.40490064256056,0.0,0.0,22.714879438997315,inf,1240.4065,1240.4065,1234.0465,1240.4065,0.0,124040.65,0.979945973690595,0.0,-0.248696026839141,0.0,0.0,6.36,0.0051273513964978,3.9962373579867614,0.0,0.0,0.0,,4987.641,0.020464420333173,6.103465672690459,42.84544322846495,16.900276549979907,49.86529809881737,0.1436572607447639,298.2476695319182,0.8592236457417486,0.8592236457417486,0.8592236457417486,0.8592236457417486,0.1638413409080732,0.1407763542582513,0.0,0.0,0.1407763542582513,0.1407763542582513,0.8563427392552361,0
117,214,4322,1769,308834.86,0.0,0.0,0.0,0.0,0.0,0.0,0.0,0.0,308834.86,0.0,264217.81,0.0,0.0,0.0,0.0,68762.57,0.0,0.0,34042.28,34042.28,10574.77,176824.69,5000.0,39988.99,131835.7,132010.17,0.0,0.0,0.0,0.0,0.0,0.0,0.0,0.0,0.0,0.0,132010.17,0.0,0.0,0.0,0.0,0.0,0.0,100076.64,0.0,0.0,0.0,0.0,0.0,0.0,SFJIN,0.0,0.0,0.0,0.0,0.0,0.5725541799264501,1551679.15,0.0,0.0,0.0,115613.03,36105.82,35705.82,0.0,151718.85,0.0,0.0,0.0,6362.15,6362.15,145356.7,13521.0,131835.7,1436066.12,700.0,SFJIN,1587784.97,,,700.0,1442428.27,132010.17,0.0,0.0915468421394617,0.0936770336831554,0.0745083350510961,0.0728140347618985,0.084963247717803,0.426880890324363,0.4435672886797819,0.374352267098345,0.7455729174472185,0.7455729174472185,1.7465596009245088,1517.1885,26.367140000000003,0.4729281532531658,,0.084963247717803,151718.85,152418.85,188124.67,152418.85,0.098228328968653,0.1184824605059714,0.098228328968653,0.0977772047784492,0.4935286450499792,0.6091432489195036,0.4935286450499792,0.491262061543182,0.9986783594021582,1.1492966791876715,8.77524032418776,0.9295918360441976,10.867439133433871,0.0704081639558022,22.957129272337184,,63.6215,63.6215,3088.3486,1.0,1.1064049080460998,,1.1492966791876715,0.5746483395938358,0.0,,0.0041001710952937,0.0041001710952937,0.0041001710952937,0.5725541799264501,0.145673289602087,0.42744582007355,0.42744582007355,1768.2469,0.746559600924509,0.0,0.0,0.0,0.746559600924509,0.0,0.8220384834267206,0.491262061543182,1.673319695896084,0.8689473984280793,21.721878610218248,23.957129272337184,29.5693546992762,23.957129272337184,23.957129272337184,29.5693546992762,23.957129272337184,23.957129272337184,29.5693546992762,1524.1885,1524.1885,1.1545993009477982,1.4250770982265988,1.1545993009477982,5.646728707157959,5.024300527472838,15516.7915,15516.7915,0.0,62.15170233485447,16.17495346895652,62.15170233485447,0.9295918360441976,0.0041001710952937,5.872727315391797,31.05262582796193,23.54093215726976,93.2043281628164,2.339477784173749,2.339477784173749,2.339477784173749,2.2593720620161304,2.5973539765913487,0.2578761924175993,176824.68999999997,0.57255417992645,0.0850756871998957,-0.1139569929775752,0.42744582007355,0.3172177195281647,0.0,0.0,0.6692383454393176,0.8649566638247173,0.700789003377388,0.8649566638247173,,45.580940818300064,0.0,1.3394777841737495,1768.2469,50.0,1768.2469,0.42744582007355,0.0133947778417374,0.5725541799264501,0.5725541799264501,0.5725541799264501,0.6434842236278725,0.746559600924509,0.0,0.0,0.0,0.42744582007355,0.3172177195281647,0.5725541799264501,0
117,214,2211,6315,1619755.09,1380749.51,0.0,0.0,1380749.51,1364052.21,0.0,0.0,0.0,239005.58,52141.17,164854.26,0.0,0.0,0.0,0.0,0.0,0.0,0.0,540.58,540.58,21469.57,1343532.61,50000.0,1160759.61,-81727.0,276222.48,0.0,0.0,0.0,0.0,0.0,0.0,0.0,0.0,0.0,0.0,276222.48,0.0,0.0,0.0,0.0,73639.26,0.0,0.0,0.0,0.0,0.0,0.0,0.0,0.0,SFJMA,163642.83,0.0,136797.82,0.0,0.0,0.8294665152124943,1380386.71,0.0,0.0,0.0,-76289.99,12004.25,0.0,2271.97,-66557.71,0.0,0.0,0.0,15169.29,13223.88,-81727.0,0.0,-81727.0,1456676.7,66156.66,SFJMA,1392390.96,,,66156.66,1474117.96,276222.48,0.0,-0.058695439964649,-0.0592058728238552,-0.0552671142422111,-0.054790638686709,-0.0592058728238552,-0.0504563933798164,-0.0438434536421182,-0.047099706906925,-0.0608299340051001,-0.0608299340051001,1.205594176087769,-0.0487941073751128,-1.63454,-0.0096127742373694,,-0.0592058728238552,-66557.70999999999,-401.0499999999884,-401.0499999999884,-401.0500000000029,-0.0002905345270963,-0.0002880297355564,-0.0002905345270963,-0.048216713126715,-0.0002475991601915,-0.0002475991601915,-0.0002475991601915,-0.0410912183026385,-0.2958738188144571,-0.2409568909815016,-37.09031945164697,1.0679021677918068,1.0278443052264428,-0.0679021677918066,-1.0264382841912836,,0.1795764922135285,0.1795764922135285,1.1730984355011649,1.0,-0.0563688371779154,,-0.2409568909815016,-0.1204784454907508,-4.7294574171148485,,0.0109891596971402,0.0095798372327128,0.0095798372327128,0.8294665152124943,0.8799229085923107,0.1705334847875057,0.1705334847875057,0.9730458712963802,0.205594176087769,0.0548101768813784,0.0,0.0,0.205594176087769,13807.4951,-0.0608299340051001,-0.0422922702468556,1.4383227395938334,1.2279118377119644,-5.18025874402974,-0.0303277101728077,-0.0303277101728077,-0.0303277101728088,-0.026438284191283,-0.026438284191283,-0.026438284191284,-0.0303277101728077,-0.0303277101728077,-0.0054461438097015,-0.0054461438097015,-0.0014519093449598,-0.0014519093449598,-0.0014519093449599,0.8525039156177028,0.8522193994155005,0.999737244158066,13803.8671,13.749325274219714,43.471115887518216,43.1516687957681,57.22044116173793,1.0679021677918068,0.0109891596971402,8.373376035293234,72.83827205203968,36.0727947605349,130.05871321377762,0.8652647677336037,0.8652647677336037,0.8652647677336037,0.598774002753143,0.8672218133730463,0.0019570456394425,-37216.9,-0.0229768686820425,0.200105143000109,0.0269612129198201,0.1705334847875057,0.1701997429747234,0.1887651215064031,-1.4010078754544308,-0.1715100635990352,203.7825707517825,203.7825707517825,203.7825707517751,,2553.5290058825703,5.777059723877577,4.863951007897692,0.9730458712963802,0.0362122163635603,0.9730458712963802,1.1557156113258946,0.8419423098214045,0.8294665152124943,0.8294665152124943,0.8294665152124943,0.8297434352907325,0.205594176087769,0.0,0.0454632064159773,0.0454632064159773,0.1705334847875057,0.1701997429747234,-0.1557156113258941,0
117,226,4637,3485,240395.47,0.0,0.0,0.0,0.0,0.0,0.0,0.0,0.0,240395.47,0.0,239345.51,0.0,0.0,0.0,0.0,0.0,0.0,0.0,0.0,0.0,0.0,240053.57,5000.0,0.0,0.0,341.9,0.0,0.0,0.0,0.0,0.0,0.0,0.0,0.0,0.0,0.0,0.0,0.0,0.0,0.0,0.0,0.0,0.0,0.0,0.0,0.0,0.0,0.0,0.0,0.0,SFJMI,0.0,0.0,0.0,0.0,0.0,0.9985777602215216,0.0,0.0,0.0,0.0,9428.8,0.0,0.0,0.0,9428.8,0.0,0.0,0.0,0.0,0.0,0.0,0.0,0.0,9428.8,0.0,SFJMI,0.0,,,0.0,9428.8,0.0,341.9,0.0,0.0,94.288,94.288,0.0,0.0,0.0,0.0392220369210784,0.0,0.0,1.0014242654254215,94.288,0.0,0.0,,0.0,0.0,0.0,0.0,9428.8,0.0,0.0,94.288,0.0,0.0,0.0,0.0392220369210784,0.0392220369210784,0.0,94.288,0.0,94.288,0.0,-94.288,0.0,,0.0,0.0,2407.3737,1.0014222397784784,0.0,,94.288,27.57765428487862,0.0,,0.0,0.0,0.0,0.9985777602215216,0.9985777602215216,0.0014222397784783,0.0014222397784783,2400.5357,0.0014242654254215,0.0,0.0,0.0,0.0,0.0,0.0,0.0,0.0,0.0,0.0,0.0,0.0,94.288,0.0,0.0,94.288,0.0,0.0,94.288,94.288,0.0,0.0,27.57765428487862,0.0,0.0,0.0,0.0,0.0,871217.6564000001,0.0,871217.6564000001,94.288,0.0,0.0,0.0,0.0,871217.6564000001,inf,2403.9547,2403.9547,2403.9547,2403.9547,0.0,240395.47,1.0,0.0,-2403.9547,0.0,0.0,0.0,0.0,1.0043867963096529,0.0,0.0,0.0,,0.0,0.0,702.1163205615678,2400.5357,50.0,2403.9547,0.0014222397784783,7.021163205615678,0.9985777602215216,0.9985777602215216,0.9985777602215216,0.9985777602215216,0.0014242654254215,0.0014222397784783,0.0,0.0,0.0014222397784783,0.0014222397784783,0.9985777602215216,0
117,112,7022,1570,4556902.38,274238.53,0.0,0.0,205723.83,205723.83,0.0,0.0,68514.7,4282663.85,0.0,1159734.51,0.0,0.0,0.0,0.0,1144379.77,0.0,0.0,3098576.01,3098576.01,24353.33,3916364.02,1000000.0,1326301.89,1590062.13,640538.36,363348.63,3438.0,349920.63,0.0,349920.63,0.0,9990.0,59770.06,0.0,0.0,217419.67,6416.0,0.0,0.0,0.0,0.0,52100.48,57421.99,0.0,0.0,0.0,0.0,0.0,0.0,SFJIN,0.0,0.0,0.0,0.0,0.0,0.8594355756201212,5680007.51,0.0,0.0,0.0,1911771.48,5382.48,0.0,3565.99,1913587.97,14127.29,0.0,14127.29,6824.74,6824.74,1920890.52,330828.39,1590062.13,3768236.03,69784.37,SFJIN,5699517.28,1995200.83,69784.37,69784.37,3778626.76,580768.3,59770.05999999994,0.3370268788798198,0.3381845035623905,0.3365790408963737,0.3362603943375219,0.2799401457129411,0.3489348679003301,0.3476368226479321,0.4195331215324389,0.4060046823737288,0.4060046823737288,1.1635543470241565,9.301732181439554,1.59006213,0.4368482631396638,0.4378414685284524,0.2799401457129411,1927715.26,1997499.63,1997499.63,1983372.34,0.3516720050956411,0.3504682119325024,0.3491848094405072,0.3393860407061328,0.438345934020206,0.438345934020206,0.4352457381367032,0.419931745388849,2.7378597110069536,3.294924964051929,1.5343511002086485,0.6652503105581281,6.945574452723998,0.3347496894418719,291.68508836966686,292.3482550250999,0.1309918833761224,68.2474,16.8345142456824,1.0131163792892135,3.427657621808904,3.4354506435699053,3.294924964051929,1.5668365961420367,0.0261722696467025,0.0261129001234427,0.0012015371437422,0.0012015371437422,0.0012015371437422,0.8594355756201212,0.5105007077197911,0.1405644243798788,0.1405644243798788,14.280867170634265,0.1635543470241563,0.0,0.0,0.015261620139182,0.1482927268849743,3.4419210889197736,0.490478032734046,0.4230319412723518,1.1594349855919552,0.8309323401526191,233.98501188323652,292.6850883696668,292.6850883696668,290.61507691135483,292.6850883696668,292.6850883696668,290.61507691135483,292.6850883696668,292.6850883696668,38.06821626211504,19833.7234,3.118469953930628,3.118469953930628,3.09641461598022,3.8948808900712666,1.2464624072109265,27.60986663528479,56800.0751,0.0,74.32091610738028,73.33691646474601,74.32091610738028,0.6652503105581281,0.0012015371437422,4.89767913347685,37.21820100199128,4.09102071063987,111.53911710937156,7.374135003580601,7.374135003580601,7.374135003580601,7.332202050284079,12.709439995261448,5.335304991680847,3701895.55,0.8123710453503286,0.1022478049505255,-0.6517413125744265,0.1274480450906653,-0.5525261460615271,0.0,0.0,3.1920198270205824,0.7960262450711943,0.7960262450711943,0.8016962311776517,0.7969433984247088,1.833102525698571,0.0640345681111535,6.114175613151413,14.280867170634265,3.6464606195198015,14.4988163406506,0.1495654065868373,95.48242134682948,0.8594355756201212,0.8594355756201212,0.8594355756201212,2.685519579543775,0.1635543470241563,0.0131163792892135,0.0114333105375849,0.0114333105375849,0.1405644243798788,-0.5394097667723134,0.8504345934131629,1
117,214,4791,1348,117199.08,0.0,0.0,0.0,0.0,0.0,0.0,0.0,0.0,117199.08,22066.88,1144.53,0.0,0.0,0.0,0.0,1144.53,0.0,0.0,93987.67,93987.67,0.0,111730.89,20000.0,54865.97,36864.92,5468.19,0.0,0.0,0.0,0.0,0.0,0.0,0.0,0.0,0.0,0.0,5468.19,0.0,0.0,0.0,0.0,0.0,0.0,1870.19,0.0,0.0,0.0,0.0,0.0,0.0,SFJIN,0.0,0.0,0.0,0.0,0.0,0.9533427224855348,283501.15,0.0,0.0,0.0,40406.98,273.91,0.0,99.22,40581.67,0.85,0.0,0.0,11.6,11.6,40570.92,3706.0,36864.92,243094.17,0.0,SFJIN,283775.91,,,0.0,243204.99,5468.19,0.0,0.1429681610394624,0.1431067210838474,0.1425284518246222,0.1423908781835867,0.1300344637049973,0.3145495681365416,0.3146297394143367,0.3447721603275384,0.329943849905787,0.329943849905787,1.0489407181845594,405.8167,1.843246,0.3461709767687596,,0.1300344637049973,40582.52,40582.52,40582.52,40581.67,0.1431476380254542,0.1430090383641092,0.1431446398012847,0.1431476380254542,0.3462699536549262,0.3462699536549262,0.3462627010382675,0.3462627010382675,6.741704293376785,7.42140818076914,2.537356947572869,0.8578624460606245,15.977998920150908,0.1421375539393755,3497.493103448276,,0.1159999999999999,0.1159999999999999,1171.9908,1.0,7.419442265173668,,7.42140818076914,3.71070409038457,0.0,,4.091694160676244e-05,4.091694160676244e-05,4.091694160676244e-05,0.9533427224855348,0.6387931543489932,0.0466572775144651,0.0466572775144651,1117.3089,0.0489407181845593,0.0,0.0,0.0,0.0489407181845593,0.0,0.3631128329864731,0.3462699536549262,1.0486408917486718,0.9084130840352308,3179.010344827586,3498.493103448276,3498.493103448276,3498.419827586207,3498.493103448276,3498.493103448276,3498.419827586207,3498.493103448276,3498.493103448276,405.8167,405.8167,7.421563625258083,7.421563625258083,7.42140818076914,12.213870247434343,2.4189707803167058,2835.0115,2835.0115,28.332669267831893,1.4695140390083072,1.4695140390083072,29.8021833068402,0.8578624460606245,4.091694160676244e-05,247.70093400784603,7.020857446257272,2.40122186453212,36.82304075309747,21.43288364157061,21.43288364157061,21.43288364157061,17.397383777813136,38.62096050064098,17.18807685907037,111730.89,0.9533427224855348,0.0192880699073001,-0.3941108880863446,0.0466572775144651,-0.7552915944391372,4.035499863757478,0.1975002615659823,4.813619250187731,0.9083940573429152,0.9083940573429152,0.9084130840352308,,3.0163653381342472,0.0,20.43288364157061,1117.3089,200.0,1117.3089,0.0466572775144651,0.2043288364157061,0.9533427224855348,0.9533427224855348,0.9533427224855348,4.81361925018773,0.0489407181845593,0.0,0.0,0.0,0.0466572775144651,-0.7552915944391372,0.9533427224855348,0
117,215,6810,1582,806104.12,800450.0,0.0,0.0,0.0,0.0,0.0,0.0,0.0,5654.12,0.0,0.0,0.0,0.0,0.0,0.0,0.0,0.0,0.0,0.0,0.0,0.0,774422.24,5000.0,0.0,0.0,31681.88,0.0,0.0,0.0,0.0,0.0,0.0,0.0,0.0,31681.88,0.0,0.0,0.0,0.0,0.0,0.0,0.0,0.0,0.0,0.0,0.0,0.0,0.0,0.0,0.0,SFJMI,0.0,0.0,0.0,0.0,31681.88,0.9606975337131388,0.0,0.0,0.0,0.0,10940.38,0.0,0.0,1119.92,9820.46,0.0,0.0,0.0,0.0,0.0,0.0,0.0,0.0,10940.38,0.0,SFJMI,0.0,,,0.0,12060.3,0.0,31681.88,0.0,0.0,109.4038,109.4038,0.0,0.0,0.0,0.0135719192205592,0.0,0.0,1.0409103436905427,98.2046,0.0,0.0,,0.0,0.0,0.0,0.0,9820.46,0.0,0.0,98.2046,0.0,0.0,0.0,0.0121826197836577,0.0121826197836577,0.0,98.2046,0.0,120.603,0.0,-120.603,0.0,,0.0,0.0,1.046643762883378,1.0393024662868613,0.0,,98.2046,0.3099708729406209,316.8188,,0.0,0.0,0.0,0.9606975337131388,0.9606975337131388,0.0393024662868613,0.0393024662868613,0.9674835904803548,0.0409103436905427,0.0409103436905427,0.0409103436905427,0.0,0.0,0.0,0.0,0.0,0.0,0.0,0.0,0.0,0.0,98.2046,0.0,0.0,98.2046,0.0,0.0,0.3099708729406209,0.3099708729406209,0.0,0.0,0.3099708729406209,0.0,0.0,0.0,0.0,0.0,0.0,0.0,0.0,120.603,0.0,0.0,0.0,0.0,0.0,inf,56.5412,56.5412,56.5412,56.5412,0.0,5654.12,0.0070141311273784,0.0,-56.5412,0.0,0.0,0.0,0.0,56.5412,0.0,0.0,0.0,,0.0,141.56933351255367,24.4436958917842,0.9674835904803548,0.0062464863514273,1.0070636766818664,5.6033264239174265,0.1726623646894308,0.9606975337131388,0.9606975337131388,0.9606975337131388,0.9606975337131388,0.0409103436905427,0.0393024662868613,0.0393024662868613,0.0393024662868613,0.0393024662868613,0.0393024662868613,-4.603326423917428,0
117,225,2562,1352,476320.25,12500.0,12500.0,0.0,0.0,0.0,0.0,0.0,0.0,463820.25,77149.32,168687.78,16172.36,0.0,0.0,0.0,134262.36,0.0,0.0,203544.27,203544.27,14438.88,74483.56,5000.0,151377.18,-86108.16,401836.69,0.0,0.0,0.0,0.0,0.0,0.0,0.0,0.0,0.0,0.0,401836.69,8044.2,0.0,0.0,0.0,78000.0,0.0,287168.99,0.0,0.0,0.0,0.0,0.0,0.0,SFJIN,0.0,0.0,0.0,0.0,0.0,0.156372860486196,2087885.7,0.0,0.0,0.0,-69287.83,7349.77,0.0,14192.25,-76130.31,0.0,0.0,0.0,9977.85,9088.86,-86108.16,0.0,-86108.16,2157173.53,2500.0,SFJIN,2095235.47,,,2500.0,2181343.63,401836.69,0.0,-0.0410971278564695,-0.0412417978627853,-0.0331856432562376,-0.0330692330251549,-0.0412417978627853,-0.1807778695111115,-0.1653219307808139,-0.145464800205324,-1.1560693393280344,-1.1560693393280344,6.394971588361244,-761.3031,-17.221632,-0.1755292998775508,,-0.0412417978627853,-76130.31,-73630.31,-73630.31,-73630.31,-0.0352654889106237,-0.0351417828946929,-0.0352654889106237,-0.0364628724647139,-0.1545815236702617,-0.1545815236702617,-0.1545815236702617,-0.1641375295709922,-0.2142864555250044,-0.189455845856186,33.68450763395972,1.0447619953525231,-16.177546985445844,-0.0447619953525233,-8.379376318545578,,0.1165238461538461,0.1165238461538461,38.10562,1.0,-0.2080650226339461,,-0.189455845856186,-0.094727922928093,-0.9329232936115326,,0.0047789253980713,0.0043531405957711,0.0043531405957711,0.156372860486196,0.3371507299973075,0.843627139513804,0.843627139513804,5.9586848,5.394971588361244,1.0472109550080582,0.0,0.0,5.394971588361244,0.0,-1.1560693393280344,-0.161696463671238,7.149626609512994,1.1310627790692038,-8.474033047048804,-8.101160101486874,-8.101160101486874,-8.101160101486874,-7.379376318545578,-7.379376318545578,-7.379376318545578,-8.101160101486874,-8.101160101486874,-0.9439783333333333,-0.9439783333333333,-0.1832344129651276,-0.1832344129651276,-0.1832344129651276,8.021814767540208,4.383365393346178,20878.857,167.030856,13.450138807885892,29.40886654858549,26.226645491177983,42.859005356471386,1.0447619953525231,0.0047789253980713,12.377219618397966,70.05582497164475,51.46718575638504,112.91483032811614,1.1542506235555543,1.1542506235555543,1.1542506235555543,0.9263266875904238,1.6607854300213354,0.5065348064657809,61983.56,0.1301300123183929,0.1924610576144086,-0.029687238147184,0.843627139513804,0.416300629670899,0.1919917267883129,1.24467391030783,0.2521326520691954,1.169466215747292,1.169466215747292,1.169466215747292,,10.257649109945469,0.0269500954302879,0.1853577880108459,5.9586848,0.4,5.9586848,0.8663629714312818,6.877815645971004,0.156372860486196,0.156372860486196,0.1336370285687181,0.2381455253765637,5.394971588361244,0.0,0.1637553725670911,0.1681685954849966,0.8663629714312818,0.4275199713682186,0.1336370285687181,1
117,214,1011,5870,0.0,0.0,0.0,0.0,0.0,0.0,0.0,0.0,0.0,0.0,0.0,0.0,0.0,0.0,0.0,0.0,0.0,0.0,0.0,0.0,0.0,0.0,0.0,0.0,0.0,0.0,0.0,0.0,0.0,0.0,0.0,0.0,0.0,0.0,0.0,0.0,0.0,0.0,0.0,0.0,0.0,0.0,0.0,0.0,0.0,0.0,0.0,0.0,0.0,0.0,0.0,SFJMI,0.0,0.0,0.0,0.0,0.0,,0.0,0.0,0.0,0.0,0.0,0.0,0.0,0.0,0.0,0.0,0.0,0.0,0.0,0.0,0.0,0.0,0.0,0.0,0.0,SFJIN,0.0,,,0.0,0.0,0.0,0.0,0.0,0.0,0.0,0.0,0.0,0.0,0.0,0.0,0.0,0.0,0.0,0.0,0.0,0.0,,0.0,0.0,0.0,0.0,0.0,0.0,0.0,0.0,0.0,0.0,0.0,0.0,0.0,0.0,0.0,0.0,0.0,0.0,0.0,0.0,,0.0,0.0,0.0,0.0,0.0,,0.0,0.0,0.0,,0.0,0.0,0.0,0.0,0.0,0.0,0.0,0.0,0.0,0.0,0.0,0.0,0.0,0.0,0.0,0.0,0.0,0.0,0.0,0.0,0.0,0.0,0.0,0.0,0.0,0.0,0.0,0.0,0.0,0.0,0.0,0.0,0.0,0.0,0.0,0.0,0.0,0.0,0.0,0.0,0.0,0.0,0.0,0.0,0.0,0.0,,0.0,0.0,0.0,0.0,0.0,0.0,0.0,0.0,0.0,0.0,0.0,0.0,0.0,0.0,0.0,0.0,0.0,,0.0,0.0,0.0,0.0,0.0,0.0,0.0,0.0,0.0,0.0,0.0,,0.0,0.0,0.0,0.0,0.0,0.0,0.0,0
117,214,4531,11236,9329483.89,2775270.64,1426.19,0.0,2773844.45,2773844.45,0.0,0.0,0.0,6554213.25,2366736.32,2245254.04,0.0,0.0,0.0,0.0,0.0,0.0,0.0,1830767.4,1830767.4,111455.49,5883653.13,50000.0,5596350.09,232606.84,3445830.76,0.0,0.0,0.0,0.0,0.0,0.0,0.0,40000.0,40000.0,0.0,3395130.76,0.0,0.0,0.0,0.0,0.0,0.0,0.0,0.0,10700.0,0.0,0.0,0.0,0.0,SFJMA,2245254.04,0.0,3249944.73,0.0,0.0,0.630651512920936,15060927.58,12574441.19,1992093.92,246949.5,247442.97,89839.72,0.0,52640.22,284642.47,12226.45,0.0,355.41,6562.08,2285.58,290306.84,57700.0,232606.84,0.0,0.0,SFJMA,15162993.75,,,0.0,14872686.91,3395130.76,50700.0,0.0191457468614995,0.0192754953808761,0.0164294641671731,0.0163320421402023,0.0154443900459947,0.0249324445749163,0.0251000248739375,0.0265226858117228,0.0395344244231474,0.0395344244231474,1.5856617791470655,0.102616594092001,4.6521368,0.031117138249327,,0.0154443900459947,296868.92000000004,296868.92000000004,296868.92000000004,284642.47,0.019711197628639,0.0195785162807971,0.0188993983596327,0.019711197628639,0.0318205083475416,0.0318205083475416,0.0305099910516057,0.0305146558002101,0.0685118943695706,0.0838384410266425,4.767500572610878,0.9875013893400582,3.716099733214042,0.0124986106599418,44.240064126008825,,0.0571394999999999,0.0571394999999999,3.379916810563744,1.00543438421651,0.0855068215399161,,0.0838384410266425,0.0416085471563944,0.1377852481877451,,0.0004357022477628,0.0001517555932633,0.0001517555932633,0.630651512920936,0.6057190683460197,0.3693484870790638,0.369348487079064,2.12002860016564,0.5856617791470654,0.0067984973138618,0.0067984973138618,0.0067984973138618,0.5770446838017455,54.7109358974359,0.0493412567983932,0.0313621228622969,1.5732754129890396,0.8171895079465831,102.77147157395495,129.8877834072752,129.8877834072752,124.53839725583876,45.24006412600883,45.24006412600883,43.37686678614097,129.8877834072752,129.8877834072752,7.116061749999999,7.116061749999999,0.0861530761888027,0.0861530761888027,0.0826048897421764,2.0088494612513537,1.6143366297189672,5.429622263065256,10560.25324816469,57.35760644298908,54.4134961307609,54.4134961307609,111.77110257374996,0.9875013893400582,0.0004357022477628,6.707894657657536,82.28063781712972,78.76206961019064,194.05174039087967,1.930474468677018,1.930474468677018,1.9244095528692684,1.2005491770808852,2.469707720476722,0.5392332517997039,3159082.49,0.3386127815051085,0.2254264049784375,-0.2097535143980819,0.3639141028625539,0.167679517800207,0.6970972511232527,0.7491847166042187,0.6849716160291368,0.7835338236148127,0.7835338236148127,0.8171895079465831,,8.226565308077914,0.4234330703231238,1.7074701399438434,2.12002860016564,0.0180162609294205,2.138297088748073,0.5257428509821526,4.032443990831573,0.630651512920936,0.630651512920936,0.6305950423098261,0.784580388997342,0.5856617791470654,0.0054352150930627,0.0042874826165759,0.0042881381404834,0.3694049576901737,0.1731403698328323,0.4742571490178474,0
117,214,2223,4932,1864573.53,456046.25,0.0,0.0,456046.25,456046.25,0.0,0.0,0.0,1408527.28,310828.56,668361.07,0.0,0.0,0.0,0.0,501189.26,0.0,0.0,425564.97,325587.48,3772.68,475316.01,50000.0,401510.12,-35101.84,1389257.52,0.0,0.0,0.0,0.0,0.0,0.0,0.0,122500.0,122500.0,0.0,1266757.52,0.0,0.0,0.0,0.0,90879.92,0.0,175856.3,0.0,0.0,0.0,0.0,0.0,0.0,SFJIN,0.0,0.0,0.0,0.0,0.0,0.2549194238534535,1443072.64,0.0,0.0,0.0,-45650.12,31271.27,0.0,6694.8,-21073.65,3047.49,0.0,0.0,17075.68,0.0,-35101.84,0.0,-35101.84,1488722.76,27305.42,SFJIN,1477391.4,,,27305.42,1512493.24,1266757.52,122500.0,-0.0237593368960994,-0.0243243749670148,-0.0316339723549883,-0.0309630064534942,-0.0243243749670148,-0.0188256668000644,-0.0188256668000644,-0.0244828746442624,-0.0738494796335599,-0.0738494796335599,3.922808175554617,-0.046209457922305,-0.7020367999999999,-0.0041813422075127,,-0.0243243749670148,-18026.16,9279.260000000002,9279.260000000002,6231.769999999997,0.0064302099165292,0.0062808406763434,0.004318403542042,-0.0124915125547664,0.00497661253402,0.00497661253402,0.0033421958961307,-0.0113021286964209,-0.0277099914117738,-0.0166358988735271,10.178987676920665,1.0481061022680052,29.00587887207984,-0.048106102268005,-0.4565803528761372,,0.0,0.0,4.357175461918611,1.0656986694431942,-0.0061546269723348,,-0.0166358988735271,-0.0079343112454664,-27.368961651629856,,0.0118328624122483,0.0,0.0,0.2549194238534535,0.2737450906535179,0.7450805761465465,0.7450805761465465,1.0422539599876108,2.922808175554617,0.4489222233435814,0.257723277614823,0.257723277614823,2.665084897939794,3.7228265306122448,-0.0738494796335599,-0.0188256668000644,3.922808175554617,1.6656744322886636,-351.0184,92.79260000000002,92.79260000000002,62.31769999999997,0.5434196471238628,0.5434196471238628,0.3649500342006875,92.79260000000002,92.79260000000002,0.0292050442234676,0.0292050442234676,0.0066792944190793,0.0066792944190793,0.0044856838349163,0.9376775312550752,0.7739424682275736,3.164312040719554,14430.7264,78.61865110269156,169.05024999295946,126.7670627446724,247.66890109565105,1.0481061022680052,0.0118328624122483,2.1591213264411104,320.4041723083324,44.47977719264361,568.0730734039834,1.111915467452682,1.111915467452682,1.111915467452682,0.8635638807970132,1.44786371585937,0.3359482484066879,141769.76,0.0760333436675999,0.8778196501598147,-0.0982415964867853,0.6793819067033522,0.4511447451471651,0.2453733686933234,2.192488440412116,0.1447827424397867,-3.782827509952301,-3.782827509952301,-5.632723929156566,,4.432211705437814,0.3237752342290452,0.3421367191879587,1.0422539599876108,0.1096380027245043,1.3108670666626463,0.9863192142079066,1.0567105912304713,0.2549194238534535,0.2549194238534535,0.2549194238534535,0.3088501094600565,2.922808175554617,0.0656986694431943,0.1144389945297571,0.1144389945297571,0.7450805761465465,0.5168434145903594,0.0136807857920934,0
117,215,8130,4501,1898454.24,677466.13,0.0,0.0,0.0,0.0,0.0,0.0,0.0,1220988.11,101400.0,215432.03,0.0,0.0,0.0,0.0,0.0,0.0,0.0,0.0,0.0,0.0,110542.95,51000.0,0.0,0.0,1787911.29,0.0,0.0,0.0,0.0,0.0,0.0,0.0,0.0,174501.34,0.0,0.0,0.0,0.0,0.0,0.0,0.0,0.0,0.0,0.0,0.0,0.0,0.0,0.0,0.0,SFJMI,0.0,0.0,0.0,0.0,174501.34,0.0582278717447516,2815641.0,0.0,0.0,0.0,5598645.15,78113.05,0.0,51536.45,5625221.75,0.0,0.0,0.0,0.0,0.0,0.0,5674.0,0.0,2783004.15,98062.61,SFJMI,2893754.05,,,98062.61,2834540.6,0.0,1787911.29,0.0,0.0,1.988408731794998,1.93473427708896,0.0,0.0,0.0,2.9490545687316647,0.0,0.0,17.17390606999361,56252.2175,0.0,0.0546426707656646,,0.0,0.0,98062.61,98062.61,5723284.36,0.034827810079481,0.033887679569727,2.032675458270426,0.0,0.0516539234572227,0.0516539234572227,3.014707565455989,2.9630536419987665,0.0,56252.2175,2.3060347409935056,1.0067123614125524,25.47101375528697,-0.0067123614125522,1037.3661,,0.0,0.0,5.441401963519564,1.9417721282552485,1037.3661,,56252.2175,3.146253274120776,1.682157726187505,,0.0,0.0,0.0,0.0582278717447516,0.0582278717447516,0.9417721282552484,0.9417721282552484,0.1631711831852021,16.17390606999361,1.5785840707164047,1.5785840707164047,0.0,0.0,0.0,0.0,0.0,0.0,0.0,0.0,980.6261,980.6261,57232.8436,980.6261,980.6261,57232.8436,980.6261,980.6261,32.79793931668376,32.79793931668376,0.0548475813920275,0.0548475813920275,3.2011008555128035,1.4831229221516553,1.4831229221516553,28156.41,28156.41,13.108773455138635,27.85058852318176,0.0,40.95936197832039,1.0067123614125524,0.0,13.069741764954822,0.0,0.0,40.95936197832039,inf,12209.8811,12209.8811,11195.8811,12209.8811,0.0,1220988.11,0.6431485596408161,0.0,-0.4336448112525709,0.0,0.0,1014.0,0.0830474917564922,3.853739503547037,0.0,0.0,0.0,,28156.41,0.5548507184070777,0.0618279836467725,0.1631711831852021,0.0752805162377638,2.802286573352383,1.464315070193435,0.1114317447840288,0.0582278717447516,0.0582278717447516,0.0582278717447516,0.0582278717447516,16.17390606999361,0.9417721282552484,0.0919175908079828,0.0919175908079828,0.9417721282552484,0.9417721282552484,-0.4643150701934354,0
117,214,4651,8058,5000.0,0.0,0.0,0.0,0.0,0.0,0.0,0.0,0.0,5000.0,0.0,0.0,0.0,0.0,0.0,0.0,0.0,0.0,0.0,5000.0,5000.0,0.0,5000.0,5000.0,0.0,0.0,0.0,0.0,0.0,0.0,0.0,0.0,0.0,0.0,0.0,0.0,0.0,0.0,0.0,0.0,0.0,0.0,0.0,0.0,0.0,0.0,0.0,0.0,0.0,0.0,0.0,SFJIN,0.0,0.0,0.0,0.0,0.0,1.0,0.0,0.0,0.0,0.0,0.0,0.0,0.0,0.0,0.0,0.0,0.0,0.0,0.0,0.0,0.0,0.0,0.0,0.0,0.0,SFJIN,0.0,,,0.0,0.0,0.0,0.0,0.0,0.0,0.0,0.0,0.0,0.0,0.0,0.0,0.0,0.0,1.0,0.0,0.0,0.0,,0.0,0.0,0.0,0.0,0.0,0.0,0.0,0.0,0.0,0.0,0.0,0.0,0.0,0.0,0.0,0.0,0.0,0.0,0.0,0.0,,0.0,0.0,50.0,1.0,0.0,,0.0,0.0,0.0,,0.0,0.0,0.0,1.0,1.0,0.0,0.0,50.0,0.0,0.0,0.0,0.0,0.0,0.0,0.0,0.0,0.0,0.0,0.0,0.0,0.0,0.0,0.0,0.0,0.0,0.0,0.0,0.0,0.0,0.0,0.0,0.0,0.0,0.0,0.0,0.0,0.0,0.0,0.0,0.0,0.0,0.0,0.0,0.0,0.0,0.0,inf,50.0,50.0,50.0,100.0,50.0,5000.0,1.0,0.0,-50.0,0.0,-1.0,0.0,0.0,50.0,0.0,0.0,0.0,,0.0,0.0,50.0,50.0,50.0,50.0,0.0,0.5,1.0,1.0,1.0,inf,0.0,0.0,0.0,0.0,0.0,-1.0,1.0,0
117,226,9003,8888,140465.53,7175.42,0.0,0.0,0.0,0.0,0.0,0.0,0.0,133290.11,2805.0,8083.0,0.0,0.0,0.0,0.0,0.0,0.0,0.0,0.0,0.0,0.0,139052.05,50400.0,0.0,0.0,1413.48,0.0,0.0,0.0,0.0,0.0,0.0,0.0,0.0,0.0,0.0,0.0,0.0,0.0,0.0,0.0,0.0,0.0,0.0,0.0,0.0,0.0,0.0,0.0,0.0,SFJMI,0.0,0.0,0.0,0.0,0.0,0.989937175334048,152481.47,0.0,0.0,0.0,260697.68,796.39,0.0,37.79,261456.28,0.0,0.0,0.0,0.0,0.0,0.0,6032.0,0.0,108216.21,18270.45,SFJMI,153277.86000000002,,,18270.45,108254.0,0.0,1413.48,0.0,0.0,1.709700726258738,1.700817587093139,0.0,0.0,0.0,1.855954838172753,0.0,0.0,1.010165114430172,2614.5628,0.0,0.1730136212065693,,0.0,0.0,18270.45,18270.45,279726.73,0.1198207887161633,0.1191982325431735,1.834496545711423,0.0,0.1300707013314939,0.1300707013314939,1.9914261527365469,1.861355451405053,0.0,2614.5628,1.1439818753244335,0.7099485596512153,1.096578367596882,0.2900514403487846,243.0245,,0.0,0.0,19.772920609525297,1.010062824665952,243.0245,,2614.5628,184.9734555847978,0.0,,0.0,0.0,0.0,0.989937175334048,0.989937175334048,0.0100628246659518,0.0100628246659519,19.37894227794331,0.010165114430172,0.0,0.0,0.0,0.0,0.0,0.0,0.0,0.0,0.0,0.0,182.7045,182.7045,2797.2673,182.7045,182.7045,2797.2673,182.7045,182.7045,2797.2673,2797.2673,12.925863825452076,12.925863825452076,197.89931941024983,1.0855436917512788,1.0855436917512788,1524.8147,1524.8147,6.696026736888094,19.29553800865115,0.0,25.991564745539243,0.7099485596512153,0.0,18.86446492638872,0.0,0.0,25.991564745539243,inf,1332.9010999999998,1332.9010999999998,1304.8511,1332.9010999999998,0.0,133290.11,0.9489168623789764,0.0,-0.8741397233381865,0.0,0.0,28.05,0.0210443220430983,12.241927810433504,0.0,0.0,0.0,,1524.8147,0.0538331013456287,98.37567563743384,19.37894227794331,7.023979084151172,19.575931443734305,0.0106045377260173,1827.4198063720137,0.989937175334048,0.989937175334048,0.989937175334048,0.989937175334048,0.010165114430172,0.0100628246659518,0.0,0.0,0.0100628246659518,0.0100628246659518,0.9893954622739826,0
117,214,4329,3039,218360.66,0.0,0.0,0.0,0.0,0.0,0.0,0.0,0.0,218360.66,8650.53,205450.04,0.0,0.0,0.0,0.0,0.0,0.0,0.0,4260.09,4260.09,0.0,153968.24,5000.0,0.0,0.0,64392.42,0.0,0.0,0.0,0.0,0.0,0.0,0.0,0.0,0.0,0.0,64103.86,0.0,0.0,0.0,0.0,6952.14,0.0,16444.18,0.0,288.56,0.0,288.56,0.0,288.56,SFJIN,0.0,0.0,0.0,0.0,0.0,0.7051097940444033,0.0,0.0,0.0,0.0,0.0,0.0,0.0,0.0,0.0,0.0,0.0,0.0,0.0,0.0,0.0,0.0,0.0,0.0,0.0,SFJIN,0.0,,,0.0,0.0,64392.42,0.0,0.0,0.0,0.0,0.0,0.0,0.0,0.0,0.0,0.0,0.0,1.4182188482507825,0.0,0.0,0.0,,0.0,0.0,0.0,0.0,0.0,0.0,0.0,0.0,0.0,0.0,0.0,0.0,0.0,0.0,0.0,0.0,0.0,0.0,0.0,0.0,,0.0,0.0,2183.6066,1.0,0.0,,0.0,0.0,69.5214,,0.0,0.0,0.0,0.7051097940444033,0.7051097940444033,0.2948902059555965,0.2948902059555966,1539.6824,0.4182188482507821,0.0451530783231658,0.0,0.0,0.4182188482507821,0.0,0.0,0.0,0.0,0.0,0.0,0.0,0.0,0.0,0.0,0.0,0.0,0.0,0.0,0.0,0.0,0.0,0.0,0.0,0.0,0.0,0.0,0.0,31487.9292,747838.1455999999,0.0,779326.0748,0.0,0.0,0.0,234388.4088,59856.8152,1013714.4836,3.3910926161806003,3.3910926161806003,3.3759640005454465,3.2567518040166843,3.457250868968739,0.0661582527881387,153968.24,0.7051097940444033,643.9241999999999,-1539.6824,0.2948902059555965,0.2753807851652399,0.1343408121639162,0.0561838597362676,0.7191397949104011,0.0,0.0,0.0,,0.0,0.0,2.3910926161806,1539.6824,50.0,1539.6824,0.2948902059555965,0.0239109261618059,0.7051097940444033,0.7051097940444033,0.7051097940444033,0.7191397949104011,0.4182188482507821,0.0,0.0318378777569183,0.0318378777569183,0.2948902059555965,0.2753807851652399,0.7051097940444033,0
117,214,4941,1870,134117.5,58372.73,0.0,0.0,58372.73,58372.73,0.0,0.0,0.0,75744.77,0.0,14493.48,0.0,0.0,0.0,0.0,0.0,0.0,0.0,54931.7,54931.7,6319.59,67169.91,7000.0,325600.0,-112663.56,66947.59,0.0,0.0,0.0,0.0,0.0,0.0,0.0,0.0,0.0,0.0,66947.59,0.0,0.0,0.0,0.0,0.0,0.0,0.0,0.0,0.0,0.0,0.0,0.0,0.0,SFJMA,9620.4,0.0,24195.4,0.0,0.0,0.5008288254702034,460585.3,0.0,0.0,0.0,-118541.76,7556.91,0.0,998.78,-111983.63,1652.47,0.0,0.0,2332.4,0.07,-112663.56,0.0,-112663.56,579127.06,25963.46,SFJMA,469794.67999999993,,,25963.46,582458.2400000001,66947.59,0.0,-0.2398144653319616,-0.2446095435525189,-0.2573720003656217,-0.2532174144262701,-0.2446095435525189,-0.8400362368818387,-0.8400358141182173,-0.8838649691501854,-1.677292108921986,-1.677292108921986,1.9966901846377345,-1.918423722858259,-16.094794285714286,-0.6464488228605514,,-0.2446095435525189,-110331.16,-84367.70000000001,-84367.70000000001,-86020.16999999998,-0.1831749732351423,-0.1795841962280203,-0.1867627342861354,-0.2395455521485379,-0.6290581020373927,-0.6290581020373927,-0.6413791637929427,-0.83496657781423,-1.6828620716593383,-1.672705918166733,52.35601635978798,1.2646044934564784,37.63502178831706,-0.2646044934564783,-37.17205453610016,,0.0007,0.0007,2.297605405811926,1.0,-1.2950443772509213,,-1.672705918166733,-0.8363529590833665,-0.0,,0.0050639914039809,1.5198053433316264e-07,1.5198053433316264e-07,0.5008288254702034,1.3408650623520422,0.4991711745297966,0.4991711745297966,1.150707016786777,0.9966901846377344,0.0,0.0,0.0,0.9966901846377344,583.7273,-1.677292108921986,-0.8400357149514418,1.9966914252198689,1.006071691014124,-1609478.4285714282,-1205252.8571428573,-1205252.8571428573,-1228859.5714285711,-36.17205453610016,-36.17205453610016,-36.88053935860057,-1205252.8571428573,-1205252.8571428573,-860.2016999999998,-860.2016999999998,-1.2602051843837847,-1.2602051843837847,-1.284888223758316,5.816513819396912,3.4341924059127256,7.890419036423343,4605.853,0.0,11.45417954068443,7.602990368993539,11.45417954068443,1.2646044934564784,0.0050639914039809,31.7787929468975,52.90859860269097,19.121595066103936,64.36277814337541,1.1314039833248666,1.1314039833248666,1.1314039833248666,1.037007904242707,1.9519219437174664,0.8205179603925996,8797.180000000008,0.0655930806941674,0.1453532928645356,-0.0191000016717858,0.4991711745297966,0.0895922605178295,0.0,0.0,0.6069749984130801,1.3353873579580808,1.3353873579580808,1.3097342169865511,,8.384690442859041,0.7706503036447269,1.0033208066190284,1.150707016786777,0.1199190101268177,1.150707016786777,0.8838575917518793,1.3019145024324337,0.5008288254702034,0.5008288254702034,0.5008288254702034,0.8482570107266707,0.9966901846377344,0.0,0.0,0.0,0.4991711745297966,0.0895922605178295,0.1161424082481206,0
117,214,4519,2917,222971.34,0.0,0.0,0.0,0.0,0.0,0.0,0.0,0.0,222971.34,206965.31,15473.0,0.0,0.0,0.0,0.0,0.0,0.0,0.0,533.03,533.03,0.0,57321.79,5000.0,0.0,-168176.1,165649.55,0.0,0.0,0.0,0.0,0.0,0.0,0.0,0.0,0.0,0.0,165649.55,0.0,0.0,0.0,0.0,0.0,0.0,80676.79,0.0,0.0,0.0,0.0,0.0,0.0,SFJIN,0.0,0.0,0.0,0.0,0.0,0.2570814258011814,1263459.79,0.0,0.0,0.0,-181327.04,13150.94,0.0,0.0,-168176.1,0.0,0.0,0.0,0.0,0.0,-168176.1,0.0,-168176.1,1444786.83,0.0,SFJIN,1276610.73,,,0.0,1444786.83,165649.55,0.0,-0.1317363986122849,-0.1331075997282034,-0.1435162728843155,-0.1420378473553954,-0.1331075997282034,-0.7542498511243643,-0.7542498511243643,-0.8132302564087385,-2.933894771953214,-2.933894771953214,3.8898181651340615,-1681.761,-33.635220000000004,-0.7542498511243643,,-0.1331075997282034,-168176.1,-168176.1,-168176.1,-168176.1,-0.1331075997282034,-0.1317363986122849,-0.1331075997282034,-0.1331075997282034,-0.7542498511243643,-0.7542498511243643,-0.7542498511243643,-0.7542498511243643,-1.0152523807037206,-1.0152523807037206,22.041527140028247,1.1435162728843156,22.24841306624761,-0.1435162728843155,-1681.761,,0.0,0.0,2229.7134,1.0,-1.0152523807037206,,-1.0152523807037206,-0.5076261903518603,-0.0,,0.0,0.0,0.0,0.2570814258011814,1.0113312769255458,0.7429185741988186,0.7429185741988186,573.2179,2.889818165134061,0.0,0.0,0.0,2.889818165134061,0.0,-2.933894771953214,-0.7542498511243643,3.8898181651340615,1.0,-1681.761,-1681.761,-1681.761,-1681.761,-1681.761,-1681.761,-1681.761,-1681.761,-1681.761,-1681.761,-1681.761,-1.0152523807037206,-1.0152523807037206,-1.0152523807037206,5.680045806857641,5.6664672239939,12634.5979,12634.5979,59.62625279907008,4.45773743222964,0.0,64.08399023129972,1.1435162728843156,0.0,81.65577392877917,47.72327277625511,23.242806611202088,111.80726300755484,1.3460425337708437,1.3460425337708437,1.3460425337708437,0.0966258586274457,1.349260351144932,0.0032178173740888,57321.79000000001,0.2570814258011815,0.131107892242459,-0.0453689072289352,0.7429185741988186,0.7405279979032282,1.2494166751433975,3.6105870036507928,0.2576974712674269,1.0,1.0,1.0,,2370.3352344145733,0.0,0.3460425337708434,573.2179,50.0,573.2179,0.7429185741988186,0.0034604253377084,0.2570814258011814,0.2570814258011814,0.2570814258011814,0.2576974712674269,2.889818165134061,0.0,0.0,0.0,0.7429185741988186,0.7405279979032282,0.2570814258011814,0
117,214,8622,2141,60116.1,0.0,0.0,0.0,0.0,0.0,0.0,0.0,0.0,60116.1,0.0,2562.65,0.0,0.0,0.0,0.0,0.0,0.0,0.0,55423.65,55423.65,2129.8,54029.78,5000.0,0.0,18838.21,6086.32,0.0,0.0,0.0,0.0,0.0,0.0,0.0,0.0,0.0,0.0,6086.32,0.0,0.0,0.0,0.0,0.0,0.0,0.0,0.0,0.0,0.0,0.0,0.0,0.0,SFJMA,0.0,0.0,5131.04,0.0,0.0,0.8987572380776531,269146.25,0.0,0.0,0.0,14884.21,5323.0,0.0,0.0,20207.21,0.0,0.0,0.0,0.0,0.0,20207.21,1369.0,18838.21,254262.04,0.0,SFJMA,274469.25,,,0.0,254262.04,6086.32,0.0,0.0736228557479572,0.0750789208469373,0.055301569314081,0.0542290620898333,0.0699924669208655,0.3133638076987695,0.3133638076987695,0.2475910779308704,0.3486634592996677,0.3486634592996677,1.112647506615796,202.0721,3.767642,0.3361364093811807,,0.0699924669208655,20207.21,20207.21,20207.21,20207.21,0.0750789208469373,0.0736228557479572,0.0750789208469373,0.0750789208469373,0.3361364093811807,0.3361364093811807,0.3361364093811807,0.3361364093811807,3.0951724523193,3.320103116497325,4.981442641446995,0.944698430685919,-193.09279201073235,0.055301569314081,202.0721,,0.0,0.0,601.161,1.0,3.320103116497325,,3.320103116497325,1.6600515582486626,0.0,,0.0,0.0,0.0,0.8987572380776531,0.5853934303788836,0.1012427619223469,0.1012427619223469,540.2977999999999,0.1126475066157959,0.0,0.0,0.0,0.1126475066157959,0.0,0.3740013377807571,0.3361364093811807,1.112647506615796,0.932251904147084,188.3821,202.0721,202.0721,202.0721,202.0721,202.0721,202.0721,202.0721,202.0721,202.0721,202.0721,3.320103116497325,3.320103116497325,3.320103116497325,57.35729736065385,4.47710763006915,2691.4625,2691.4625,0.0,3.47531221408435,0.0,3.47531221408435,0.944698430685919,0.0,105.02653503209568,8.253902107125771,6.958408671865203,11.729214321210122,9.87724930664178,9.87724930664178,9.87724930664178,9.527316999434795,18.983515490477004,9.106266183835224,54029.78,0.8987572380776531,0.0226134304304815,-0.2007450596097846,0.1012427619223469,-0.8207007773292013,0.0,0.0,21.08355803562718,0.932251904147084,0.932251904147084,0.932251904147084,,4.856162486591915,0.0,8.877249306641781,540.2977999999999,50.0,540.2977999999999,0.1012427619223469,0.0887724930664178,0.8987572380776531,0.8987572380776531,0.8987572380776531,11.5141940777206,0.1126475066157959,0.0,0.0,0.0,0.1012427619223469,-0.8207007773292013,0.8987572380776531,0
117,216,6130,4685,8168590.32,299307.82,0.0,0.0,32132.82,32132.82,0.0,0.0,267175.0,7869282.5,0.0,770667.01,467624.2,0.0,0.0,0.0,112000.0,0.0,0.0,7095792.26,6993860.76,2823.23,6678819.06,150000.0,5942348.1,586470.96,1489771.26,1371629.79,0.0,0.0,0.0,0.0,0.0,1371629.79,0.0,0.0,0.0,85741.47,0.0,0.0,0.0,0.0,0.0,0.0,8887.85,0.0,32400.0,0.0,32400.0,0.0,32400.0,SFJIN,0.0,0.0,0.0,0.0,0.0,0.8176219884167235,5555985.2,0.0,0.0,0.0,505089.57,149535.59,0.0,28599.38,626025.78,108800.33,0.0,105488.18,404.15,404.15,734421.96,147951.0,586470.96,5050895.63,19503.04,SFJIN,5814321.12,,,19503.04,5079899.16,1489771.26,0.0,0.1263125900414664,0.1321857300843781,0.0909090920544568,0.0885264621040842,0.1055566094740497,0.0717958591415807,0.0613756934868536,0.0618331376912534,0.0878105776981477,0.0878105776981477,1.22305908374167,19.4824413170086,3.9098064,0.0922956067651095,,0.1055566094740497,734826.11,754329.15,754329.15,645528.8200000001,0.1357687471881674,0.1297364102242774,0.1161862022238648,0.1322584714588512,0.0923450828661462,0.0923450828661462,0.0790257308436053,0.0766381658861305,0.3936651053397284,0.4202160404141505,0.8709107941002703,0.9143111396337052,-13.324561866326176,0.0856888603662947,1865.458369417296,,4.0415,4.0415,27.29160340682044,1.0,0.5060676227570667,,0.4202160404141505,0.2101080202070752,0.0,,7.274137447306375e-05,7.274137447306375e-05,7.274137447306375e-05,0.8176219884167235,0.7458261292751427,0.1823780115832764,0.1823780115832765,22.31421504456516,0.2230590837416697,0.0,0.0,0.0,0.2230590837416697,321.3282,0.1099628472342534,0.0899575179086714,1.222386408503314,0.9368159886322892,1452.1220091550167,1866.458369417296,1866.458369417296,1597.2505752814552,1866.458369417296,1866.458369417296,1597.2505752814552,1866.458369417296,1866.458369417296,6455.288200000001,6455.288200000001,0.5063389060143367,0.5063389060143367,0.4333073387387001,4.729586612258228,0.6801645060343778,172.90686593955962,55559.852,0.0,50.49019778526408,37.97404082357886,50.49019778526408,0.9143111396337052,7.274137447306375e-05,7.209320144636787,97.60226478645048,0.5822869002602815,148.09246257171455,5.282208558648124,5.282208558648124,5.169774720355711,5.280313482487237,10.045216444838651,4.763007886190528,6379511.24,0.7809806821111333,0.2681380900726661,-1.148223224208733,0.1823780115832764,-0.6862898958556168,0.0,0.0,8.277908820827818,0.7774735471909046,0.7774735471909046,0.9085124348127476,,0.7944088952665967,0.038034956808324,4.483117133028864,22.31421504456516,0.5011563012286148,22.31421504456516,0.1893147513766344,117.86833768791678,0.8176219884167235,0.8176219884167235,0.8176219884167235,5.685409891277441,0.2230590837416697,0.0,0.0,0.0,0.1823780115832764,-0.6862898958556168,0.8106852486233656,1
117,224,4120,1501,667091.16,87750.43,0.0,0.0,87750.43,87750.43,0.0,0.0,0.0,579340.73,95439.45,339582.6,0.0,0.0,0.0,0.0,136778.56,0.0,0.0,133832.15,133832.15,10486.53,42678.0,5000.0,69329.33,-31651.33,624413.16,0.0,0.0,0.0,0.0,0.0,0.0,0.0,0.0,0.0,0.0,19814.8,0.0,0.0,0.0,0.0,0.0,0.0,11318.44,0.0,604598.36,0.0,604598.36,0.0,604598.36,SFJIN,0.0,0.0,0.0,0.0,0.0,0.0639762637538173,490102.25,0.0,0.0,0.0,-25379.65,3.07,0.0,2.54,-25379.12,8280.24,0.0,0.0,6755.45,0.0,-23854.33,7797.0,-31651.33,515481.9,81414.44,SFJIN,498385.56,,,81414.44,522239.89,624413.16,0.0,-0.0478632045438876,-0.0486721495361427,-0.051784398051631,-0.0517840736762457,-0.0645810746635013,-0.0474467837349246,-0.0474467837349246,-0.038045250067472,-0.7416310511270444,-0.7416310511270444,15.63079713201181,-0.289219323483657,-6.330266,0.0862852237466315,,-0.0645810746635013,-17098.88,64315.56,64315.56,56035.32000000001,0.1312288609162679,0.129047799860012,0.114333937458969,-0.0348883931873399,0.0964119506545402,0.0964119506545402,0.0839994941620872,-0.0380444555733582,-0.0506897228110951,-0.0406447551489786,-10.8736593522914,1.0655733369924338,-5.37663123401403,-0.0655733369924337,8.520544153239237,,0.0,0.0,7.602141208880687,1.0,0.092182730421633,,-0.0406447551489786,-0.0203223775744893,0.0,,0.0137837563488027,0.0,0.0,0.0639762637538173,0.111423047488742,0.9360237362461826,0.9360237362461826,0.486356591073115,14.63079713201181,0.0,0.0,0.0,14.63079713201181,877.5043,-0.5589373916303483,-0.0357587259888138,15.630797132011812,1.2471405627933516,-316.5133,643.1555999999999,643.1555999999999,560.3532,9.520544153239236,9.520544153239236,8.294831580427656,643.1555999999999,643.1555999999999,560.3532,560.3532,0.1030016087425191,0.1030016087425191,0.0897407735608903,0.9190697968703802,0.7346855713093244,5.585183457220666,4901.0225,70.88308572343833,252.20873072914884,101.58573203856947,323.0918164525872,1.0655733369924338,0.0137837563488027,1.4432490062800627,463.7530030519142,8.406229842854222,786.8448195045014,0.927816335581396,0.927816335581396,0.4713875505414302,0.758175484321951,1.1421490219712858,0.2143326863898896,-45072.43000000005,-0.0675656232650422,1.274046711681083,0.0919653602896131,0.9360237362461826,0.7354032543318367,0.1528466344303185,-2.1174684835053244,-0.1036095296778635,-0.4921255447359862,-0.4921255447359862,-0.5648460649461803,,3.662066625993829,0.1514660120651279,0.0683489758607906,0.486356591073115,0.0569797777629123,0.486356591073115,1.077799518773693,0.451249590115317,0.0639762637538173,0.0639762637538173,0.0639762637538173,0.0800324030155627,14.63079713201181,0.0,0.0,0.0,0.9360237362461826,0.7354032543318367,-0.0777995187736929,1
117,215,6209,4925,3121576.21,628209.88,138.1,0.0,520088.05,259543.05,107983.73,0.0,0.0,2493366.33,537039.75,1019326.66,22435.87,0.0,0.0,0.0,289902.2,0.0,0.0,925684.79,925684.79,11315.13,2129990.99,120000.0,3057159.16,-459999.97,991585.22,0.0,0.0,0.0,0.0,0.0,0.0,0.0,0.0,0.0,0.0,321027.85,0.0,0.0,0.0,0.0,0.0,4093.05,15243.18,0.0,670557.37,0.0,670557.37,0.0,670557.37,SFJIN,0.0,0.0,0.0,0.0,0.0,0.6823447023899507,3455655.04,0.0,0.0,0.0,-900701.45,300925.67,297562.9,198.64,-599974.42,187902.95,0.0,5174.42,47928.5,168.18,-459999.97,0.0,-459999.97,4356356.49,93825.48,SFJIN,3944483.66,,,93825.48,4404483.63,991585.22,0.0,-0.1166185512858734,-0.1331151300333496,-0.2606456488203174,-0.2397662980066785,-0.1331151300333496,-0.1473614414815136,-0.1486604821350813,-0.2885405927667548,-0.2159633407651174,-0.2159633407651174,1.465534936370787,-2.3116566596562693,-3.833333083333333,-0.1173043569549756,,-0.1331151300333496,-412071.47,-318245.99,-20683.089999999967,-506148.94000000006,-0.0920942589223257,-0.0052435481504821,-0.1464697529531188,-0.1192455454118475,-0.1019504149796169,-0.0066258481640593,-0.1621453092763031,-0.1922108973033587,-0.4639036168772261,-0.6050659165734641,2.30103775909127,1.2745727160312852,2.8694156353259657,-0.2745727160312853,-7.64001564830946,,0.0410891633378531,1.6818,4.969002095287008,1.0,-0.3692819160818069,,-0.6050659165734641,-0.302532958286732,-0.0111778676881614,,0.013869584621502,4.8668052237065885e-05,4.8668052237065885e-05,0.6823447023899507,0.8297061438714642,0.3176552976100493,0.3176552976100493,3.390572255883655,0.4655349363707871,0.0,0.0,0.0,0.4655349363707871,5200.8805,-0.2159633407651174,-0.1473075648535904,1.4660709446915663,0.7666993036136439,-2734.164526102985,-1892.2939112855272,-122.98186466880703,-3009.566773694851,-6.64001564830946,-0.4315405239054001,-10.5605003286145,-1892.2939112855272,-122.98186466880703,-123.6605807405236,-5061.4894,-0.320946685752335,-0.0208586106194684,-0.5104442157780449,1.573790192424712,1.107022480799852,6.644365391590905,25022.84605358436,56.56886082008927,107.37035379549924,32.90000192843323,163.9392146155885,1.2745727160312852,0.013869584621502,3.390135052486511,104.44822064183812,1.6056340855133502,268.38743525742666,2.514525508962306,2.514525508962306,1.5000917159580156,1.9615171855829,3.448065835430665,0.9335403264683596,1501781.11,0.4810970512874328,0.2869456611039509,-0.4345865234279866,0.3176552976100493,0.0211112673747599,0.5415971710429488,0.357601881142319,0.96492773189573,1.4454226744538086,22.240389129477304,0.9088233396280548,,3.733079637184057,0.251952499895994,2.1480664969976058,3.390572255883655,0.1910189632802336,3.390572255883655,0.3976893439481073,8.525680427399323,0.6823447023899507,0.6823447023899507,0.6823306485484026,0.969987325352194,0.4655349363707871,0.0,0.0013112125812875,0.0013112705925154,0.3176693514515974,0.0211122013884811,0.6023106560518928,0
117,214,5510,9533,8699738.82,8096562.45,0.0,0.0,4125884.71,4125884.71,0.0,3970677.74,0.0,603176.37,55049.25,360178.92,0.0,0.0,0.0,0.0,181006.81,0.0,0.0,181619.81,181619.81,6328.39,3062013.33,100000.0,0.0,-244410.79,5637725.49,0.0,0.0,0.0,0.0,0.0,0.0,0.0,1668000.0,1668000.0,0.0,3242346.09,0.0,0.0,0.0,0.0,364000.0,0.0,476928.75,0.0,727379.4,0.0,727379.4,708608.28,18771.12,SFJIN,0.0,0.0,0.0,0.0,0.0,0.3519661214381146,2570549.2,0.0,0.0,0.0,-452013.77,195786.05,168242.73,10349.76,-266577.48,24105.0,0.0,24105.0,1938.31,700.59,-244410.79,0.0,-244410.79,3022562.97,219454.25,SFJIN,2790440.25,,,219454.25,3034851.04,3261117.21,2376608.2800000003,-0.0875886125854155,-0.0950811561980607,-0.1758432672675551,-0.1633980443982702,-0.0950811561980607,-0.0280940376552591,-0.0302731343491068,-0.0519571655370683,-0.0798202893519082,-0.0798202893519082,2.841182543121065,-0.064610986185312,-2.4441079,-0.0028686539350614,,-0.0950811561980607,-242472.48,-23018.23000000001,145224.5,-47123.22999999998,-0.0089545961617851,0.0520435798616365,-0.0183319696818096,-0.0943271111091746,-0.0026458529935499,0.0166929723989116,-0.0054166258292338,-0.0306420095494315,-0.0749469504654817,-0.0817442191843205,-0.9671205473482248,1.1806235959226143,0.8924298649304002,-0.1806235959226144,-12.875412085786076,,0.000344778543307,0.000344778543307,1.368030836345862,1.2731815666162725,-0.0076527577492377,,-0.0817442191843205,-0.0299564211872179,-81.42154321071749,,0.000754045088886,0.0002725448709559,0.0002725448709559,0.3519661214381146,0.3800601590933738,0.6480338785618854,0.6480338785618854,0.3781868353278742,1.8411825431210649,0.6636156610069363,0.5447396272438827,0.5447396272438827,1.0650238449484477,1.7360390202797742,-0.0798202893519082,-0.028013507651486,2.8493500473038407,0.9168471020132684,-347.8642287215061,-32.85549322713714,207.28885653520604,-67.26220756790703,-11.875412085786078,74.92325788960487,-24.311503319902386,-32.85549322713714,207.28885653520604,-0.0231905659448818,-0.0231905659448818,-0.0040828930108124,0.0257594131281478,-0.0083585534775656,0.3017742763375644,0.2954742956294865,0.6230298180096264,25705.492,7.816608314674545,51.14288643065069,25.701700496532023,58.95949474532523,1.1806235959226143,0.000754045088886,7.136867421336041,463.055825443839,67.72054537995227,522.0153201891642,0.184960040120729,0.184960040120729,0.1512290040532339,0.1661389932071776,0.2406525523196389,0.0556925121989098,-2657940.84,-0.3055196132888044,1.2686460971064082,1.0339972640866004,0.3748523119456131,0.3539758449897924,0.0168804880214655,-0.0207112397580677,-6.401157320323426,10.618140056815832,-1.6829859286828326,5.186630670266026,,14.15346266467298,13.42320895296346,0.5431291990770555,0.3781868353278742,0.0123509206058183,0.671719837101979,9.34672803909742,0.0404619492239333,0.3519661214381146,0.3519661214381146,0.3519661214381146,0.3594705974881654,1.8411825431210649,0.2731815666162723,0.233570230330202,0.233570230330202,0.6480338785618854,0.6271574116060648,-8.346728039097421,0
117,112,6499,7759,34416973.92,320031.45,70306.8,0.0,249724.65,21425.38,0.0,0.0,0.0,34096942.47,0.0,53356.6,0.0,0.0,0.0,0.0,20666.86,0.0,0.0,33706149.55,33706149.55,337436.32,19038921.6,4500000.0,4530725.28,8196.32,15378052.32,5592647.84,0.0,0.0,0.0,0.0,770275.51,4822372.33,9750000.0,0.0,0.0,33875.28,0.0,0.0,0.0,0.0,0.0,0.0,15087.31,0.0,1529.2,0.0,1529.2,0.0,1529.2,SFJIN,0.0,0.0,0.0,0.0,0.0,0.5531840667995602,205216.6,0.0,0.0,0.0,-1055517.69,1088434.61,58385.71,241678.85,-208761.93,243725.24,0.0,243719.72,56.99,0.0,34906.32,26710.0,8196.32,1260734.29,44704.69,SFJIN,1537376.4500000002,,,44704.69,1502470.13,4857776.8100000005,10520275.51,0.0227051220929005,0.170095011807037,-5.143432305183889,-0.8159213873421104,0.0399398489206038,0.0002381476076034,-0.0054977713508404,-0.0306685210749057,0.0004305033747289,0.0004305033747289,1.80771656310618,-9.743674557930827,0.0018214044444444,0.0023131321825402,,0.0399398489206038,34963.31,79668.0,138053.71,-164057.24,0.3882142087920762,0.0897982468770091,-0.7994345486671156,0.1703727183863293,0.0023147880515347,0.0040112100012306,-0.0047667537646203,-0.0060780840618575,0.0016872574267157,-0.0429747882962123,0.0070185518419474,7.321386915093614,-0.0139915054637164,-6.321386915093613,1396.9294613090017,,0.0,0.0,140.41510429678084,1.3056711358312236,0.0163883630544977,,-0.0429747882962123,-0.0103164505224303,0.0,,0.0002777065792923,0.0,0.0,0.5531840667995602,0.5529459191919567,0.4468159332004398,0.4468159332004398,59.49078317146643,0.8077165631061792,0.0,0.0,0.5121088370887561,0.2551497880005977,0.0237374629364625,0.0018334189684356,0.0010142181611067,1.8077165631061791,-0.0392615645965718,81.9632,796.68,1380.5371,-1640.5724,1397.9294613090017,2422.419898227759,-2878.702228461133,796.68,1380.5371,-1640.5724,-1640.5724,0.0051806300526359,0.0089773208679003,-0.0106682716761624,0.3203918356213047,0.0059626566959957,0.8217714991291408,2.9188727121700886,0.0,94.90050512482908,36.75825396191146,94.90050512482908,7.321386915093614,0.0002777065792923,3.846133374315455,8640.083383361776,26.83441860941074,8734.983888486606,7.019042620445132,7.019042620445132,7.016833761823532,6.94957950322135,13.957638374909198,6.938595754464066,29239165.66,0.8495565510194045,23.67146132427884,-142.47953459905287,0.1411447973692162,-0.8382018944215184,0.0,0.0,547.995293178351,0.1028809559672641,0.0593705160114856,-0.0499601236739079,,0.0060884023461528,0.0093859280867068,1.2380580585773426,59.49078317146643,14.061118055741083,92.36341337702903,0.451009715417454,131.90576862940046,0.5531840667995602,0.5531840667995602,0.5522694453504808,29.61451127718444,0.8077165631061792,0.30629683728102,0.0,0.0,0.447730554649519,-0.5336208362216193,0.5489902845825461,0
117,113,3530,9939,28922697.82,24661206.06,22859.18,0.0,24445246.88,24339181.88,0.0,193100.0,0.0,4261491.76,155412.42,3504754.27,0.0,0.0,0.0,0.0,3005437.94,0.0,0.0,588734.38,588734.38,12590.69,14141707.73,2842500.0,6963479.25,-279630.87,14780990.09,0.0,0.0,0.0,0.0,0.0,0.0,0.0,0.0,0.0,0.0,4708446.95,0.0,0.0,0.0,0.0,0.0,0.0,4014072.84,0.0,10072543.14,0.0,10072543.14,0.0,10072543.14,SFJIN,0.0,0.0,0.0,0.0,0.0,0.4889484313673198,17917094.27,16320528.16,0.0,2301492.46,-704926.35,456573.44,0.0,18151.52,-266504.43,10357.68,0.0,10357.68,23484.12,23484.12,-279630.87,0.0,-279630.87,0.0,0.0,SFJIN,18384025.39,,,0.0,18663656.26,14780990.09,0.0,-0.0152105354549882,-0.0156069318934269,-0.0393437875236451,-0.0383661205332639,-0.0156069318934269,-0.0096682153145006,-0.0093006003545764,-0.0243727730513626,-0.0197734867201925,-0.0197734867201925,2.045205456950849,-0.0109496050982301,-0.0983749762532981,-0.0096682153145006,,-0.0156069318934269,-256146.75,-256146.75,-256146.75,-266504.43,-0.0142962215937484,-0.0139331155482047,-0.0148743108667028,-0.0142962215937484,-0.0088562537144399,-0.0088562537144399,-0.0092143696849646,-0.0092216580625171,-0.0189182773479553,-0.0180302150517171,-1.7032270653918151,1.041667581737851,1.3220046854146583,-0.0416675817378507,-11.907232206273855,,234.8412,234.8412,1.1728014335402703,1.0,-0.0189182773479553,,-0.0180302150517171,-0.0090151075258585,-0.0,,0.0013107102996785,0.0013107102996785,0.0013107102996785,0.4889484313673198,0.4986166466818205,0.5110515686326802,0.5110515686326802,0.5734394212348591,1.0452054569508489,0.0,0.0,0.0,1.0452054569508489,244452.4688,-0.0197734867201925,-0.0088562537144399,2.232714571845684,1.0492541155882475,-10.907232206273855,-10.907232206273855,-10.907232206273855,-11.348282584146224,-10.907232206273855,-10.907232206273855,-11.348282584146224,-10.907232206273855,-10.907232206273855,-2665.0443,-2665.0443,-0.0173294717363551,-0.0173294717363551,-0.0180302150517171,0.6328645504412408,0.6194821237460897,0.7329479779015429,783.8030178685325,3.157326742133617,71.20186649997461,61.057858694851866,74.35919324210823,1.041667581737851,0.0013107102996785,5.112225534145651,300.28755286333603,81.54907775455936,374.64674610544427,0.2883089518396395,0.2883089518396395,0.1714642228355714,0.276942791049527,0.3281394622733286,0.039830510433689,-10519498.33,-0.3637108265441885,0.8249658045696044,0.5871207781505968,0.5110515686326802,0.490696123796103,0.0105143443743422,-0.0147737482458443,-2.8740489767147737,1.0916822875949042,1.0916822875949042,1.0492541155882475,,30.43323929884985,5.786989028461714,0.9567496929429308,0.5734394212348591,0.1152620027213705,0.5734394212348591,3.468501389288149,0.1653277184797518,0.4889484313673198,0.4889484313673198,0.4885442000516304,0.4987035624021258,1.0452054569508489,0.0,0.0,0.0,0.5114557999483695,0.4910842543721551,-2.468501389288149,0
117,214,4339,2778,2619821.34,75222.16,0.0,0.0,75222.16,75222.16,0.0,0.0,0.0,2544599.18,80835.63,2239518.3,0.0,0.0,0.0,0.0,0.0,0.0,0.0,184999.79,184999.79,39245.46,1616228.78,5000.0,798826.37,812402.41,1003592.56,0.0,0.0,0.0,0.0,0.0,0.0,0.0,0.0,0.0,0.0,1003592.56,0.0,0.0,0.0,0.0,390436.14,0.0,0.0,0.0,0.0,0.0,0.0,0.0,0.0,SFJMA,0.0,0.0,335570.36,0.0,0.0,0.6169232822571024,12212313.86,0.0,0.0,0.0,909152.85,151513.48,0.0,23098.84,1037567.49,7005.08,0.0,5087.69,12881.16,11983.8,1031691.41,219289.0,812402.41,11303161.01,16751.19,SFJMA,12370832.42,,,16751.19,11339141.01,1003592.56,0.0,0.0833970888112636,0.0844796016403725,0.0744455850400163,0.0735332858506256,0.0665232174109878,0.3100984015955836,0.3122305504618876,0.3470285687496537,0.5026531021183771,0.5026531021183771,1.62094709141363,13.79337538299884,162.480482,0.4001962210140635,,0.0665232174109878,1044572.57,1061323.76,1061323.76,1054318.6800000002,0.08690603371047,0.0857924288331763,0.0863324257865085,0.0855343698151564,0.4051130295778108,0.4051130295778108,0.4024391525874051,0.3960451326043478,0.8094942533252737,1.033853309952796,7.924893833356795,0.9285006215849092,8.53274629379887,0.0714993784150909,81.393492511544,,0.0306933676785145,0.0306933676785145,34.827786652231204,1.0,1.044689490324639,,1.033853309952796,0.516926654976398,0.3723962952287517,,0.0010547681747838,0.0009812882421284,0.0009812882421284,0.6169232822571024,0.3068248806615187,0.3830767177428977,0.3830767177428976,21.48607245524457,0.6209470914136302,0.2415723224530131,0.0,0.0,0.6209470914136302,752.2216000000001,0.6383325323534952,0.3983764824207441,1.6023348779894149,0.7829875336591358,68.79171965486742,88.56320699611142,88.56320699611142,87.97866119261005,82.393492511544,82.393492511544,81.84966881864678,88.56320699611142,88.56320699611142,2.700361395848243,2.700361395848243,1.0575245396398714,1.0575245396398714,1.050544535722744,5.015691544211936,4.661506368216696,162.3499492702682,122123.1386,2.4093852858118407,66.75104083838211,0.0,69.16042612419395,0.9285006215849092,0.0010547681747838,5.453098489974384,29.913061196086883,10.002003915087718,99.07348732028083,2.535490279043121,2.535490279043121,2.535490279043121,2.4158390432866503,2.719827825347769,0.1843375463046477,1541006.62,0.5882105762219649,0.0821787395496892,-0.1261846557225643,0.3830767177428977,0.3124612955477338,0.0805462627184083,0.0524563807519529,0.6641256749999344,0.7654614365742646,0.7654614365742646,0.7705472979004792,,66.01258228455286,0.0295614965968824,1.6104431662984826,21.48607245524457,0.0664697743324573,21.48607245524457,0.3944010388307993,54.47772784508877,0.6169232822571024,0.6169232822571024,0.6169232822571024,0.6637976323151896,0.6209470914136302,0.0,0.1490315900701839,0.1490315900701839,0.3830767177428977,0.3124612955477338,0.6055989611692008,0
117,214,4120,1964,8291.89,0.0,0.0,0.0,0.0,0.0,0.0,0.0,0.0,8291.89,0.0,269.0,0.0,0.0,0.0,0.0,0.0,0.0,0.0,8022.89,8022.89,0.0,7302.32,5000.0,0.0,5882.39,989.57,0.0,0.0,0.0,0.0,0.0,0.0,0.0,0.0,0.0,0.0,989.57,0.0,0.0,0.0,0.0,989.57,0.0,0.0,0.0,0.0,0.0,0.0,0.0,0.0,SFJIN,0.0,0.0,0.0,0.0,0.0,0.8806580888072563,0.0,0.0,0.0,0.0,-336.0,0.0,0.0,0.0,-336.0,6314.92,6314.92,0.0,96.53,96.53,5882.39,0.0,5882.39,336.0,0.0,SFJIN,6314.92,,,0.0,432.53,989.57,0.0,0.931506654082712,58.8239,-3.36,-3.36,58.8239,0.709414861991657,0.7188444733347886,-0.0405215216313771,0.8055508386375837,0.8055508386375837,1.135514466635261,-3.36,1.176478,0.709414861991657,,58.8239,5978.92,5978.92,12293.84,-336.0,59.7892,1.9467926751249425,-3.36,59.7892,0.7210563574770047,1.4826342365853866,-0.0405215216313771,-0.0405215216313771,5.944389987570359,-0.3395414169790919,0.0,4.3253,-0.0,-4.3253,60.93846472599192,,0.0975474195862849,0.0975474195862849,82.9189,1.0,5.944389987570359,,-0.3395414169790919,-0.1697707084895459,0.1682258401772068,,0.9653,0.9653,0.9653,0.8806580888072563,0.1712432268155992,0.1193419111927437,0.1193419111927437,73.0232,0.1355144666352611,0.1355144666352611,0.0,0.0,0.1355144666352611,0.0,0.8055508386375837,0.7210563574770047,1.1171815216444765,-17.507113095238097,61.93846472599192,61.93846472599192,127.35771262819848,-3.4807831762146484,61.93846472599192,127.35771262819848,-3.4807831762146484,61.93846472599192,127.35771262819848,-0.3395414169790919,-0.3395414169790919,6.041937407156643,12.42341623129238,-0.3395414169790919,0.0,0.0,0.0,0.0,0.0,979.16,0.0,979.16,4.3253,0.9653,0.0,3602.0348,0.0,4581.1948,8.37928595248441,8.37928595248441,8.37928595248441,8.37928595248441,16.486736663399252,8.107450710914842,7302.32,0.8806580888072563,9.8957,-73.0232,0.1193419111927437,-0.8482167515488026,0.0,0.0,27.14617100371747,0.9838549437022072,0.4784827198011362,-17.507113095238097,,0.0,0.0,7.379285952484412,73.0232,50.0,73.0232,0.1193419111927437,0.0737928595248441,0.8806580888072563,0.8806580888072563,0.8806580888072563,27.14617100371756,0.1355144666352611,0.0,0.1193419111927437,0.1193419111927437,0.1193419111927437,-0.8482167515488026,0.8806580888072563,0
117,216,4110,2761,140448.24,30627.97,0.0,0.0,0.0,0.0,0.0,0.0,30627.97,109820.27,0.0,5200.46,0.0,0.0,0.0,0.0,0.0,0.0,0.0,104619.81,104619.81,0.0,117297.78,5050.0,279312.0,-25720.1,23150.46,0.0,0.0,0.0,0.0,0.0,0.0,0.0,0.0,0.0,0.0,21650.46,21650.46,0.0,0.0,0.0,0.0,0.0,0.0,0.0,1500.0,0.0,1500.0,0.0,1500.0,SFJIN,0.0,0.0,0.0,0.0,0.0,0.8351673185794283,0.0,0.0,0.0,0.0,-31635.14,0.0,0.0,0.79,-31635.93,0.0,0.0,0.0,0.0,0.0,-31635.93,-5915.83,-25720.1,31635.14,0.0,SFJIN,0.0,-22805.93,,0.0,31635.93,23150.46,0.0,-316.3593,-316.3593,-316.3514,-316.3514,-257.201,-0.1831286743073462,-0.1831286743073462,-0.2252441184026229,-0.2192718395863928,-0.2192718395863928,1.1973648606137302,-316.3593,-5.093089108910891,-0.2252497432506096,-0.1623796068929023,-257.201,-31635.93,-31635.93,-31635.93,-31635.93,-316.3593,-316.3593,-316.3593,-316.3593,-0.2252497432506096,-0.2252497432506096,-0.2252497432506096,-0.2252497432506096,-1.1109973624714151,-1.3665356973468346,0.0,316.3593,0.0,-316.3593,-316.3593,-228.0593,0.0,0.0,4.585620268009927,1.0,-1.3665356973468346,-0.9851177903160456,-1.3665356973468346,-0.6832678486734173,-0.0,-0.0,0.0,0.0,0.0,0.8351673185794283,1.0182959928867743,0.1648326814205717,0.1648326814205717,3.8297601832573296,0.1973648606137303,0.0,0.0,0.0,0.1973648606137303,0.0,-0.2697061274305447,-0.2252497432506096,1.1973648606137302,0.8130028104120852,-257.201,-316.3593,-316.3593,-316.3593,-316.3593,-316.3593,-316.3593,-316.3593,-316.3593,-316.3593,-316.3593,-1.3665356973468346,-1.3665356973468346,-1.3665356973468346,0.0,0.0,0.0,0.0,0.0,18929.6744,0.0,18929.6744,316.3593,0.0,0.0,84267.67439999999,78807.67439999999,103197.3488,4.743761895012022,4.743761895012022,4.455100229366916,4.743761895012022,9.262886353014151,4.51912445800213,86669.81,0.6170943117549925,231.5046,-866.6981,0.1648326814205717,-0.5800667206652074,0.0,0.0,16.665796871815186,0.8130028104120852,0.8130028104120852,0.8130028104120852,1.127781239353098,0.0,0.2788917747151778,5.066758068738159,3.8297601832573296,0.1648819689976188,3.8297601832573296,0.2108031604730164,18.16747042437038,0.8351673185794283,0.8351673185794283,0.8351673185794283,3.273874406442036,0.1973648606137303,0.0,0.0,0.0,0.1648326814205717,-0.5800667206652074,0.7891968395269835,0
117,214,8622,7118,558318.77,152475.97,0.0,0.0,152475.97,152475.97,0.0,0.0,0.0,405842.8,21676.4,334985.94,0.0,0.0,0.0,0.0,275009.98,0.0,0.0,47052.8,47052.8,2127.66,80000.0,0.0,103839.57,-117365.65,491844.85,107909.35,0.0,0.0,0.0,0.0,0.0,107909.35,83536.13,83536.13,0.0,300399.37,0.0,0.0,0.0,0.0,0.0,0.0,279060.5,0.0,0.0,0.0,0.0,0.0,0.0,SFJIN,0.0,0.0,0.0,0.0,0.0,0.1432873195361137,3698338.33,0.0,0.0,0.0,-112814.26,1619.2,0.0,170.32,-111365.38,0.0,0.0,0.0,6000.27,0.0,-117365.65,0.0,-117365.65,3811152.59,84619.57,SFJIN,3699957.53,,,84619.57,3817323.18,408308.72,83536.13,-0.0317208100494061,-0.0317346979988172,-0.0305040399048618,-0.0304906905242233,-0.0317346979988172,-0.210212617426421,-0.210212617426421,-0.2020606615106276,-1.467070625,-1.467070625,6.978984625,-0.7303798755961349,-1173.6565,-0.0586512253564392,,-0.0317346979988172,-111365.38,-26745.809999999983,-26745.809999999983,-26745.81,-0.0072318451189402,-0.0072286802708246,-0.0072318451189402,-0.0301122747739523,-0.0479041927965273,-0.0479041927965273,-0.0479041927965273,-0.1994655848665091,-0.2874434080173453,-0.2727479834376302,-1499.7803375616502,1.032172516244613,112.25045921959986,-0.0321725162446129,-5.457434415451302,,0.0,0.0,4.298257489360455,1.1738472987393922,-0.080199315851006,,-0.2727479834376302,-0.1237182006621381,-2.551026871002576,,0.0016224232248648,0.0,0.0,0.1432873195361137,0.3534999369625348,0.8809391273017741,0.8567126804638863,0.524672838611881,6.148060624999999,1.044201625,1.044201625,1.044201625,5.103859,1.8252697365798487,-1.467070625,-0.210212617426421,6.978984625,1.0538791319169385,-1173.6565,-267.45809999999983,-267.45809999999983,-267.4581,-4.457434415451302,-4.457434415451302,-4.457434415451304,-267.45809999999983,-267.45809999999983,-0.320170565718091,-0.320170565718091,-0.0543785504717595,-0.0543785504717595,-0.0543785504717595,7.233687644026063,6.624062325542091,24.255220871852792,36983.3833,2.133447212224091,32.9701804648035,27.067191746083434,35.10362767702759,1.032172516244613,0.0016224232248648,11.040279272616637,40.18679764217244,27.46585437465912,75.29042531920004,0.9939606482075622,0.9939606482075622,0.9939606482075622,0.9356614769334342,1.109198941428437,0.1152382932208746,-2465.919999999984,-0.0044166883373811,0.1104032902257484,0.0006667643087159,0.73131827540027,0.6470424055419093,0.0530882612548661,-8.790390604723651,-0.006913878263682,4.388188280706401,4.388188280706401,4.388188280706399,,78.5997502805359,0.3757020452253927,0.1626529178866059,0.524672838611881,0.0,1.0725370692837697,1.2119097591481234,0.4329306160391714,0.1432873195361137,0.1432873195361137,0.1432873195361137,0.1564743297896396,6.148060624999999,0.1496208519015042,0.1496208519015042,0.1496208519015042,0.8809391273017741,0.7966632574434135,-0.1785813866846966,1
117,214,2899,2298,212227.25,195000.0,0.0,0.0,0.0,0.0,0.0,195000.0,0.0,17225.25,0.0,11301.0,11301.0,0.0,0.0,0.0,0.0,0.0,0.0,326.79,326.79,5599.46,193352.52,200000.0,0.0,3429.15,18874.73,0.0,0.0,0.0,0.0,0.0,0.0,0.0,0.0,0.0,0.0,18874.73,0.0,0.0,0.0,0.0,9933.51,3870.0,3971.22,0.0,0.0,0.0,0.0,0.0,0.0,SFJIN,0.0,0.0,0.0,0.0,0.0,0.9110635886767604,0.0,36843.25,0.0,0.0,-36843.25,40326.45,0.0,54.05,3429.15,0.0,0.0,0.0,0.0,0.0,3429.15,0.0,3429.15,0.0,0.0,SFJIN,40326.45,,,0.0,36897.3,18874.73,0.0,0.0850347600644242,34.2915,-368.4325,-0.9136249285518562,34.2915,0.0161579156305328,0.0161579156305328,-0.1736028243309942,0.0177352226906584,0.0177352226906584,1.0976182260257068,34.2915,0.01714575,0.0161579156305328,,34.2915,3429.15,3429.15,3429.15,3429.15,34.2915,0.0850347600644242,34.2915,34.2915,0.0161579156305328,0.0161579156305328,0.0161579156305328,0.0161579156305328,0.1816794200499822,0.1816794200499822,-0.0,368.973,0.0,-368.973,34.2915,,0.0,0.0,1.0883448717948718,1.0,0.1816794200499822,,0.1816794200499822,0.0908397100249911,4.025344473120161,,0.0,0.0,0.0,0.9110635886767604,0.8949056730462276,0.0889364113232396,0.0889364113232396,0.9915513846153846,0.0976182260257068,0.0513751255996042,0.0,0.0,0.0976182260257068,0.0,0.0177352226906584,0.0161579156305328,1.097618226025707,1.0,34.2915,34.2915,34.2915,34.2915,34.2915,34.2915,34.2915,34.2915,34.2915,0.2484259438360243,0.3452103033066862,0.1816794200499822,0.1816794200499822,0.1816794200499822,0.0,0.0,0.0,0.0,0.0,41248.65,41248.65,41248.65,368.973,0.0,0.0,68892.7645,14494.952999999998,110141.4145,0.9126090810305632,0.9126090810305632,0.9126090810305632,0.6159447049043881,0.9299227061791084,0.0173136251485451,-1649.4799999999996,-0.0077722347153817,188.7473,16.494799999999994,0.0889364113232396,0.0873965996355321,0.0,-0.0,-0.1459587647110874,1.0,1.0,1.0,,0.0,11.320590412330736,10.243988655731764,0.9915513846153846,1.0256410256410255,0.9915513846153846,1.0957594229401606,0.9048987979084284,0.9110635886767604,0.9110635886767604,0.9110635886767604,0.912468618520224,0.0976182260257068,0.0,0.0650411763805072,0.0650411763805072,0.0889364113232396,0.0873965996355321,-0.0956433143205474,0
117,214,6920,1358,10324.44,0.0,0.0,0.0,0.0,0.0,0.0,0.0,0.0,10324.44,0.0,1574.4,0.0,0.0,0.0,0.0,1574.4,0.0,0.0,8750.04,8750.04,0.0,7269.04,5000.0,0.0,1501.44,3055.4,0.0,0.0,0.0,0.0,0.0,0.0,0.0,0.0,0.0,0.0,3055.4,0.0,0.0,0.0,0.0,0.0,0.0,0.0,0.0,0.0,0.0,0.0,0.0,0.0,SFJIN,0.0,0.0,0.0,0.0,0.0,0.7040614309347528,68880.0,0.0,0.0,0.0,1650.04,0.4,0.0,0.0,1650.44,0.0,0.0,0.0,0.0,0.0,1650.44,0.0,1501.44,67229.96,0.0,SFJIN,68880.4,,,0.0,67229.96,3055.4,0.0,0.0239609526077084,0.0239610917537746,0.0239552845528455,0.0239551454405026,0.0217979094076655,0.1454258051768425,0.1454258051768425,0.1598188376318715,0.2065527222301707,0.2065527222301707,1.4203306076180624,16.5044,0.300288,0.1454258051768425,,0.0217979094076655,1650.44,1650.44,1650.44,1650.44,0.0239610917537746,0.0239609526077084,0.0239610917537746,0.0239610917537746,0.1598575806532848,0.1598575806532848,0.1598575806532848,0.1598575806532848,0.4914053806375597,0.5401714996399817,9.475804232746,0.9760447154471544,-46.509115462525294,0.0239552845528454,15.0144,,0.0,0.0,103.2444,1.0,0.4914053806375597,,0.5401714996399817,0.2700857498199908,0.0,,0.0,0.0,0.0,0.7040614309347528,0.5586356257579104,0.2959385690652471,0.2959385690652472,72.6904,0.4203306076180623,0.0,0.0,0.0,0.4203306076180623,0.0,0.2270506146616334,0.1598575806532848,1.4203306076180624,0.9097210440852136,15.0144,16.5044,16.5044,16.5044,16.5044,16.5044,16.5044,16.5044,16.5044,16.5044,16.5044,0.5401714996399817,0.5401714996399817,0.5401714996399817,43.75000000000001,6.671548287364738,688.8,688.8,0.0,8.342857142857143,8.342857142857143,8.342857142857143,0.9760447154471544,0.0,43.75,16.190781068524974,0.0,24.53363821138212,3.3790796622373502,3.3790796622373502,3.3790796622373502,3.3790796622373502,6.242874909995419,2.863795247758068,7269.040000000001,0.7040614309347529,0.0443583042973286,-0.1055319396051103,0.2959385690652471,-0.5515688986521303,0.0,0.0,4.617022357723577,0.9097210440852136,0.9097210440852136,0.9097210440852136,,7.871964013878792,0.0,2.3790796622373502,72.6904,50.0,72.6904,0.2959385690652471,0.0237907966223735,0.7040614309347528,0.7040614309347528,0.7040614309347528,4.617022357723578,0.4203306076180623,0.0,0.0,0.0,0.2959385690652471,-0.5515688986521303,0.7040614309347528,0
117,214,2521,6874,3167791.53,942362.56,500.0,0.0,941862.56,789332.2,0.0,0.0,0.0,2225428.97,1785988.96,332909.28,0.0,0.0,0.0,0.0,0.0,0.0,0.0,88380.58,88380.58,18150.15,1676366.81,500000.0,1749612.29,-573245.48,1491424.72,82940.28,0.0,0.0,0.0,0.0,0.0,0.0,0.0,0.0,0.0,1341977.04,0.0,0.0,0.0,0.0,561500.2,0.0,0.0,0.0,66507.4,0.0,0.0,0.0,0.0,SFJMA,274978.22,0.0,564047.87,0.0,0.0,0.5291910133997991,7401166.44,5411774.98,833825.92,1757651.65,-602086.11,103582.8,0.0,31924.26,-530427.57,800.01,0.0,800.01,43617.92,33079.94,-573245.48,0.0,-573245.48,0.0,0.0,SFJMA,7505549.25,,,0.0,8078794.73,1341977.04,149447.6799999999,-0.0763762199015615,-0.0774533966567572,-0.0813501648532038,-0.0802273454775685,-0.0774533966567572,-0.180960607594023,-0.1727066732513171,-0.1900649409211596,-0.3419570684532939,-0.3419570684532939,1.8896768363005227,-0.6719953525271108,-1.14649096,-0.180960607594023,,-0.0774533966567572,-529627.5599999999,-529627.5599999999,-529627.5599999999,-530427.57,-0.0715600120999305,-0.0705647971066208,-0.071668104521103,-0.0715600120999305,-0.1671914186853072,-0.1671914186853072,-0.1674439637131045,-0.167470397017732,-0.4271648939686777,-0.3952583048663783,8.377554215088985,1.0915569586893388,4.6607245706406415,-0.0915569586893387,-13.142430450603788,,0.0589134963798766,0.0589134963798766,3.520130521738894,1.0471772459092346,-0.4271648939686777,,-0.3952583048663783,-0.1872052094723058,-0.9795109069154806,,0.0058933845568266,0.0044695576390793,0.0044695576390793,0.5291910133997991,0.7101516209938222,0.4708089866002009,0.4708089866002009,1.778897932872036,0.889676836300523,0.334950678246845,0.0,0.0,0.8005270875053891,6.302289603960399,-0.3419570684532939,-0.1705180201678234,2.005401353573896,1.0807233869838253,-16.329096727503135,-16.010535690209835,-16.010535690209835,-16.03471983322823,-12.142430450603788,-12.142430450603788,-12.16077176536616,-16.010535690209835,-16.010535690209835,-0.9446614088472276,-0.9446614088472276,-0.3551151814085527,-0.3551151814085527,-0.3556515879661696,2.403826080127456,2.3363805256465224,7.858011088157066,14802.33288,87.83750327873993,16.37295673626278,13.523823966320636,104.21046001500272,1.0915569586893388,0.0058933845568266,22.23178170341181,66.00035906772554,27.740684707531045,170.21081908272825,1.6583211960168858,1.6583211960168858,1.580016723507432,0.3139322413444571,1.7241796849221804,0.0658584889052945,883451.9300000002,0.2788857542023923,0.1813196677684767,-0.119366580546728,0.4236317406909665,0.3957319943967399,1.3308640213397391,2.021602873175001,0.4169392910534486,1.0823558351079767,1.0823558351079767,1.0807233869838253,,83.74199897760346,0.4234520951706672,1.1240036372737607,1.778897932872036,0.5305813507701325,1.937486236719761,0.6701740384012346,2.6543820424852185,0.5291910133997991,0.5291910133997991,0.52911668980468,0.5443050602031865,0.889676836300523,0.0471846934784686,0.1772528888603979,0.1772808706371276,0.4708833101953201,0.4429791595470846,0.3298259615987653,0
117,224,4619,10571,204527.44,0.0,0.0,0.0,0.0,0.0,0.0,0.0,0.0,0.0,0.0,0.0,0.0,0.0,0.0,0.0,0.0,0.0,0.0,0.0,0.0,0.0,0.0,0.0,0.0,0.0,0.0,0.0,0.0,0.0,0.0,0.0,0.0,0.0,0.0,0.0,0.0,0.0,0.0,0.0,0.0,0.0,0.0,0.0,0.0,0.0,0.0,0.0,0.0,0.0,0.0,SFJMI,0.0,0.0,0.0,0.0,0.0,0.0,0.0,0.0,0.0,0.0,0.0,0.0,0.0,0.0,0.0,0.0,0.0,0.0,0.0,0.0,0.0,0.0,0.0,0.0,0.0,SFJMI,0.0,,,0.0,0.0,0.0,0.0,0.0,0.0,0.0,0.0,0.0,0.0,0.0,0.0,0.0,0.0,2045.2744,0.0,0.0,0.0,,0.0,0.0,0.0,0.0,0.0,0.0,0.0,0.0,0.0,0.0,0.0,0.0,0.0,0.0,0.0,0.0,0.0,0.0,0.0,0.0,,0.0,0.0,0.0,0.0,0.0,,0.0,0.0,0.0,,0.0,0.0,0.0,0.0,0.0,0.0,1.0,0.0,0.0,0.0,0.0,0.0,0.0,0.0,0.0,0.0,0.0,0.0,0.0,0.0,0.0,0.0,0.0,0.0,0.0,0.0,0.0,0.0,0.0,0.0,0.0,0.0,0.0,0.0,0.0,0.0,0.0,0.0,0.0,0.0,0.0,0.0,0.0,0.0,0.0,0.0,,0.0,0.0,0.0,0.0,0.0,0.0,0.0,0.0,0.0,0.0,0.0,0.0,0.0,0.0,0.0,0.0,0.0,,0.0,0.0,0.0,0.0,0.0,0.0,0.0,0.0,0.0,0.0,0.0,0.0,0.0,0.0,0.0,0.0,0.0,0.0,0.0,0
117,214,5610,1803,628678.17,166600.0,0.0,0.0,0.0,0.0,0.0,0.0,0.0,462078.17,68757.51,163467.24,0.0,0.0,0.0,0.0,0.0,0.0,0.0,0.0,0.0,0.0,143225.09,5000.0,0.0,0.0,485453.08,0.0,0.0,0.0,0.0,0.0,0.0,0.0,0.0,137330.68,0.0,0.0,0.0,0.0,0.0,0.0,0.0,0.0,0.0,0.0,0.0,0.0,0.0,0.0,0.0,SFJMI,0.0,0.0,0.0,0.0,137330.68,0.2278194103669927,2580453.38,0.0,0.0,0.0,5122837.98,43.41,0.0,11.44,5122869.95,0.0,0.0,0.0,0.0,0.0,0.0,5803.0,0.0,2542384.6,0.0,SFJMI,2580496.79,,,0.0,2542396.04,0.0,485453.08,0.0,0.0,1.9852472513957995,1.985213854887221,0.0,0.0,0.0,8.14858575413872,0.0,0.0,4.389441612499598,51228.6995,0.0,0.0092304779725372,,0.0,0.0,0.0,0.0,5122869.95,0.0,0.0,1.985259640691513,0.0,0.0,0.0,8.148636606866754,8.148636606866754,0.0,51228.6995,5.5844520419564505,0.9852516847252634,18.01676912892846,0.0147483152747366,58.03,,0.0,0.0,6.687462484993998,1.7721805896330072,58.03,,51228.6995,10.552760217321106,23.665462691711184,,0.0,0.0,0.0,0.2278194103669927,0.2278194103669927,0.7721805896330073,0.7721805896330074,0.8596944177671069,3.389441612499598,0.958845129718543,0.958845129718543,0.0,0.0,0.0,0.0,0.0,0.0,0.0,0.0,0.0,0.0,51228.6995,0.0,0.0,51228.6995,0.0,0.0,37.303171803998936,37.303171803998936,0.0,0.0,10.552760217321106,4.104569719670717,4.104569719670717,25804.5338,25804.5338,9.69896756669946,23.05876782009524,0.0,32.7577353867947,0.9852516847252634,0.0,15.785752423543702,0.0,0.0,32.7577353867947,inf,4620.7817,4620.7817,3933.2066,4620.7817,0.0,462078.17,0.734999546747424,0.0,-0.1790685984026574,0.0,0.0,687.5750999999999,0.1488006022877038,1.9897886422528173,0.0,0.0,0.0,,25804.5338,0.3605450566946281,0.29503384755536,0.8596944177671069,0.0300120048019207,3.7735784513805526,1.0505864841007313,0.8182995220074413,0.2278194103669927,0.2278194103669927,0.2278194103669927,0.2278194103669927,3.389441612499598,0.7721805896330073,0.218443532085741,0.218443532085741,0.7721805896330073,0.7721805896330073,-0.0505864841007312,0
117,224,4120,2004,18548.35,0.0,0.0,0.0,0.0,0.0,0.0,0.0,0.0,18548.35,0.0,3422.0,0.0,0.0,0.0,0.0,0.0,0.0,0.0,0.0,0.0,0.0,8607.21,5000.0,0.0,0.0,9941.14,0.0,0.0,0.0,0.0,0.0,0.0,0.0,0.0,9150.0,0.0,0.0,0.0,0.0,0.0,0.0,0.0,0.0,0.0,0.0,0.0,0.0,0.0,0.0,0.0,SFJMI,0.0,0.0,0.0,0.0,9150.0,0.4640418150401518,83000.0,0.0,0.0,0.0,179770.47,6581.66,0.0,3958.19,182393.94,0.0,0.0,0.0,0.0,0.0,0.0,0.0,0.0,96770.47,0.0,SFJMI,89581.66,,,0.0,100728.66,0.0,9941.14,0.0,0.0,2.1659092771084336,2.006777614971636,0.0,0.0,0.0,9.69199254920249,0.0,0.0,2.1549782101284856,1823.9394,0.0,0.0,,0.0,0.0,0.0,0.0,182393.94,0.0,0.0,2.1975173493975904,0.0,0.0,0.0,9.833432084255474,9.833432084255474,0.0,1823.9394,4.474791558278769,1.2135983132530122,9.643078302957637,-0.2135983132530121,0.0,,0.0,0.0,284.8949,1.5359581849598485,0.0,,1823.9394,18.347386718223465,91.5,,0.0,0.0,0.0,0.4640418150401518,0.4640418150401518,0.5359581849598481,0.5359581849598481,86.07209999999999,1.1549782101284851,1.063062246651354,1.063062246651354,0.0,0.0,0.0,0.0,0.0,0.0,0.0,0.0,0.0,0.0,1823.9394,0.0,0.0,1823.9394,0.0,0.0,19.93376393442623,19.93376393442623,0.0,0.0,18.347386718223465,4.474791558278769,4.474791558278769,830.0,830.0,0.0,15.048554216867467,0.0,15.048554216867467,1.2135983132530122,0.0,24.25482174167153,0.0,0.0,15.048554216867467,inf,185.4835,185.4835,185.4835,185.4835,0.0,18548.35,1.0,0.0,-0.2234740963855421,0.0,0.0,0.0,0.0,5.420324371712448,0.0,0.0,0.0,,830.0,0.0,0.8658172000394321,86.07209999999999,50.0,185.4835,0.5359581849598481,0.0086581720003943,0.4640418150401518,0.4640418150401518,0.4640418150401518,0.4640418150401518,1.1549782101284851,0.5359581849598481,0.4933053344367559,0.4933053344367559,0.5359581849598481,0.5359581849598481,0.4640418150401518,0
117,214,6201,1378,128792.94,66048.17,0.0,0.0,43753.59,43753.59,0.0,22294.58,0.0,62744.77,0.0,26101.22,0.0,0.0,0.0,0.0,0.0,0.0,0.0,35934.03,35934.03,709.52,86573.75,50000.0,534582.48,-159057.22,42219.19,0.0,0.0,0.0,0.0,0.0,0.0,0.0,19600.0,0.0,0.0,22619.19,0.0,0.0,0.0,0.0,0.0,0.0,0.0,0.0,0.0,0.0,0.0,0.0,0.0,SFJMA,1135.7,0.0,9853.49,0.0,0.0,0.6721932894768922,40624.72,0.0,0.0,0.0,-191667.63,25381.18,0.0,582.06,-166868.51,9197.29,0.0,2.71,0.0,0.0,-157671.22,1386.0,-159057.22,232292.35,13104.04,SFJMA,75203.19,,,13104.04,232874.41,22619.19,19600.000000000004,-2.0966028169815667,-3.881164473256677,-4.718004948711031,-2.9037954182883654,-3.915281631479552,-1.2349839983464932,-1.2350010419825808,-1.4881842902258462,-1.8372453543943748,-1.8372453543943748,1.487667335653128,-3.813824419893317,-3.1811444,-1.122477520895167,,-3.915281631479552,-157671.22,-144567.18,-144567.18,-153764.47,-3.5586012654364136,-1.922354357574459,-3.784997656599233,-3.881164473256677,-1.122477520895167,-1.122477520895167,-1.193888966274083,-1.2956339842851634,-7.031959146194007,-7.377298214480714,1.0124394463581583,5.732332678231383,0.8022303440856308,-4.732332678231383,-1445.6717999999998,,0.0,0.0,2.246738100389458,1.1521822547105454,-6.391350883917594,,-7.377298214480714,-2.573607021026744,-0.0,,0.0,0.0,0.0,0.6721932894768922,1.9071772878233848,0.3278067105231079,0.3278067105231079,1.310766823668241,0.4876673356531281,0.0,0.0,0.2263965693989229,0.2612707662542052,2.2323260204081627,-1.8212358827011648,-1.2242225389062475,1.487667335653128,0.9531889509890152,-1590.5722,-1445.6717999999998,-1445.6717999999998,-1537.6447,-1445.6717999999998,-1445.6717999999998,-1537.6447,-1445.6717999999998,-1445.6717999999998,-1537.6447,-1537.6447,-3.424205438332663,-3.424205438332663,-3.642051635760896,0.4374886588696766,0.3154266064583975,0.9284888394300904,406.2472,0.0,234.51103909146943,10.203898020712511,234.51103909146943,5.732332678231383,0.0,1.5564299293289738,203.22612315851035,88.53042802510392,437.73716224997975,2.7739618439033404,2.7739618439033404,2.7739618439033404,2.742593788725414,4.36261422270205,1.5886523787987104,40125.58,0.3115510834677739,0.556783899064412,-0.9877133922399958,0.1756244558125624,-0.1033817536892938,0.0,0.0,1.5373066852813777,1.1002304949159278,1.1002304949159278,1.0344211507378784,,1.1305361519428798,1.0526482127514374,2.050578184943861,1.310766823668241,0.757023245307175,1.6075199358286536,0.6728718584831852,1.948018492886631,0.6721932894768922,0.6721932894768922,0.6721932894768922,0.9323149496370352,0.4876673356531281,0.1521822547105455,0.0,0.0,0.3278067105231079,0.0488005010212516,0.3271281415168149,0
117,216,1032,8656,45081324.93,23980988.0,0.0,0.0,23980988.0,19417417.6,0.0,0.0,0.0,21100336.93,15661983.52,4157993.6,0.0,0.0,0.0,0.0,0.0,0.0,0.0,1280359.81,0.0,0.0,3266254.79,981000.0,275173.27,355097.87,41815070.14,0.0,0.0,0.0,0.0,0.0,0.0,0.0,15303246.26,0.0,0.0,26511823.88,0.0,0.0,0.0,0.0,0.0,0.0,0.0,0.0,0.0,0.0,0.0,0.0,0.0,SFJMA,0.0,0.0,0.0,0.0,0.0,0.0724525021185973,29599809.49,0.0,0.0,0.0,1140656.53,0.0,0.0,298.49,1140358.04,3923.46,0.0,0.0,705889.63,0.0,438391.87,83294.0,355097.87,28459152.96,0.0,SFJMA,29603732.95,,,0.0,29165341.08,26511823.88,15303246.260000002,0.0148086685804264,0.0148106314720743,0.0385359416041295,0.0385359416041295,0.011996626874236,0.0078768286103254,0.0078768286103254,0.0253021962369374,0.1087171371587946,0.1087171371587946,13.802145830148174,0.0587286148699814,0.3619754026503567,0.0097244672972835,,0.011996626874236,1144281.5,1144281.5,1144281.5,1140358.04,0.0386584075950415,0.0386532840953762,0.0385258574176046,0.0386584075950415,0.0253826058079877,0.0253826058079877,0.0252955750916968,0.0252955750916968,0.0133939434573522,0.0430131870655743,-5.469810749520518,0.9853219187053628,14.905022565694788,0.0146780812946372,0.6210487466716291,,0.0,0.0,2.51801848989708,1.339458662400941,0.0165357114615835,,0.0430131870655743,0.0166897391774636,0.0,,0.0238477761229672,0.0,0.0,0.0724525021185973,0.0645756735082719,0.9275474978814028,0.9275474978814028,0.1362018441442029,12.802145830148174,0.0,0.0,4.685257961764826,8.116887868383348,1.5670523490615251,0.1342185157576148,0.0097244672972835,13.802145830148174,0.3113915608469775,3550.9787,11442.815,11442.815,11403.5804,1.621048746671629,1.621048746671629,1.615490568971809,11442.815,11442.815,11403.5804,11403.5804,0.0273652895037329,0.0273652895037329,0.0272714606523914,0.6565869467226415,0.6565869467226415,1.2343031692439026,295998.0949,192.60130722145405,51.13241255526743,0.0,243.73371977672147,0.9853219187053628,0.0238477761229672,7.118772258331518,326.0258784969633,0.0,569.7595982736848,0.7958840185988744,0.7958840185988744,0.7958840185988744,0.2051293579278258,0.8441779351470254,0.0482939165481511,-5411486.949999999,-0.1200383298051395,0.8956754903762727,0.1828216817350874,0.5880888354804615,0.5596877223368688,0.5907546606710485,-2.89421071596597,-0.273031947374922,0.3103238757246359,0.3103238757246359,0.3113915608469775,,295998.0949,1.1365215673833318,0.0781119050874322,0.1362018441442029,0.0409074054830434,0.7743426188278815,1.981725233996062,0.0687289245792959,0.0724525021185973,0.0724525021185973,0.0724525021185973,0.0724525021185973,12.802145830148174,0.3394586624009411,0.0,0.0,0.9275474978814028,0.8991463847378098,-0.9817252339960622,0
117,214,8122,1636,4187.91,0.0,0.0,0.0,0.0,0.0,0.0,0.0,0.0,4187.91,0.0,3744.91,0.0,0.0,0.0,0.0,0.0,0.0,0.0,0.0,0.0,0.0,599.91,5000.0,0.0,0.0,3588.0,0.0,0.0,0.0,0.0,0.0,0.0,0.0,0.0,0.0,0.0,0.0,0.0,0.0,0.0,0.0,0.0,0.0,0.0,0.0,0.0,0.0,0.0,0.0,0.0,SFJMI,0.0,0.0,0.0,0.0,0.0,0.1432480640701447,0.0,0.0,0.0,0.0,4413.0,0.0,0.0,0.0,4413.0,0.0,0.0,0.0,0.0,0.0,0.0,0.0,0.0,4413.0,0.0,SFJMI,0.0,,,0.0,4413.0,0.0,3588.0,0.0,0.0,44.13,44.13,0.0,0.0,0.0,1.0537475733719206,0.0,0.0,6.980897134570186,44.13,0.0,0.0,,0.0,0.0,0.0,0.0,4413.0,0.0,0.0,44.13,0.0,0.0,0.0,1.0537475733719206,1.0537475733719206,0.0,44.13,0.0,44.13,0.0,-44.13,0.0,,0.0,0.0,77.7591,1.8567519359298552,0.0,,44.13,1.229933110367893,0.0,,0.0,0.0,0.0,0.1432480640701447,0.1432480640701447,0.8567519359298552,0.8567519359298552,5.999099999999999,5.980897134570186,0.0,0.0,0.0,0.0,0.0,0.0,0.0,0.0,0.0,0.0,0.0,0.0,44.13,0.0,0.0,44.13,0.0,0.0,44.13,44.13,0.0,0.0,1.229933110367893,0.0,0.0,0.0,0.0,0.0,13631.4724,0.0,13631.4724,44.13,0.0,0.0,0.0,0.0,13631.4724,inf,41.8791,41.8791,41.8791,41.8791,0.0,4187.91,1.0,0.0,-41.8791,0.0,0.0,0.0,0.0,1.1182938975836536,0.0,0.0,0.0,,0.0,0.0,0.1671989966555183,5.999099999999999,50.0,41.8791,0.8567519359298552,0.0016719899665551,0.1432480640701447,0.1432480640701447,0.1432480640701447,0.1432480640701447,5.980897134570186,0.8567519359298552,0.0,0.0,0.8567519359298552,0.8567519359298552,0.1432480640701447,0
117,113,6820,7851,1609992.4,1420680.69,0.0,0.0,1420680.69,1420680.69,0.0,0.0,0.0,189311.71,48.45,15002.18,0.0,0.0,0.0,0.0,12748.28,0.0,0.0,169012.94,169012.94,5248.12,841915.31,865414.58,0.0,1260.62,768077.09,0.0,0.0,0.0,0.0,0.0,0.0,0.0,623862.94,623862.94,0.0,83481.24,0.0,0.0,0.0,0.0,55000.0,0.0,15810.07,0.0,60732.91,0.0,60732.91,42633.77,18099.14,SFJIN,0.0,0.0,0.0,0.0,0.0,0.5229312324704142,461151.35,0.0,0.0,0.0,-21179.77,27482.06,0.0,1097.14,5205.15,1170.72,0.0,1170.72,5115.25,5115.25,1260.62,0.0,1260.62,482331.12,16003.44,SFJIN,489804.13,,,16003.44,488543.51,101580.38,666496.71,0.0025737226838001,0.002733636147872,-0.0459280234135712,-0.0433449075862414,0.002733636147872,0.000782997484957,0.0027675219460663,-0.0131551987450375,0.0014973240004389,0.0014973240004389,1.912297330713703,0.0036638422952028,0.001456666006251,0.0107230692517554,,0.002733636147872,6375.87,22379.31,22379.31,21208.59,0.0485292084691934,0.0456903252326598,0.045990519164695,0.0138259814267051,0.0139002581627093,0.0139002581627093,0.0131730994506557,0.0032330276838573,0.0124100736776137,0.0512416866327926,5.256404411058171,1.0593995008363306,0.6853168759087591,-0.0593995008363307,3.375017838815308,,0.0075350261423903,0.0075350261423903,1.60239322320908,1.4139750659692556,0.1699546703802447,,0.0512416866327926,0.0059852875178545,39.322322790815136,,0.011092345278833,0.011092345278833,0.011092345278833,0.5229312324704142,0.5221482349854571,0.4770687675295859,0.4770687675295857,0.5926140306728601,0.9122973307137032,0.8063316249706872,0.741004389146932,0.741004389146932,0.1206539170786667,2.1315644453818834,0.0014973240004389,0.0039601863959109,0.3780943245461887,0.2421870647339654,1.2464434778358828,4.375017838815308,4.375017838815308,4.1461492595669815,4.375017838815308,4.375017838815308,4.1461492595669815,4.375017838815308,4.375017838815308,0.0312413430610897,0.0312413430610897,0.0291368018801341,0.0291368018801341,0.0276125798778869,0.3200263173772095,0.2864307620334108,0.324598872389826,4611.5135,0.0383480390982266,11.87418338903269,10.090227861200017,11.912531428130915,1.0593995008363306,0.011092345278833,30.738955938403617,80.40058583803345,12.513626057909187,92.31311726616435,1.86366412490286,1.86366412490286,1.1663352397083442,1.8115224613257008,3.5274986173511067,1.6638344924482464,87731.32999999999,0.0544917665449849,0.2202755776384478,-0.190244113998582,0.0630937015603303,-0.041883775351983,0.0004769621850203,0.0005522542517023,5.829080244481459,0.0563297081098568,0.0563297081098568,0.0594391234872285,,2.7284972973075314,7.504452260243172,1.096133865937858,0.5926140306728601,0.6091548833538379,1.0617530248827414,4.057208558308411,0.1460644731854605,0.5229312324704142,0.5229312324704142,0.5229312324704142,0.5842660033474731,0.9122973307137032,0.4139750659692555,0.4216559904257933,0.4216559904257933,0.4770687675295859,0.3720912906172724,-3.0572085583084108,0
117,214,2014,1945,1598046.48,1569142.71,355683.46,0.0,1213459.25,1108550.0,0.0,0.0,0.0,28903.77,0.0,24748.44,0.0,0.0,0.0,0.0,0.0,0.0,0.0,155.33,155.33,4000.0,51591.6,1805000.0,9870.93,-368316.96,1546454.88,0.0,0.0,0.0,0.0,0.0,0.0,0.0,0.0,0.0,0.0,1546454.88,0.0,0.0,0.0,0.0,1527650.0,0.0,0.0,0.0,0.0,0.0,0.0,0.0,0.0,SFJMA,0.0,0.0,6765.28,0.0,0.0,0.032284167354131,-2965.95,0.0,0.0,0.0,-246180.96,0.0,0.0,122136.0,-368316.96,0.0,0.0,0.0,0.0,0.0,-368316.96,0.0,-368316.96,243215.01,212298.24,SFJMA,-2965.95,,,212298.24,365351.01,1546454.88,0.0,124.18178323977142,124.18178323977142,83.00239720831438,83.00239720831438,124.18178323977142,-0.2304795039503482,-0.2304795039503482,-0.1540511887989641,-7.13908775847231,-7.13908775847231,30.97493545460889,-0.3322511027919353,-0.2040537174515235,-0.0976309024503467,,124.18178323977142,-368316.96,-156018.72000000003,-156018.72000000003,-156018.71999999997,52.60328731097963,52.60328731097963,52.60328731097961,124.18178323977142,-0.0976309024503467,-0.0976309024503467,-0.0976309024503467,-0.2964648448727973,-0.2381685781870338,-0.2381685781870338,0.0019544317027978,-123.18178323977142,-0.0576626182263993,124.18178323977142,-1560.1872000000003,,0.0,0.0,1.0184201027833857,1.0,-0.100887987110235,,-0.2381685781870338,-0.1190842890935169,-9.791453230740514,,-0.0,-0.0,-0.0,0.032284167354131,0.2627636713044792,0.9677158326458688,0.9677158326458688,0.0328788450350701,29.97493545460889,29.61044045929958,0.0,0.0,29.97493545460889,12134.5925,-7.13908775847231,-0.2304795039503482,30.97493545460889,1.0000000000000002,-3683.1696,-1560.1872000000003,-1560.1872000000003,-1560.1871999999996,-1560.1872000000003,-1560.1872000000003,-1560.1871999999996,-1560.1872000000003,-1560.1872000000003,-0.1021298857722645,-0.1021298857722645,-0.100887987110235,-0.100887987110235,-0.1008879871102349,-0.00238764421109,-0.0018559848146594,-0.0024442106317126,-0.0083387346715531,-0.0,-3037.2838921762,-0.0,-3037.2838921762,-123.18178323977142,-0.0,-0.1198439174347958,-189790.64930966467,-830.277624369932,-192827.93320184087,0.0186903416153984,0.0186903416153984,0.0186903416153984,0.0161037805383626,0.0187907842484224,0.0001004426330239,-1517551.11,-0.949628893147088,-521.402882718859,-511.6576847215901,0.9677158326458688,0.9676186327196188,0.0,-0.0,-61.31906132265306,2.360722867102101,2.360722867102101,2.360722867102102,,-19.094508465846904,54.28851357452678,0.0333612061154994,0.0328788450350701,1.150309649018476,0.0328788450350701,53.50356994952561,0.0006145168456252,0.032284167354131,0.032284167354131,-0.2447689243036226,-0.2447995310671439,29.97493545460889,0.0,0.95594841521756,1.2296325433125013,1.2447689243036226,1.244643896435359,-52.50356994952561,1
117,0,6810,2017,41675591.38,38988944.64,0.0,0.0,5348667.01,3571517.23,0.0,33640277.63,0.0,2686646.74,31914.64,530494.71,0.0,0.0,0.0,0.0,0.0,0.0,0.0,2108514.57,2108514.57,15722.82,32100170.91,60000.0,29764363.78,2275807.13,9575420.47,0.0,0.0,0.0,0.0,0.0,0.0,0.0,8636222.5,5096222.5,0.0,939197.97,0.0,0.0,0.0,0.0,0.0,0.0,0.0,0.0,0.0,0.0,0.0,0.0,0.0,SFJMA,164418.12,0.0,832630.14,0.0,0.0,0.77023912191933,5267798.43,0.0,0.0,0.0,3123682.98,17770.54,0.0,310096.17,2831357.35,8128.83,0.0,0.0,27250.05,0.0,2812236.13,536429.0,2275807.13,2144115.45,187402.43,SFJMA,5293697.8,,,187402.43,2481461.67,939197.97,8636222.5,0.5312422877633853,0.5338541645755417,0.5929769374262105,0.5909832976789252,0.4320224397804075,0.054607674531816,0.054607674531816,0.0749523372450342,0.0708970409030136,0.0708970409030136,1.2982981148868906,0.7927603781992675,37.93011883333333,0.0719759086955516,,0.4320224397804075,2839486.18,3026888.61,3026888.61,3018759.7800000003,0.5746022081562449,0.5717909718986981,0.5730590910252427,0.539027113078053,0.0726297698429924,0.0726297698429924,0.0724347197013908,0.0679380245425566,2.423138893709491,3.01465446097589,3.0145653025353063,0.4710623807980443,0.1756421309407415,0.5289376192019557,110.07827728756462,,0.0,0.0,1.2904123039120043,1.2072249538405948,3.193829901484988,,3.01465446097589,0.2692781831463205,1.6989455222898588,,0.0051729485025113,0.0,0.0,0.77023912191933,0.7156314473875139,0.2297608780806699,0.22976087808067,0.8233146910334016,0.2982981148868905,0.1587599802595568,0.1587599802595568,0.2690397669287674,0.029258347958123,0.6193294591472139,0.0876081357287701,0.0674792135367174,1.2982981148868906,0.8037866113932951,22758.0713,30268.8861,30268.8861,30187.597800000003,111.0782772875646,111.0782772875646,110.77997214684012,30268.8861,30268.8861,0.5923524296672683,0.5923524296672683,0.3161102553651098,0.3161102553651098,0.3152613286756273,0.1331359012265632,0.1264000882907207,0.9848806104682146,52677.9843,2.21133055009472,36.75739907724601,11.392351965904664,38.968729627340736,0.4710623807980443,0.0051729485025113,9.929973533572088,65.07600159826161,57.69203304538743,104.04473122560236,2.8605755397874213,2.8605755397874213,2.8605755397874213,2.809854114143795,5.10559164645554,2.245016106668118,1747448.7700000005,0.0419297894075858,0.178290415337703,-0.3317227857558704,0.0225359242400749,-0.0280575886575457,0.0339807378416714,0.0182635625993201,3.107076313720603,0.7518635216642479,0.7518635216642479,0.753888118252324,,2.4983457572218724,14.512121768565672,3.352351054511969,0.8233146910334016,0.0015388977709964,1.044819083618058,3.564078718439924,0.2310035092024523,0.77023912191933,0.77023912191933,0.77023912191933,0.8112848736373456,0.2982981148868905,0.207224953840595,0.1222831477910512,0.1222831477910512,0.2297608780806699,0.1791673651830492,-2.564078718439924,0
117,214,4120,1590,1927544.96,3977.47,0.0,0.0,0.0,0.0,0.0,0.0,0.0,1923567.49,0.0,1921572.05,0.0,0.0,0.0,0.0,0.0,0.0,0.0,0.0,0.0,0.0,1657398.17,5000.0,0.0,0.0,270146.79,270146.79,0.0,0.0,0.0,0.0,0.0,0.0,0.0,17.06,0.0,0.0,0.0,0.0,0.0,0.0,0.0,0.0,0.0,0.0,0.0,0.0,0.0,0.0,0.0,SFJMI,0.0,0.0,0.0,0.0,17.06,0.8598492924388129,904920.81,0.0,0.0,0.0,1512598.87,44997.55,0.0,5.72,1557590.7000000002,0.0,0.0,0.0,0.0,0.0,0.0,30801.0,0.0,607678.06,16065.02,SFJMI,949918.36,,,16065.02,607683.78,0.0,270146.79,0.0,0.0,1.6715262300134306,1.5923461780441848,0.0,0.0,0.0,0.7847281912428129,0.0,0.0,1.162994502401315,15575.907,0.0,0.0243138401295708,,0.0,0.0,16065.02,16065.02,1573655.7200000002,0.0177529567476738,0.0169120007323576,1.738998266599704,0.0,0.0083344463207747,0.0083344463207747,0.816404157960601,0.8080697116398261,0.0,15575.907,0.4704388147046507,0.6715325510085242,0.5459887831298861,0.3284674489914758,468.6602,,0.0,0.0,552.5350914023236,1.140150707561187,468.6602,,15575.907,5.765719814771814,0.0003640164025022,,0.0,0.0,0.0,0.8598492924388129,0.8598492924388129,0.140150707561187,0.140150707561187,416.696586020762,0.1629945024013149,1.029324172597584e-05,1.029324172597584e-05,0.0,0.0,0.0,0.0,0.0,0.0,0.0,0.0,160.6502,160.6502,15736.557200000005,160.6502,160.6502,15736.557200000005,160.6502,160.6502,92242.42203985936,92242.42203985936,0.0594677434442215,0.0594677434442215,5.825187558216037,0.469468068853761,0.469468068853761,9049.2081,9049.2081,0.0,775.0664925586141,0.0,775.0664925586141,0.6715325510085242,0.0,0.4709273378533998,0.0,0.0,775.0664925586141,inf,19235.6749,19235.6749,19235.6749,19235.6749,0.0,1923567.49,0.9979365098700472,0.0,-2.1256749416559444,0.0,0.0,0.0,0.0,1.0010384414157147,0.0,0.0,0.0,,9049.2081,0.0020677569259605,6.135176249919534,416.696586020762,1.257080505949762,484.6158387115428,0.1404405051574249,2967.068407747973,0.8598492924388129,0.8598492924388129,0.8598492924388129,0.8598492924388129,0.1629945024013149,0.140150707561187,8.850636614981991e-06,8.850636614981991e-06,0.140150707561187,0.140150707561187,0.859559494842575,0
117,214,2222,9997,1160000.0,126000.0,0.0,0.0,0.0,0.0,0.0,0.0,0.0,1034000.0,224000.0,809000.0,0.0,0.0,0.0,0.0,0.0,0.0,0.0,1000.0,0.0,0.0,552000.0,151000.0,59000.0,303000.0,608000.0,0.0,0.0,0.0,0.0,0.0,0.0,0.0,0.0,0.0,0.0,0.0,0.0,0.0,0.0,0.0,0.0,0.0,0.0,0.0,0.0,0.0,0.0,0.0,0.0,SFJMA,0.0,0.0,0.0,0.0,0.0,0.4758620689655172,0.0,0.0,0.0,0.0,0.0,0.0,0.0,0.0,0.0,0.0,0.0,0.0,0.0,0.0,332000.0,0.0,302000.0,0.0,0.0,SFJIN,0.0,,,0.0,0.0,0.0,608000.0,3320.0,3320.0,0.0,0.0,3020.0,0.2603448275862069,0.2603448275862069,0.0,0.5471014492753623,0.5471014492753623,2.101449275362319,0.0,2.0,0.2603448275862069,,3020.0,332000.0,332000.0,332000.0,0.0,3320.0,3320.0,0.0,3320.0,0.2862068965517241,0.2862068965517241,0.0,0.0,3020.0,0.0,0.0,0.0,0.0,0.0,3020.0,,0.0,0.0,14.031746031746032,1.5241379310344827,3020.0,,0.0,0.0,0.0,,0.0,0.0,0.0,0.4758620689655172,0.2146551724137931,0.5241379310344828,0.5241379310344828,4.380952380952381,1.1014492753623188,0.0,0.0,0.0,0.0,0.0,0.6014492753623188,0.2862068965517241,2.101449275362319,3020.0,3020.0,3320.0,3320.0,0.0,3320.0,3320.0,0.0,3320.0,3320.0,0.0,0.0,0.5460526315789473,0.5460526315789473,0.0,0.0,0.0,0.0,0.0,815360.0,2944760.0,0.0,3760120.0,0.0,0.0,0.0,0.0,0.0,3760120.0,inf,10340.0,10340.0,8100.0,10350.0,10.0,1034000.0,0.8913793103448275,0.0,-10340.0,0.0,-0.0008620689655172,2240.0,0.2166344294003868,1.0009680542110355,0.9096385542168676,0.9096385542168676,3020.0,,0.0,0.1218568665377176,0.9078947368421052,4.380952380952381,1.1984126984126984,9.206349206349206,0.5880077369439072,7.450501253132832,0.4758620689655172,0.4758620689655172,0.4758620689655172,0.4758620689655172,1.1014492753623188,0.5241379310344828,0.0,0.0,0.5241379310344828,0.5232758620689655,0.4119922630560928,0
117,214,6622,3043,69960.34,0.0,0.0,0.0,0.0,0.0,0.0,0.0,0.0,0.0,0.0,0.0,0.0,0.0,0.0,0.0,0.0,0.0,0.0,0.0,0.0,0.0,0.0,0.0,0.0,0.0,0.0,0.0,0.0,0.0,0.0,0.0,0.0,0.0,0.0,0.0,0.0,0.0,0.0,0.0,0.0,0.0,0.0,0.0,0.0,0.0,0.0,0.0,0.0,0.0,0.0,SFJMI,0.0,0.0,0.0,0.0,0.0,0.0,0.0,0.0,0.0,0.0,0.0,0.0,0.0,0.0,0.0,0.0,0.0,0.0,0.0,0.0,0.0,0.0,0.0,0.0,0.0,SFJMI,0.0,,,0.0,0.0,0.0,0.0,0.0,0.0,0.0,0.0,0.0,0.0,0.0,0.0,0.0,0.0,699.6034,0.0,0.0,0.0,,0.0,0.0,0.0,0.0,0.0,0.0,0.0,0.0,0.0,0.0,0.0,0.0,0.0,0.0,0.0,0.0,0.0,0.0,0.0,0.0,,0.0,0.0,0.0,0.0,0.0,,0.0,0.0,0.0,,0.0,0.0,0.0,0.0,0.0,0.0,1.0,0.0,0.0,0.0,0.0,0.0,0.0,0.0,0.0,0.0,0.0,0.0,0.0,0.0,0.0,0.0,0.0,0.0,0.0,0.0,0.0,0.0,0.0,0.0,0.0,0.0,0.0,0.0,0.0,0.0,0.0,0.0,0.0,0.0,0.0,0.0,0.0,0.0,0.0,0.0,,0.0,0.0,0.0,0.0,0.0,0.0,0.0,0.0,0.0,0.0,0.0,0.0,0.0,0.0,0.0,0.0,0.0,,0.0,0.0,0.0,0.0,0.0,0.0,0.0,0.0,0.0,0.0,0.0,0.0,0.0,0.0,0.0,0.0,0.0,0.0,0.0,0
117,214,4321,10641,3483706.49,1071554.34,0.0,0.0,1071554.34,1071554.34,0.0,0.0,0.0,2412152.15,359469.38,1149597.78,0.0,0.0,0.0,0.0,0.0,0.0,0.0,870984.4,870984.4,32100.59,2210621.8,50000.0,0.0,1115621.8,1273084.69,0.0,0.0,0.0,0.0,0.0,0.0,0.0,0.0,0.0,0.0,1094316.44,0.0,0.0,0.0,0.0,0.0,0.0,0.0,0.0,178768.25,0.0,0.0,0.0,0.0,SFJMA,0.0,0.0,1094316.44,0.0,0.0,0.6345602898365872,5044243.26,0.0,0.0,0.0,1173968.69,48685.11,0.0,1782.02,1220871.78,11200.23,0.0,0.0,3937.21,0.0,1228134.8,112513.0,1115621.8,3870274.57,121543.6,SFJMA,5104128.600000001,,,121543.6,3875993.8,1094316.44,178768.25,0.2406159594019633,0.2434725560797002,0.2327343527044728,0.2305095624189978,0.2211673272870666,0.3202398948368351,0.3202398948368351,0.3369884039800379,0.5046642532883735,0.5046642532883735,1.5758943886285752,1.1393465869402386,22.312436,0.3874259797357383,,0.2211673272870666,1232072.01,1353615.61,1353615.61,1342415.38,0.2683485986359825,0.2652001381783366,0.2661282001693154,0.2442530913943274,0.3885561581854159,0.3885561581854159,0.3853411255665226,0.3504519635923748,1.0194691034706562,1.11564784679649,3.827672312810525,0.768399460576372,3.76537954225524,0.231600539423628,342.80071421133243,,0.0,0.0,3.417908549556152,1.0513155314643052,1.23335294131193,,1.11564784679649,0.5157012745026442,0.0,,0.0007805353146271,0.0,0.0,0.6345602898365872,0.314320394999752,0.3654397101634127,0.3654397101634128,2.0630048495720708,0.575894388628575,0.0,0.0,0.0,0.495026530544483,5.994097609614683,0.555560792895465,0.3525368177615904,1.5758943886285752,0.913791127189458,11156.218,13536.1561,13536.1561,13424.153800000002,343.80071421133243,343.80071421133243,340.95600183886563,13536.1561,13536.1561,13424.153800000002,13424.153800000002,1.063256530089919,1.063256530089919,1.0544588200177003,1.930646691933469,1.4479529990484357,4.707407801642612,50442.4326,25.939838262280794,82.95666373552334,0.0,108.89650199780414,0.768399460576372,0.0007805353146271,4.387833160220612,78.96748107267135,78.96748107267135,187.86398307047548,2.204254694373412,2.204254694373412,1.894730310518462,1.8464331761295665,3.0001710931072187,0.7959163987338069,1317835.71,0.3782855168145924,0.2169436293205256,-0.2612553840236484,0.3141241786991073,0.064107593633699,0.328487599071435,0.2727725294376793,0.8732783701952668,0.824179177425414,0.824179177425414,0.8310555857904428,,5.791427791358834,0.44423165429262,1.736429490798448,2.0630048495720708,0.0466611893896113,2.2298356329740585,0.5277795971535212,3.908837819230783,0.6345602898365872,0.6345602898365872,0.6345602898365872,0.846099096593928,0.575894388628575,0.0513155314643054,0.0,0.0,0.3654397101634127,0.1154231250980044,0.4722204028464787,0
117,215,7010,1815,32504.84,6000.0,0.0,0.0,0.0,0.0,0.0,0.0,0.0,26504.84,0.0,17416.72,0.0,0.0,0.0,0.0,0.0,0.0,0.0,0.0,0.0,0.0,14310.52,5000.0,0.0,0.0,18194.32,0.0,0.0,0.0,0.0,0.0,0.0,0.0,0.0,0.0,0.0,0.0,0.0,0.0,0.0,0.0,0.0,0.0,0.0,0.0,0.0,0.0,0.0,0.0,0.0,SFJMI,0.0,0.0,0.0,0.0,0.0,0.440258127712673,1000.0,0.0,0.0,0.0,1195.0,0.0,0.0,0.0,1195.0,0.0,0.0,0.0,0.0,0.0,0.0,109.0,0.0,195.0,0.0,SFJMI,1000.0,,,0.0,195.0,0.0,18194.32,0.0,0.0,1.195,1.195,0.0,0.0,0.0,0.0367637557975981,0.0,0.0,2.2713947501558294,11.95,0.0,0.0033533467631281,,0.0,0.0,0.0,0.0,1195.0,0.0,0.0,1.195,0.0,0.0,0.0,0.0367637557975981,0.0367637557975981,0.0,11.95,0.0377289581827319,0.195,0.0698786626901049,0.805,1.09,,0.0,0.0,8.449860000000001,1.559741872287327,1.09,,11.95,0.0656798385430178,0.0,,0.0,0.0,0.0,0.440258127712673,0.440258127712673,0.5597418722873271,0.5597418722873271,2.3850866666666666,1.2713947501558294,0.0,0.0,0.0,0.0,0.0,0.0,0.0,0.0,0.0,0.0,0.0,0.0,11.95,0.0,0.0,11.95,0.0,0.0,11.95,11.95,0.0,0.0,0.0656798385430178,0.030764649203011,0.030764649203011,10.0,10.0,0.0,6339.68608,0.0,6339.68608,0.195,0.0,0.0574160921229714,0.0,0.0,6339.68608,inf,265.0484,265.0484,265.0484,265.0484,0.0,26504.84,0.815412104781934,0.0,-26.50484,0.0,0.0,0.0,0.0,1.5218043351446195,0.0,0.0,0.0,,10.0,0.2263737490963914,0.7865377766247929,2.3850866666666666,0.8333333333333334,5.417473333333334,0.6864527384432428,3.4745096538993123,0.440258127712673,0.440258127712673,0.440258127712673,0.440258127712673,1.2713947501558294,0.5597418722873271,0.0,0.0,0.5597418722873271,0.5597418722873271,0.3135472615567572,0
117,224,5510,3849,481399.68,58477.93,0.0,0.0,58477.93,58477.93,0.0,0.0,0.0,422921.75,0.0,0.0,0.0,0.0,0.0,0.0,0.0,0.0,0.0,422921.75,422921.75,0.0,286399.68,399000.0,138.88,-39442.12,195000.0,0.0,0.0,0.0,0.0,0.0,0.0,0.0,195000.0,195000.0,0.0,0.0,0.0,0.0,0.0,0.0,0.0,0.0,0.0,0.0,0.0,0.0,0.0,0.0,0.0,SFJMA,0.0,0.0,0.0,0.0,0.0,0.5949311806771455,0.0,0.0,0.0,0.0,-39442.12,0.0,0.0,0.0,-39442.12,0.0,0.0,0.0,0.0,0.0,-39442.12,0.0,-39442.12,39442.12,39442.12,SFJMA,0.0,,,39442.12,39442.12,0.0,195000.0,-394.4212,-394.4212,-394.4212,-394.4212,-394.4212,-0.0819321691281556,-0.0819321691281556,-0.0819321691281556,-0.1377170533151434,-0.1377170533151434,1.6808666825326062,-0.6744787306937848,-0.0988524310776942,0.0,,-394.4212,-39442.12,0.0,0.0,0.0,0.0,0.0,0.0,-394.4212,0.0,0.0,0.0,-0.0819321691281556,-394.4212,-394.4212,0.0,394.4212,-0.0,-394.4212,0.0,,0.0,0.0,11.566751422288716,1.4050688193228544,0.0,,-394.4212,-0.202267282051282,1950.0,,0.0,0.0,0.0,0.5949311806771455,0.676863349805301,0.4050688193228545,0.4050688193228545,4.897568706689857,0.6808666825326062,0.6808666825326062,0.6808666825326062,0.6808666825326062,0.0,0.2998868205128205,-0.1377170533151434,-0.0819321691281556,1.6808666825326064,1.0,-394.4212,0.0,0.0,0.0,0.0,0.0,0.0,0.0,0.0,0.0,0.0,0.0,0.0,0.0,0.0,0.0,0.0,0.0,0.0,0.0,0.0,0.0,394.4212,0.0,0.0,0.0,0.0,0.0,inf,4229.2175,4229.2175,4229.2175,8458.435,4229.2175,422921.75,0.878525199684387,0.0,-4229.2175,0.0,-0.878525199684387,0.0,0.0,4229.2175,-394.4212,-394.4212,-394.4212,,0.0,0.1382712759511659,1.4687163076923078,4.897568706689857,6.82308693211268,8.232160064489287,0.4610782018186579,10.621991426556468,0.5949311806771455,0.5949311806771455,0.5949311806771455,4.897568706689857,0.6808666825326062,0.4050688193228545,0.4050688193228545,0.4050688193228545,0.4050688193228545,-0.4734563803615324,0.538921798181342,0
117,214,4742,11247,2143046.89,2150.4,0.0,0.0,2150.4,2150.4,0.0,0.0,0.0,2140896.49,850520.8,640158.3,0.0,0.0,0.0,0.0,640158.3,0.0,0.0,650217.39,650217.39,0.0,1612834.96,50000.0,160019.97,148828.87,530211.93,0.0,0.0,0.0,0.0,0.0,0.0,0.0,0.0,0.0,0.0,530211.93,0.0,0.0,0.0,0.0,255524.0,0.0,46761.49,0.0,0.0,0.0,0.0,0.0,0.0,SFJIN,0.0,0.0,0.0,0.0,0.0,0.7525896738544997,3402739.08,0.0,0.0,0.0,-45496.08,148723.26,0.0,22353.96,80873.22,67955.65,0.0,0.0,0.0,0.0,148828.87,0.0,148828.87,3448235.16,12902.4,SFJIN,3619417.99,,,12902.4,3470589.12,530211.93,0.0,0.0411195585619554,0.0437379612426821,-0.0133704286254002,-0.0128105201870168,0.0437379612426821,0.0694473231987938,0.0694473231987938,-0.0212296241450881,0.0922778050396427,0.0922778050396427,1.3287453106795255,37.60845424107143,2.9765774,0.0754679100838526,,0.0437379612426821,148828.87,161731.27,161731.27,93775.62,0.0475297300785107,0.0446843305876368,0.0275588629616585,0.0437379612426821,0.0754679100838526,0.0754679100838526,0.0437580812802467,0.0377374943951879,0.2806969469736374,0.152529989281833,2.1126042705717625,1.0199398303557263,3.534881541794422,-0.0199398303557262,1617.3127,,0.0,0.0,996.5805850074404,1.0,0.305031367362858,,0.152529989281833,0.0762649946409165,1.5799294718949528,,0.0,0.0,0.0,0.7525896738544997,0.6831423506557058,0.2474103261455002,0.2474103261455003,750.0162574404761,0.3287453106795255,0.1584315855851736,0.0,0.0,0.3287453106795255,21.504,0.0922778050396427,0.0694473231987938,1.3287453106795255,1.8402738261194496,1488.2887,1617.3127,1617.3127,937.7562,1617.3127,1617.3127,937.7562,1617.3127,1617.3127,0.3669933939669072,0.3669933939669072,0.305031367362858,0.305031367362858,0.1768644096710535,2.2793889590204373,1.587804306045772,1582.3749441964285,34027.3908,91.2324115077316,68.66755693181153,68.66755693181153,159.89996843954313,1.0199398303557263,0.0,5.315465065437721,56.873991775472845,5.015942582938213,216.773960215016,4.037812747819537,4.037812747819537,4.037812747819537,2.43369795545717,5.264147639982375,1.2263348921628374,1610684.56,0.7515862427069899,0.1558191555492406,-0.4733494170819586,0.2474103261455002,-0.0559975894881142,1.604114792362367,0.5280492662076552,1.0805038857793068,0.92022321966556,0.92022321966556,1.5870742310208132,,5.233232965362554,0.0010044390329212,3.041868484551073,750.0162574404761,23.25148809523809,750.0162574404761,0.2476588347342285,3028.4252053650544,0.7525896738544997,0.7525896738544997,0.7525896738544997,1.080387921058634,0.3287453106795255,0.0,0.119233975323797,0.119233975323797,0.2474103261455002,-0.0559975894881142,0.7523411652657714,0
117,0,4110,1309,90241611.7,16530872.8,0.0,0.0,783056.8,783056.8,0.0,15747816.0,0.0,73710738.9,67117534.38,92904.84,0.0,0.0,0.0,0.0,58930.85,0.0,0.0,6499067.68,6499067.68,1232.0,57490165.69,50829400.0,0.0,8027482.12,32751446.01,0.0,0.0,0.0,0.0,0.0,0.0,0.0,0.0,0.0,0.0,27305112.78,272709.97,0.0,0.0,0.0,26000000.0,0.0,50837.78,871958.03,5446333.23,0.0,5446333.23,745719.04,4700614.19,SFJIN,0.0,0.0,0.0,0.0,0.0,0.6370693586581854,13567254.0,0.0,0.0,0.0,6714178.51,3125571.77,0.0,251592.52,9588157.76,31480.71,0.0,31480.71,502934.35,502934.35,9116704.12,1089222.0,8027482.12,6853075.49,37337.76,SFJIN,16724306.48,,,37337.76,7607602.36,32005726.970000003,745719.0399999991,0.5451170206012632,0.6719638417619365,0.4948811682894711,0.4022194086555783,0.5916806835045618,0.0889554382814729,0.0931871606676989,0.0744022450786968,0.1396322662085547,0.1396322662085547,1.569687799937875,12.244523973229017,0.1579299011989124,0.1014392552122381,,0.5916806835045618,9619638.47,9656976.23,9656976.23,9625495.52,0.7117856148340702,0.5774216253181219,0.70946526983279,0.7090335649351003,0.1070124529923483,0.1070124529923483,0.1066636038372084,0.106249850588606,0.2508139286298486,0.2995763154821413,0.3253147133196372,0.5607326552594947,0.2660710306206642,0.4392673447405053,18.201265990282828,,0.0193436288461538,0.0193436288461538,5.504085104326736,1.0082635829076176,0.2860126216967475,,0.2995763154821413,0.1480632541349707,2.8402754041147125,,0.0370697231731638,0.0370697231731638,0.0370697231731638,0.6370693586581854,0.5481139203767124,0.3629306413418146,0.3629306413418146,3.4777453305429824,0.569687799937875,0.4522512622454054,0.0,0.0,0.5567165546640122,1.050069473886574,0.1585784979149187,0.1065986997437458,1.4876213152329998,0.8372288317458807,16.961292204439808,19.201265990282824,19.201265990282824,19.13867191612584,19.201265990282824,19.201265990282824,19.13867191612584,19.201265990282824,19.201265990282824,0.3702113661538461,0.3702113661538461,0.2948564844145029,0.2948564844145029,0.2938952838009365,0.1620114860226812,0.1503436579247176,17.326015175399792,135672.54,1800.716822602422,2.4925723186136266,1.5810737677646487,1803.209394921036,0.5607326552594947,0.0370697231731638,146.03387724471622,858.6914210554326,8.680561372257054,2661.900815976468,2.303048419087354,2.303048419087354,1.9681357582566312,0.2059622806311782,2.5061079429685584,0.2030595238812036,41705011.93000001,0.4621483497950425,2.3590423655369026,-3.073946424972954,0.3546670584341968,0.2826485344122018,2.097047645345204,1.6093397717438318,0.620513902512777,0.8312624913647532,0.8312624913647532,0.8339811808462616,,2.087569274243964,0.2242668171109596,1.7553474027512104,3.4777453305429824,3.0748164730902774,3.522856018225486,0.4443239411075826,7.827049161190546,0.6370693586581854,0.6370693586581854,0.6370693586581854,0.686510857328024,0.569687799937875,0.0082635829076177,0.2881154215910352,0.2881154215910352,0.3629306413418146,0.2909121173198195,0.5556760588924173,0
117,214,7711,1528,5031607.8,4017915.95,2970029.35,0.0,1047886.6,1047886.6,0.0,0.0,0.0,1013691.85,0.0,283254.72,0.0,0.0,0.0,0.0,239314.31,0.0,0.0,411057.68,411057.68,319379.45,2881148.68,50000.0,1353621.1,-24751.0,2150459.12,0.0,0.0,0.0,0.0,0.0,0.0,0.0,289360.17,289360.17,0.0,461098.95,0.0,0.0,0.0,0.0,119935.9,0.0,160373.57,0.0,1400000.0,0.0,1400000.0,1400000.0,0.0,SFJIN,0.0,0.0,0.0,0.0,0.0,0.5726099478580187,4947445.5,0.0,0.0,0.0,56188.2,156606.97,0.0,58677.29,154117.88,165.22,0.0,165.22,4735.1,98.0,149548.0,174299.0,-24751.0,4891257.3,1108946.67,SFJIN,5104217.69,,,1108946.67,4954669.69,461098.95,1689360.1700000002,0.0292989071161657,0.0302273162988859,0.0113570124218649,0.0110085467048499,-0.0050027837598211,-0.0049191035915001,-0.0049299248244268,0.0111670468433569,-0.0085906708570138,-0.0085906708570138,1.746389499066046,0.1470749602103891,-0.49502,0.2501177993245022,,-0.0050027837598211,154283.1,1263229.77,1263229.77,1263064.5499999998,0.2553296989325097,0.2474874401369821,0.255296303920882,0.0311843960686378,0.2510588702879425,0.2510588702879425,0.2510260338653581,0.0747572230394628,-0.0536782831537569,0.3342403620741275,8.953147063597815,1.001460185867636,2.002940579921954,-0.001460185867636,265.7799560727334,,0.0002394354775993,0.0002394354775993,1.672749767202074,1.3357495729297504,2.729337531564537,,0.3342403620741275,0.0590137672106215,0.325226701198504,,0.0009570797697518,1.9808202030724745e-05,1.9808202030724745e-05,0.5726099478580187,0.5775290514495188,0.4273900521419814,0.4273900521419813,0.7170753982546598,0.7463894990660461,0.1420600307235792,0.1004322241363815,0.1004322241363815,0.1600399705856207,0.6202860814458528,0.0519056864500307,0.029741189287448,1.745245825523763,-0.1605978488673734,-251.5612244897959,12890.099693877552,12890.099693877552,12888.413775510202,266.7799560727334,266.7799560727334,266.7450634622288,12890.099693877552,12890.099693877552,3.085943507837737,3.085943507837737,0.5874232894043575,0.5874232894043575,0.5873464592993517,2.9975057508667406,0.9832732789705908,4.72135582228077,1.665790104060756,0.0,20.89724339560688,17.655520035541574,20.89724339560688,1.001460185867636,0.0009570797697518,17.466418564887466,34.01778084265911,11.83163170771664,54.91502423826599,2.198425847640729,2.198425847640729,0.544673806838696,1.5057774475522008,3.089899749283749,0.8914739016430204,552592.8999999999,0.1098243189781206,0.093199399568929,-0.1116925694280007,0.0916404792122311,0.0099453836604673,0.0,0.0,1.9508691682172143,-0.0195934267761913,-0.0195934267761913,-0.0195959897694856,,12.035891167390426,3.96364629941535,1.3397830506073511,0.7170753982546598,0.0124442623046905,1.137532219906193,2.1214130507214795,0.3380178122364181,0.5726099478580187,0.5726099478580187,-0.043112921557751,-0.0538500766639852,0.7463894990660461,0.8194498589175689,0.0813449867853372,0.1985352873668232,1.0431129215577513,0.8437231384524806,-1.1214130507214792,0
117,214,7219,2046,5000.0,0.0,0.0,0.0,0.0,0.0,0.0,0.0,0.0,5000.0,0.0,0.0,0.0,0.0,0.0,0.0,0.0,0.0,0.0,5000.0,5000.0,0.0,5000.0,5000.0,0.0,0.0,0.0,0.0,0.0,0.0,0.0,0.0,0.0,0.0,0.0,0.0,0.0,0.0,0.0,0.0,0.0,0.0,0.0,0.0,0.0,0.0,0.0,0.0,0.0,0.0,0.0,SFJIN,0.0,0.0,0.0,0.0,0.0,1.0,0.0,0.0,0.0,0.0,0.0,0.0,0.0,0.0,0.0,0.0,0.0,0.0,0.0,0.0,0.0,0.0,0.0,0.0,0.0,SFJIN,0.0,,,0.0,0.0,0.0,0.0,0.0,0.0,0.0,0.0,0.0,0.0,0.0,0.0,0.0,0.0,1.0,0.0,0.0,0.0,,0.0,0.0,0.0,0.0,0.0,0.0,0.0,0.0,0.0,0.0,0.0,0.0,0.0,0.0,0.0,0.0,0.0,0.0,0.0,0.0,,0.0,0.0,50.0,1.0,0.0,,0.0,0.0,0.0,,0.0,0.0,0.0,1.0,1.0,0.0,0.0,50.0,0.0,0.0,0.0,0.0,0.0,0.0,0.0,0.0,0.0,0.0,0.0,0.0,0.0,0.0,0.0,0.0,0.0,0.0,0.0,0.0,0.0,0.0,0.0,0.0,0.0,0.0,0.0,0.0,0.0,0.0,0.0,0.0,0.0,0.0,0.0,0.0,0.0,0.0,inf,50.0,50.0,50.0,100.0,50.0,5000.0,1.0,0.0,-50.0,0.0,-1.0,0.0,0.0,50.0,0.0,0.0,0.0,,0.0,0.0,50.0,50.0,50.0,50.0,0.0,0.5,1.0,1.0,1.0,inf,0.0,0.0,0.0,0.0,0.0,-1.0,1.0,0
117,121,3811,8369,14509729.04,4282017.54,0.0,0.0,4180344.3,4180344.3,0.0,0.0,101673.24,10227711.5,555.98,6582629.93,9609.3,0.0,0.0,0.0,6024748.81,0.0,0.0,3644525.59,3644525.59,0.0,9294994.72,5801500.0,2051825.4,1441669.32,5214734.32,391252.0,0.0,83088.0,83088.0,0.0,0.0,308164.0,0.0,0.0,0.0,4823482.32,708860.39,0.0,0.0,0.0,0.0,0.0,3372530.54,0.0,0.0,0.0,0.0,0.0,0.0,SFJIN,0.0,0.0,0.0,0.0,0.0,0.6406042934623954,32992861.72,0.0,0.0,0.0,1236332.3,755711.77,0.0,329497.21,1662546.86,197808.65,0.0,197798.65,16377.48,35.6,1843978.03,402308.71,1441669.32,31756529.42,815534.57,SFJIN,33946382.14,,815534.57,815534.57,32102404.110000003,5131646.32,83088.0,0.0543203108477114,0.0558902118176125,0.0374727209325569,0.0366336165398616,0.0436964011256432,0.0993588037395907,0.0883187581220331,0.085207125273788,0.1551016825106921,0.1551016825106921,1.5610260658652635,0.3977057248609881,0.248499408773593,0.1832916791670149,,0.0436964011256432,1860355.51,2675890.08,2675890.08,2478081.43,0.0811051221536778,0.0788269592018444,0.075109623743181,0.0563866064662183,0.1844204032083014,0.1844204032083014,0.1707875745417779,0.1145815235706152,0.2809369995709291,0.3239792371349552,6.474183621018756,0.973010597942154,5.838959732534632,0.0269894020578459,162.38838942254853,,0.356,0.356,3.4079302346809164,1.0057263646875103,0.5182571896342225,,0.3239792371349552,0.1606887391685987,0.0,,0.0004963946486058,1.0790212835165971e-06,1.0790212835165971e-06,0.6406042934623954,0.5412454897228047,0.3593957065376046,0.3593957065376045,2.1707044945920515,0.5610260658652638,0.0,0.0,0.0,0.5520870613254097,50.312250866551125,0.1983839782105868,0.1270880817220278,1.5609959291422804,0.867145074034184,40497.32921348315,75165.45168539326,75165.45168539326,69609.02893258428,163.38838942254853,163.38838942254853,151.3103010963836,75165.45168539326,75165.45168539326,24780.8143,24780.8143,0.5131402514097784,0.5131402514097784,0.4752076094262075,3.036561797653223,2.273844096540069,7.892379036817613,329928.6172,0.006133954723828,72.62411229600971,66.57519952894829,72.63024625073353,0.973010597942154,0.0004963946486058,5.012109456379542,56.615860616530966,45.02871897345679,129.2461068672645,1.993066330416941,1.993066330416941,1.993066330416941,1.992957987018872,2.703272249284709,0.7102059188677678,5096065.18,0.3512171154920478,0.1555380786168433,-0.1544596289721302,0.3536693418500943,0.1024912819460893,0.0001083433980695,0.0001090998604535,0.7741031849425621,0.5387625339229181,0.5387625339229181,0.581768340033927,,9.052717810660235,0.4186681976706128,1.7824483760085403,2.1707044945920515,1.35485199343672,2.190108431923892,0.5098632592442601,4.257424819763553,0.6406042934623954,0.6406042934623954,0.6406042934623954,0.855482804604087,0.5610260658652638,0.0057263646875103,0.0,0.0,0.3593957065376046,0.1082176466335997,0.49013674075574,0
117,214,1629,3316,394524.02,201175.0,0.0,0.0,201175.0,198750.0,0.0,0.0,0.0,193349.02,12015.0,74069.02,0.0,0.0,0.0,0.0,57570.9,0.0,0.0,102631.13,102631.13,4633.87,74470.38,12638.5,0.0,5126.76,320053.64,0.0,0.0,0.0,0.0,0.0,0.0,0.0,0.0,0.0,0.0,320053.64,0.0,0.0,0.0,0.0,0.0,0.0,292736.92,0.0,0.0,0.0,0.0,0.0,0.0,SFJIN,0.0,0.0,0.0,0.0,0.0,0.1887600658636703,187928.75,0.0,0.0,0.0,6031.76,0.0,0.0,0.0,6031.76,0.0,0.0,0.0,0.0,0.0,6031.76,905.0,5126.76,181896.99,0.0,SFJIN,187928.75,,,0.0,181896.99,320053.64,0.0,0.0320959938274479,0.0320959938274479,0.0320959938274479,0.0320959938274479,0.0272803389582488,0.0129947981367522,0.0129947981367522,0.0152887015599202,0.0688429413143856,0.0688429413143856,5.297730721932666,0.0303484779874213,0.4056462396645172,0.0152887015599202,,0.0272803389582488,6031.76,6031.76,6031.76,6031.76,0.0320959938274479,0.0320959938274479,0.0320959938274479,0.0320959938274479,0.0152887015599202,0.0152887015599202,0.0152887015599202,0.0152887015599202,0.0160184399090102,0.0188460909240088,-1.4832036116757223,0.967904006172552,-6.673428442069192,0.0320959938274479,60.3176,,0.0,0.0,1.9610986454579349,1.0,0.0188460909240088,,0.0188460909240088,0.0094230454620044,0.0,,0.0,0.0,0.0,0.1887600658636703,0.1757652677269181,0.8112399341363297,0.8112399341363297,0.3701771094817945,4.297730721932666,0.0,0.0,0.0,4.297730721932666,2011.75,0.0809954239524492,0.0152887015599202,5.297730721932666,0.8499608737748187,51.2676,60.3176,60.3176,60.3176,60.3176,60.3176,60.3176,60.3176,60.3176,60.3176,60.3176,0.0188460909240088,0.0188460909240088,0.0188460909240088,0.6438277753185423,0.476342986670368,0.9341555859326456,1879.2875,23.271904910770704,143.46460177061786,111.50932254910438,166.73650668138856,0.967904006172552,0.0,2.5372112389228314,619.9132647878519,567.0033929348223,786.6497714692405,0.6041144228198747,0.6041144228198747,0.6041144228198747,0.5520954237545931,0.9247829520076698,0.3206685291877948,-126704.62000000002,-0.3211581895571276,1.7030584197468457,0.674216265472952,0.8112399341363297,0.5511008176384292,0.0375405822598986,-0.0948268500390909,-1.4718715506083475,0.8499608737748187,0.8499608737748187,0.8499608737748187,,1.8311086509522008,1.040475922763922,0.2326809343583782,0.3701771094817945,0.0628234124518454,0.3701771094817945,1.6553155531897707,0.2236293308357238,0.1887600658636703,0.1887600658636703,0.1887600658636703,0.2551291331556585,4.297730721932666,0.0,0.0,0.0,0.8112399341363297,0.5511008176384292,-0.6553155531897705,0
117,0,2896,1705,1154093.86,0.0,0.0,0.0,0.0,0.0,0.0,0.0,0.0,1154093.86,0.0,1135942.96,707022.88,0.0,0.0,0.0,174608.08,0.0,0.0,17835.35,17835.35,315.55,129341.86,100000.0,0.0,37980.52,1024752.0,0.0,0.0,0.0,0.0,0.0,0.0,0.0,0.0,0.0,0.0,1024752.0,1008151.5,0.0,0.0,0.0,0.0,0.0,0.0,0.0,0.0,0.0,0.0,0.0,0.0,SFJIN,0.0,0.0,0.0,0.0,0.0,0.1120722191520887,480882.62,0.0,0.0,0.0,60523.1,2.76,0.0,0.0,60525.86,0.0,0.0,0.0,7022.34,0.0,53503.52,15523.0,37980.52,420359.52,0.0,SFJIN,480885.38,,0.0,0.0,427381.86,1024752.0,0.0,0.1112604421452779,0.1112610807186169,0.1258583643551102,0.1258576420019257,0.0789808539971771,0.0329093857236186,0.0329093857236186,0.0524420951342727,0.2936444550897907,0.2936444550897907,8.922817871955761,605.2586,0.3798051999999999,0.0463597648808217,,0.0789808539971771,60525.86,60525.86,60525.86,60525.86,0.125864103801464,0.1258633814153385,0.125864103801464,0.125864103801464,0.0524444866208715,0.0524444866208715,0.0524444866208715,0.0524444866208715,0.0370631333239652,0.0590639100972723,3.717919473247096,0.888744658727737,4.312596816096208,0.1112553412722629,7.619044364129335,,0.0,0.0,11540.9386,1.0,0.052211188658329,,0.0590639100972723,0.0295319550486361,0.0,,0.0146030230828471,0.0,0.0,0.1120722191520887,0.07916283342847,0.8879277808479112,0.8879277808479114,1293.4186,7.922817871955761,0.0,0.0,0.0,7.922817871955761,0.0,0.4136597386182632,0.0463597648808217,8.922817871955761,0.6275089688936266,379.8052,605.2586,605.2586,605.2586,8.619044364129335,8.619044364129335,8.619044364129335,605.2586,605.2586,605.2586,605.2586,0.0590639100972723,0.0590639100972723,0.0590639100972723,0.4232158578068647,0.4166754859955671,4808.8262,4808.8262,0.0,859.8423404031529,667.3430398461895,859.8423404031529,0.888744658727737,0.0146030230828471,0.4233334216006761,775.6772910611741,763.1116840945509,1635.519631464327,1.1262177190188456,1.1262177190188456,1.1262177190188456,1.1259097908567146,1.1436222715349669,0.0174045525161209,129341.8600000001,0.1120722191520888,2.1309815688493794,-0.2689676328913698,0.8879277808479112,0.872473795155621,0.0,0.0,0.1138629883317381,0.6275089688936266,0.6275089688936266,0.6275089688936266,,26.96233154942292,0.0,0.1262177190188455,1293.4186,1000.0,1293.4186,0.8879277808479112,0.0012621771901884,0.1120722191520887,0.1120722191520887,0.1120722191520887,0.1138313674764028,7.922817871955761,0.0,0.0,0.0,0.8879277808479112,0.872473795155621,0.1120722191520887,0
117,214,7111,4484,50605.14,0.0,0.0,0.0,0.0,0.0,0.0,0.0,0.0,50605.14,8041.21,8638.0,0.0,0.0,0.0,0.0,0.0,0.0,0.0,33925.93,33925.93,0.0,50605.14,0.0,0.0,-16690.07,0.0,0.0,0.0,0.0,0.0,0.0,0.0,0.0,0.0,0.0,0.0,0.0,0.0,0.0,0.0,0.0,0.0,0.0,0.0,0.0,0.0,0.0,0.0,0.0,0.0,SFJMA,0.0,0.0,0.0,0.0,0.0,1.0,0.0,0.0,0.0,0.0,0.0,0.0,0.0,0.0,-16690.07,0.0,0.0,0.0,0.0,0.0,-16690.07,0.0,0.0,0.0,0.0,SFJIN,0.0,,,0.0,0.0,0.0,0.0,-166.9007,-166.9007,0.0,0.0,0.0,0.0,0.0,0.0,0.0,0.0,1.0,-166.9007,0.0,0.0,,0.0,-16690.07,-16690.07,-16690.07,-16690.07,-166.9007,-166.9007,-166.9007,-166.9007,-0.3298097782162049,-0.3298097782162049,-0.3298097782162049,-0.3298097782162049,0.0,-166.9007,0.0,0.0,0.0,0.0,0.0,,0.0,0.0,506.0514,1.0,0.0,,-166.9007,-166.9007,-0.0,,0.0,0.0,0.0,1.0,1.3298097782162048,0.0,0.0,506.0514,0.0,0.0,0.0,0.0,0.0,0.0,-0.3298097782162049,-0.3298097782162049,1.0,-0.0,0.0,-166.9007,-166.9007,-166.9007,-166.9007,-166.9007,-166.9007,-166.9007,-166.9007,-166.9007,-166.9007,-166.9007,-166.9007,-166.9007,0.0,0.0,0.0,0.0,29270.0044,31442.32,0.0,60712.3244,0.0,0.0,0.0,0.0,0.0,60712.3244,inf,506.0514,506.0514,425.6393,845.3107000000001,339.2593,50605.14,1.0,0.0,-506.0514,0.0,-0.6704048244901605,80.4121,0.1589010523436947,3.034024992790426,-0.0,-0.0,-0.0,,0.0,0.0,506.0514,506.0514,0.0,506.0514,0.0,5.060514,1.0,1.0,1.0,3.034024992790426,0.0,0.0,0.0,0.0,0.0,-0.6704048244901605,1.0,1
117,214,4110,2464,1022153.06,1021750.0,0.0,0.0,1021750.0,0.0,0.0,0.0,0.0,403.06,0.0,0.0,0.0,0.0,0.0,0.0,0.0,0.0,0.0,403.06,403.06,0.0,981706.66,15000.0,990000.0,-716.7,40446.4,0.0,0.0,0.0,0.0,0.0,0.0,0.0,0.0,0.0,0.0,40446.4,0.0,0.0,0.0,0.0,0.0,0.0,0.0,0.0,0.0,0.0,0.0,0.0,0.0,SFJMA,0.0,0.0,0.0,0.0,0.0,0.9604301923236428,0.0,0.0,0.0,0.0,-688.5,0.0,0.0,0.0,-688.5,0.0,0.0,0.0,28.2,28.2,-716.7,0.0,-716.7,688.5,0.0,SFJMA,0.0,,,0.0,716.7,40446.4,0.0,-7.167000000000001,-7.167000000000001,-6.885,-6.885,-7.167000000000001,-0.0007011670052624,-0.0006788200585145,-0.0006735781821168,-0.0007300551470232,-0.0007300551470232,1.0412000872032383,-6.885,-0.04778,-0.0007011670052624,,-7.167000000000001,-688.5,-688.5,-688.5,-688.5,-6.885,-6.885,-6.885,-6.885,-0.0006735781821168,-0.0006735781821168,-0.0006735781821168,-0.0006735781821168,-0.0177197476165987,-0.0170225285810356,-0.0,7.167000000000001,0.0,-7.167000000000001,-25.41489361702128,,0.282,0.282,1.0003944800587228,1.0,-0.0177197476165987,,-0.0170225285810356,-0.0085112642905178,-0.0,,0.282,0.282,0.282,0.9604301923236428,0.9611313593289053,0.0395698076763572,0.0395698076763572,0.9608090628823098,0.0412000872032384,0.0,0.0,0.0,0.0412000872032384,10217.5,-0.0007300551470232,-0.0006735781821168,1.0838461909928263,1.0409586056644882,-24.41489361702128,-24.41489361702128,-24.41489361702128,-24.41489361702128,-24.41489361702128,-24.41489361702128,-24.41489361702128,-24.41489361702128,-24.41489361702128,-6.885,-6.885,-0.0170225285810356,-0.0170225285810356,-0.0170225285810356,0.0,0.0,0.0,0.0,0.0,0.0,0.0,0.0,7.167000000000001,0.282,0.0,147224.896,0.0,147224.896,0.0099652873926974,0.0099652873926974,0.0099652873926974,0.0099652873926974,0.0199305747853949,0.0099652873926974,-40043.34,-0.0391754831707885,404.464,400.43340000000006,0.0395698076763572,0.0391754831707885,0.0,-0.0,-400.43340000000006,1.0409586056644882,1.0409586056644882,1.0409586056644882,,0.0,2534.982384756612,24.271793286918,0.9608090628823098,0.0146806948862246,0.9608090628823098,100.3483352354488,0.0095747384411305,0.9604301923236428,0.9604301923236428,0.9604301923236428,0.9608090628823098,0.0412000872032384,0.0,0.0,0.0,0.0395698076763572,0.0391754831707885,-99.34833523544872,0
117,214,4322,5385,1201104.51,429996.15,0.0,0.0,429996.15,429996.15,0.0,0.0,0.0,771108.36,199335.13,390365.56,0.0,0.0,0.0,0.0,390365.56,0.0,0.0,172519.64,172519.64,8888.03,865101.0,160000.0,626719.89,90727.11,336003.51,0.0,0.0,0.0,0.0,0.0,0.0,0.0,30507.39,30507.39,0.0,305496.12,0.0,0.0,0.0,0.0,9441.78,0.0,138178.7,0.0,0.0,0.0,0.0,0.0,0.0,SFJIN,0.0,0.0,0.0,0.0,0.0,0.720254559696891,2473941.13,0.0,0.0,0.0,121973.91,10386.27,0.0,17146.19,115213.99,405.34,0.0,405.34,7067.22,7067.22,108552.11,17825.0,90727.11,2351967.22,23112.38,SFJIN,2484732.74,,,23112.38,2376180.6300000004,305496.12,30507.39000000001,0.0436876402248396,0.0438782106347049,0.0493034812028853,0.0490973572967878,0.0366731079005101,0.0755363994095734,0.0800290332770459,0.1015514545024895,0.104874586897946,0.104874586897946,1.3883980136423375,0.2679419106426883,0.5670444375,0.1096195117941901,,0.0366731079005101,115619.33,138731.71,138731.71,138326.37,0.0560772074637038,0.0558336547696473,0.0559133636296349,0.0467348752150783,0.1155034460739806,0.1155034460739806,0.115165973358971,0.09592336806728,0.2969828552978021,0.3771373266540996,5.3133077644178766,0.9604839020563114,3.572058494326212,0.0395160979436885,18.63030866451023,,0.1769053024130414,0.1769053024130414,2.864239365864089,1.025399446714258,0.430985801063529,,0.3771373266540996,0.1796010233084624,0.3034164336944608,,0.0028566645803734,0.0028566645803734,0.0028566645803734,0.720254559696891,0.6447181602873175,0.279745440303109,0.279745440303109,2.0118808040490594,0.3883980136423377,0.0461786196062656,0.0352645413656902,0.0352645413656902,0.3531334722766475,14.094819320826849,0.125479117467209,0.0962608407822896,1.303532323709924,0.7874660881026687,13.837736762121455,19.63030866451023,19.63030866451023,19.572953721548217,19.63030866451023,19.63030866451023,19.572953721548217,19.63030866451023,19.63030866451023,3.462559297226951,3.462559297226951,0.412887680845953,0.412887680845953,0.4116813244004504,2.4051891119106195,2.0597217889057795,5.753402978142943,24739.4113,29.328906189453267,57.43591151661722,57.43591151661722,86.76481770607049,0.9604839020563114,0.0028566645803734,6.337498446328103,44.94876063603017,20.33073713439576,131.71357834210067,2.5241183423213363,2.5241183423213363,2.5241183423213363,1.8425281473296613,3.088837920429235,0.5647195781078987,465612.24,0.3876533941247127,0.12348560614294,-0.1882066773351231,0.2543459935888509,0.1107118313959207,0.6524964375979636,0.4281140246656746,0.7895738429609096,0.65397528798571,0.65397528798571,0.6558916423527922,,14.340055022141245,0.5576338842961059,2.5746784609482205,2.0118808040490594,0.3720963548162,2.0828288578862857,0.4357409767934561,4.61714851528114,0.720254559696891,0.720254559696891,0.720254559696891,0.8410594256553667,0.3883980136423377,0.025399446714258,0.033260361331921,0.033260361331921,0.279745440303109,0.1361112781101787,0.5642590232065439,0
117,214,6920,1559,61815.43,0.0,0.0,0.0,0.0,0.0,0.0,0.0,0.0,61815.43,0.0,13661.0,0.0,0.0,0.0,0.0,0.0,0.0,0.0,0.0,0.0,0.0,48449.73,5000.0,0.0,0.0,13365.7,0.0,0.0,0.0,0.0,0.0,0.0,0.0,0.0,0.0,0.0,0.0,0.0,0.0,0.0,0.0,0.0,0.0,0.0,0.0,0.0,0.0,0.0,0.0,0.0,SFJMI,0.0,0.0,0.0,0.0,0.0,0.7837805221123594,169200.0,0.0,0.0,0.0,303454.61,12230.67,0.0,40.33,315644.94999999995,0.0,0.0,0.0,0.0,0.0,0.0,3686.0,0.0,134254.61,0.0,SFJMI,181430.67,,,0.0,134294.93999999997,0.0,13365.7,0.0,0.0,1.7934669621749408,1.672565118124736,0.0,0.0,0.0,4.909043098139089,0.0,0.0,1.275867378414699,3156.4495,0.0,0.0596291249611949,,0.0,0.0,0.0,0.0,315644.94999999995,0.0,0.0,1.8655138888888887,0.0,0.0,0.0,5.106248553152505,5.106248553152505,0.0,3156.4495,2.737180668321809,0.793705319148936,3.4922795235391404,0.2062946808510639,36.86,,0.0,0.0,751.8113000000001,1.2162194778876407,36.86,,3156.4495,23.616043304877405,0.0,,0.0,0.0,0.0,0.7837805221123594,0.7837805221123594,0.2162194778876406,0.2162194778876406,484.49730000000005,0.2758673784146991,0.0,0.0,0.0,0.0,0.0,0.0,0.0,0.0,0.0,0.0,0.0,0.0,3156.4495,0.0,0.0,3156.4495,0.0,0.0,3156.4495,3156.4495,0.0,0.0,23.616043304877405,2.737180668321809,2.737180668321809,1692.0,1692.0,0.0,29.469651300236404,0.0,29.469651300236404,0.793705319148936,0.0,12.385623307224948,0.0,0.0,29.469651300236404,inf,618.1543,618.1543,618.1543,618.1543,0.0,61815.43,1.0,0.0,-0.3653394208037825,0.0,0.0,0.0,0.0,4.524956445355391,0.0,0.0,0.0,,1692.0,0.0,3.624930231862155,484.49730000000005,50.0,618.1543,0.2162194778876406,0.0362493023186215,0.7837805221123594,0.7837805221123594,0.7837805221123594,0.7837805221123594,0.2758673784146991,0.2162194778876406,0.0,0.0,0.2162194778876406,0.2162194778876406,0.7837805221123594,0
117,214,2593,6498,1899695.59,626210.04,5833.33,0.0,620376.71,620376.71,0.0,0.0,0.0,1273485.55,789495.91,40757.33,0.0,0.0,0.0,0.0,33853.49,0.0,0.0,422193.28,422193.28,21039.03,523799.7,628000.0,617956.06,-938082.57,1375895.89,0.0,0.0,0.0,0.0,0.0,0.0,0.0,0.0,0.0,0.0,1370874.75,0.0,0.0,0.0,0.0,0.0,0.0,846538.62,0.0,5021.14,0.0,5021.14,0.0,5021.14,SFJIN,0.0,0.0,0.0,0.0,0.0,0.2757282286474118,6900456.1,0.0,0.0,0.0,-917339.25,1230.5,0.0,1.28,-916110.03,13918.99,0.0,6129.15,35891.53,60.52,-938082.57,0.0,-938082.57,7817795.35,201298.18,SFJIN,6915605.59,,,201298.18,7853688.159999999,1375895.89,0.0,-0.1356472051206147,-0.1359450094900248,-0.1329389299353705,-0.1329152282863727,-0.1359450094900248,-0.493806784064809,-0.4963943514234298,-0.4828874977806312,-1.7909184942259415,-1.7909184942259415,3.6267595991368458,-1.476699584676543,-1.4937620541401273,-0.3878433965307041,,-0.1359450094900248,-902191.04,-700892.8599999999,-700892.8599999999,-714811.8500000001,-0.1015719613084706,-0.101349455355507,-0.1035890729020071,-0.1307436822907981,-0.3689500905774066,-0.3689500905774066,-0.3762770486823102,-0.4837257964050669,-0.6817976395001805,-0.6658280155194011,-67.38046275405404,1.138140442629582,67.91358361016952,-0.138140442629582,-20.528085317065056,,0.6052000000000001,0.6052000000000001,3.033639623535898,1.0,-0.5354942880162248,,-0.6658280155194011,-0.3329140077597005,-0.0,,0.0052013271992267,8.770434754305589e-06,8.770434754305589e-06,0.2757282286474118,0.7695350127122209,0.724271771352588,0.7242717713525881,0.8364600797521546,2.6267595991368453,0.0,0.0,0.0,2.6267595991368453,6203.7671,-1.7909184942259415,-0.4937749263291177,3.6269935930935335,1.0239846080497557,-15499.372934567084,-11581.177461996032,-11581.177461996032,-11811.167382683412,-19.52808531706505,-19.52808531706505,-19.915892412499552,-11581.177461996032,-11581.177461996032,-7148.1185000000005,-7148.1185000000005,-0.5094083535637278,-0.5094083535637278,-0.5195246640354454,4.6888642716380415,3.632400967988771,11.12300959847445,1182.9360073920045,41.64601688285504,2.149954713863045,1.7857762126767245,43.79597159671808,1.138140442629582,0.0052013271992267,169.30589172548838,72.57869577055928,44.65502761187047,116.37466736727735,0.9255682492081578,0.9255682492081578,0.9222027988169572,0.3364721221748835,1.2324179774968296,0.3068497282886716,-102410.33999999984,-0.0539088159908819,0.1993920213476903,0.0148410972428329,0.724271771352588,0.5020291751058915,0.5738049773518838,-7.709142553378899,-0.1233483171953654,1.3384107950536122,1.3384107950536122,1.3123489348980433,,16.344305859155313,0.4917292072925366,0.3806971906864261,0.8364600797521546,1.0028584019508853,0.8364600797521546,1.0804173553441574,0.7742008915487179,0.2757282286474118,0.2757282286474118,0.2734973820112979,0.3519584750641411,2.6267595991368453,0.0,0.0,0.0,0.7265026179887021,0.5035754870578601,-0.0804173553441576,1
117,216,5610,2890,169993.23,7395.04,0.0,0.0,0.0,0.0,0.0,0.0,0.0,162598.19,0.0,146805.23,0.0,0.0,0.0,0.0,0.0,0.0,0.0,0.0,0.0,0.0,28714.25,5000.0,0.0,0.0,141278.98,0.0,0.0,0.0,0.0,0.0,0.0,0.0,0.0,112281.82,0.0,0.0,0.0,0.0,0.0,0.0,0.0,0.0,0.0,0.0,0.0,0.0,0.0,0.0,0.0,SFJMI,0.0,0.0,0.0,0.0,112281.82,0.1689140796959972,0.0,0.0,0.0,0.0,0.0,323.0,0.0,0.0,323.0,0.0,0.0,0.0,0.0,0.0,0.0,0.0,0.0,0.0,0.0,SFJMI,323.0,,,0.0,0.0,0.0,141278.98,0.0,0.0,0.0,0.0,0.0,0.0,0.0,0.0,0.0,0.0,5.920169602200998,3.23,0.0,0.0,,0.0,0.0,0.0,0.0,323.0,0.0,0.0,3.23,0.0,0.0,0.0,0.0019000756677192,0.0019000756677192,0.0,3.23,0.0,0.0,0.0,0.0,0.0,,0.0,0.0,42.09202519526602,1.8310859203040024,0.0,,3.23,0.0022862565966996,1122.8182000000002,,0.0,0.0,0.0,0.1689140796959972,0.1689140796959972,0.8310859203040027,0.8310859203040027,3.882906650944417,4.920169602200998,3.9103170028818446,3.9103170028818446,0.0,0.0,0.0,0.0,0.0,0.0,0.0,0.0,0.0,0.0,3.23,0.0,0.0,3.23,0.0,0.0,0.0028766900999645,0.0028766900999645,0.0,0.0,0.0022862565966996,0.0,0.0,0.0,0.0,0.0,534371.0372,0.0,534371.0372,0.0,0.0,0.0,0.0,0.0,534371.0372,inf,1625.9819,1625.9819,1625.9819,1625.9819,0.0,162598.19,0.9564980323039924,0.0,-1625.9819,0.0,0.0,0.0,0.0,1.1075776387530607,0.0,0.0,0.0,,0.0,0.0454804570702785,0.2032450262593911,3.882906650944417,0.6761288647525909,22.98746592310522,0.8688840878241019,4.468843088918988,0.1689140796959972,0.1689140796959972,0.1689140796959972,0.1689140796959972,4.920169602200998,0.8310859203040027,0.6605075978613972,0.6605075978613972,0.8310859203040027,0.8310859203040027,0.1311159121758981,0
117,216,7112,1427,11744114.52,1427255.08,967.95,0.0,1215343.42,1148432.85,55482.0,0.0,155461.71,10316859.44,594380.56,7834990.88,50729.67,0.0,0.0,0.0,7775475.21,0.0,0.0,1684236.47,1684236.47,203251.53,5319639.93,2489450.0,1780893.71,1049279.26,6424474.59,0.0,0.0,0.0,0.0,0.0,0.0,0.0,0.0,0.0,0.0,6417261.71,5184988.55,0.0,0.0,0.0,0.0,0.0,595068.64,0.0,7212.88,0.0,7212.88,0.0,7212.88,SFJIN,0.0,0.0,0.0,0.0,0.0,0.4529621982943674,20210790.45,0.0,0.0,0.0,1415890.48,31081.71,0.0,52941.09,1394031.1,0.0,0.0,0.0,61954.84,4.57,1332076.26,282797.0,1049279.26,18794899.97,130533.87,SFJIN,20241872.16,,,130533.87,18909795.9,6424474.59,0.0,0.0658079573604025,0.0659091619051445,0.0700561654677885,0.0699485931344801,0.0519167848776543,0.0893451147988294,0.0893454299950065,0.1205617058305048,0.197246293697927,0.197246293697927,2.2076897448959483,1.2138551243984357,0.4214903934604029,0.1245398388707129,,0.0519167848776543,1394031.1,1524564.9700000002,1524564.9700000002,1524564.9700000002,0.0754332183974526,0.0753173895156148,0.0754332183974526,0.0689745956967259,0.1298152336137131,0.1298152336137131,0.1298152336137131,0.1187101848461387,0.1633253031513663,0.2169875653598001,5.192392640722564,0.9356287151054996,5.559435334310872,0.0643712848945005,23.60768149833008,,0.0457,0.0457,8.228462231152122,1.0,0.2276622172771329,,0.2169875653598001,0.1084937826799,0.0,,0.0030654337915813,2.261168365139326e-07,2.261168365139326e-07,0.4529621982943674,0.363617083495538,0.5470378017056325,0.5470378017056325,3.72718234080484,1.2076897448959485,0.0,0.0,0.0,1.2076897448959485,12153.4342,0.2504072225805704,0.1134253951399649,2.207682170924529,0.7526942978531828,229602.5886214442,333602.8380743983,333602.8380743983,333602.8380743983,24.60768149833008,24.60768149833008,24.60768149833008,333602.8380743983,333602.8380743983,15245.649700000002,15245.649700000002,0.2373057825418218,0.2373057825418218,0.2373057825418218,2.0092425768871323,1.7209292718988234,16.629695045372443,20879.99426623276,10.704901640301754,141.10960614704706,140.95136869424127,151.81450778734882,0.9356287151054996,0.0030654337915813,2.5795550702670376,115.70595205295398,104.0998778531198,267.5204598403028,1.6058681990989088,1.6058681990989088,1.6040672822058004,1.4817129738231247,1.8680276093986388,0.26215941029973,3892384.85,0.3314328077584175,0.3178734946509725,-0.1925894417454612,0.5470378017056325,0.4036266941988233,0.092518158749539,0.1527034409251696,0.4617645429087889,0.6882483073187756,0.6882483073187756,0.6882483073187756,,11.9999719813691,0.1383420107931605,0.8280272348310431,3.72718234080484,1.7442222030836982,3.72718234080484,0.62271611117346,5.985363593341524,0.4529621982943674,0.4529621982943674,0.4529171077186001,0.5287523128375509,1.2076897448959485,0.0,0.0,0.0,0.5470828922813998,0.4036599638558373,0.37728388882654,0
117,214,3320,9418,1950408.15,1427095.46,0.0,0.0,1427095.46,1427095.46,0.0,0.0,0.0,523312.69,198421.95,272263.58,0.0,0.0,0.0,0.0,0.0,0.0,0.0,47279.03,47279.03,5348.13,500000.0,500000.0,1273435.79,-487748.09,664720.45,0.0,0.0,0.0,0.0,0.0,0.0,0.0,0.0,0.0,0.0,664720.45,0.0,0.0,0.0,0.0,369500.0,0.0,0.0,0.0,0.0,0.0,0.0,0.0,0.0,SFJMA,271330.04,0.0,49167.76,0.0,0.0,0.2563565990021114,2479248.51,2363669.73,0.0,593490.17,-477911.39,862.74,0.0,0.01,-477048.66,450.52,0.0,0.0,11149.95,9693.54,-487748.09,0.0,-487748.09,0.0,0.0,SFJMA,2480561.77,,,0.0,2968309.86,664720.45,0.0,-0.1966280767118329,-0.1967322307677821,-0.1927646172105595,-0.1926975614501164,-0.1967322307677821,-0.2500748830443515,-0.2460491782707122,-0.2450314771295434,-0.97549618,-0.97549618,3.9008163,-0.3342794321551552,-0.97549618,-0.2500748830443515,,-0.1967322307677821,-476598.14,-476598.14,-476598.14,-477048.66,-0.1922349204114274,-0.1921331473233178,-0.1924166367654689,-0.1922349204114274,-0.2443581565222643,-0.2443581565222643,-0.2445891440722292,-0.2445891440722292,-0.7337642312644361,-0.7176680964155685,-17.532619921282965,1.1972619316003943,5.476327968638166,-0.1972619316003945,-43.74441948170171,,0.0262342083897158,0.0262342083897158,0.8161475406837886,0.5971675467004176,-0.7337642312644361,,-0.7176680964155685,-0.3588340482077842,-0.7575631920977897,,0.0044973103563547,0.0039098702533857,0.0039098702533857,0.2563565990021114,0.506431482046463,0.3408109476983061,0.7436434009978885,0.3503619862962776,1.3294408999999998,0.739,0.0,0.0,1.3294408999999998,14270.9546,-0.97549618,-0.2451048771509696,3.979913379688295,1.0224283828823668,-49.316818210890965,-49.16657278971356,-49.16657278971356,-49.21304910280455,-42.74441948170171,-42.74441948170171,-42.78482504405849,-49.16657278971356,-49.16657278971356,-1.2910653856562924,-1.2910653856562924,-0.7169903378179504,-0.7169903378179504,-0.7176680964155685,1.3027221768326471,1.2711434322093045,1.7372688649713732,24792.4851,29.13204929182352,39.97338012719024,39.836319014264525,69.10542941901376,1.1972619316003943,0.0044973103563547,9.106060054010896,97.59338074584544,7.218745748081543,166.6988101648592,0.7872673241811652,0.7872673241811652,0.7872673241811652,0.4807172849879976,0.8583935096325079,0.0711261854513427,-141407.75999999995,-0.0725016248522136,0.2681136833677072,0.0570365412864561,0.3408109476983061,0.3165703650284685,0.2985043562297504,-1.4031899663780834,-0.300429375851006,1.0233948667949062,1.0233948667949062,1.0224283828823668,,52.43865007382765,2.7270415704996567,0.752195904308345,0.3503619862962776,0.3503619862962776,0.3503619862962776,1.270216569752971,0.2758285434462685,0.2563565990021114,0.2563565990021114,0.2563565990021114,0.2627252112037464,1.3294408999999998,0.0,0.1894475266625603,0.1894475266625603,0.3408109476983061,0.3165703650284685,-1.7715898691468766,0
117,214,9319,11103,736896.81,120000.0,0.0,0.0,0.0,0.0,0.0,120000.0,0.0,616896.81,0.0,608939.71,555281.11,0.0,0.0,0.0,0.0,0.0,0.0,7857.1,7857.1,100.0,662959.76,50000.0,368366.8,0.0,73937.05,0.0,0.0,0.0,0.0,0.0,0.0,0.0,0.0,0.0,0.0,73937.05,0.0,0.0,0.0,0.0,0.0,0.0,0.0,55035.43,0.0,0.0,0.0,0.0,0.0,SFJIN,0.0,0.0,0.0,0.0,0.0,0.8996643098509274,103391.75,0.0,0.0,0.0,33947.57,16448.92,0.0,5112.91,45283.58,104043.38,0.0,104043.38,0.0,0.0,149326.96,13811.0,135515.96,69444.18,0.0,SFJIN,223884.05,,,0.0,74557.09,73937.05,0.0,0.6669834675583187,1.444283127038666,0.3283392533736976,0.2832725317707252,1.3107038037367584,0.1839008639486443,0.0695359533446751,0.0460682819348885,0.204410536168892,0.204410536168892,1.1115256980303,452.8358,2.7103192,0.2026429724943442,,1.3107038037367584,149326.96,149326.96,149326.96,45283.58,1.444283127038666,0.6669834675583187,0.4379805932291503,1.444283127038666,0.2026429724943442,0.2026429724943442,0.0614517248351231,0.0614517248351231,1.8328559227072216,0.6124612761802101,0.1904224909779686,0.7211125645905017,0.1578252636006698,0.2788874354094984,1493.2696,,0.0,0.0,6.14080675,1.0,2.01964995898538,,0.6124612761802101,0.306230638090105,0.0,,0.0,0.0,0.0,0.8996643098509274,0.8996643098509274,0.1003356901490725,0.1003356901490726,5.524664666666666,0.1115256980302997,0.0,0.0,0.0,0.1115256980302997,0.0,0.2252428714527107,0.2026429724943442,1.1115256980302997,2.992607033277846,1355.1596,1493.2696,1493.2696,452.8358,1493.2696,1493.2696,452.8358,1493.2696,1493.2696,452.8358,452.8358,2.01964995898538,2.01964995898538,0.6124612761802101,0.1418190924058169,0.1403069583107572,1033.9175,1033.9175,0.0,2143.827282544304,1954.917331798717,2143.827282544304,0.7211125645905017,0.0,0.1697897974168904,260.3020666542544,0.0,2404.129349198558,8.343541025778011,8.343541025778011,8.343541025778011,8.342188523886199,8.449808451919573,0.1062674261415623,542959.76,0.7368192569594649,0.715115567731468,-5.251480509808568,0.1003356901490725,0.0896732746067933,0.0,0.0,0.8916478118991452,0.9075116777305318,0.9075116777305318,2.992607033277846,,13.159021776482415,0.1945219979334955,8.966543295952436,5.524664666666666,0.4166666666666667,5.524664666666666,0.1198531890609063,46.09526629999954,0.8996643098509274,0.8996643098509274,0.8996643098509274,0.9093602871097376,0.1115256980302997,0.0,0.0,0.0,0.1003356901490725,0.0896732746067933,0.8801468109390936,0
117,214,4690,3163,724776.81,77458.82,0.0,0.0,0.0,0.0,0.0,0.0,0.0,647317.99,116462.04,35006.03,0.0,0.0,0.0,0.0,0.0,0.0,0.0,0.0,0.0,0.0,254426.08,5000.0,0.0,0.0,470350.73,0.0,0.0,0.0,0.0,0.0,0.0,0.0,0.0,37619.1,0.0,0.0,0.0,0.0,0.0,0.0,0.0,0.0,0.0,0.0,0.0,0.0,0.0,0.0,0.0,SFJMI,0.0,0.0,0.0,0.0,37619.1,0.3510405913787445,1625313.72,0.0,0.0,0.0,2979716.89,13306.92,0.0,46821.29,2946202.52,0.0,0.0,0.0,0.0,0.0,0.0,11302.0,0.0,1354403.17,24778.08,SFJMI,1638620.64,,,24778.08,1401224.46,0.0,470350.73,0.0,0.0,1.8333179947561136,1.8184299753480464,0.0,0.0,0.0,4.111219963011785,0.0,0.0,2.84867341429778,29462.0252,0.0,0.0497809525666253,,0.0,0.0,24778.08,24778.08,2970980.6,0.0152451060340523,0.0151213034885243,1.827942854010978,0.0,0.034187186535397,0.034187186535397,4.09916619710832,4.064979010572923,0.0,29462.0252,2.5108428084935506,0.8621255347552225,6.388156905927255,0.1378744652447774,360.8008,,0.0,0.0,15.429198895619631,1.6489594086212551,360.8008,,29462.0252,6.263841708080265,1.0426556703865402,,0.0,0.0,0.0,0.3510405913787445,0.3510405913787445,0.6489594086212553,0.6489594086212555,3.2846624825939768,1.84867341429778,0.1478586629169462,0.1478586629169462,0.0,0.0,0.0,0.0,0.0,0.0,0.0,0.0,247.78080000000003,247.78080000000003,29709.806,247.78080000000003,247.78080000000003,29709.806,247.78080000000003,247.78080000000003,78.97532370524547,78.97532370524547,0.0526800075339523,0.0526800075339523,6.3165217156142175,2.242502378076914,2.242502378076914,16253.1372,16253.1372,26.154116634172016,7.861375187308453,0.0,34.01549182148047,0.8621255347552225,0.0,46.42953571141887,0.0,0.0,34.01549182148047,inf,6473.1799,6473.1799,5308.559499999999,6473.1799,0.0,647317.99,0.893127347714119,0.0,-0.3982726424040769,0.0,0.0,1164.6204,0.1799147278449653,4.2736267122173,0.0,0.0,0.0,,16253.1372,0.1196611575711035,0.5409284259003914,3.2846624825939768,0.0645504282146306,9.356930689106804,0.7266146426735336,4.520501363017217,0.3510405913787445,0.3510405913787445,0.3510405913787445,0.3510405913787445,1.84867341429778,0.6489594086212553,0.0519043924708352,0.0519043924708352,0.6489594086212553,0.6489594086212553,0.2733853573264663,0
117,113,3600,7318,5910329.51,5503757.05,2800.0,0.0,5500957.05,5500957.05,0.0,0.0,0.0,406572.46,12989.24,288397.37,0.0,0.0,0.0,0.0,81607.59,182471.29,0.0,105185.85,105185.85,0.0,5891585.64,7563500.0,0.0,-289479.48,18743.87,0.0,0.0,0.0,0.0,0.0,0.0,0.0,0.0,0.0,0.0,18743.87,0.0,0.0,0.0,0.0,0.0,0.0,2439.29,0.0,0.0,0.0,0.0,0.0,0.0,SFJIN,0.0,0.0,0.0,0.0,0.0,0.9968286252114562,725296.6,0.0,0.0,0.0,-301425.75,15338.18,0.0,3380.31,-289467.88,0.0,0.0,0.0,11.6,0.0,-289479.48,0.0,-289479.48,1026722.35,246640.62,SFJIN,740634.78,,,246640.62,1030114.26,18743.87,0.0,-0.3908532083788989,-0.3991187605181108,-0.4155896360192506,-0.4069829801943678,-0.3991187605181108,-0.0489785687092765,-0.0489785687092765,-0.050999821497262,-0.0491343922822108,-0.0491343922822108,1.003181464404547,-0.0526213670401225,-0.0382732174257949,-0.0072481339538715,,-0.3991187605181108,-289467.88,-42827.26000000001,-42827.26000000001,-42827.26000000001,-0.0590479260484607,-0.0578250727031749,-0.0590479260484607,-0.3991027670610892,-0.0072461712883415,-0.0072461712883415,-0.0072461712883415,-0.0489998195540118,-15.443954743604175,-15.443335874608607,1.8701473246209104,1.420266219364602,0.1253450550121771,-0.420266219364602,-3693.005172413792,,0.0,0.0,1.0738718036254888,1.0,-2.285486401687592,,-15.443335874608607,-7.721667937304304,-0.0,,1.5993457021582617e-05,0.0,0.0,0.9968286252114562,1.0458071939207327,0.0031713747885437,0.0031713747885437,1.070466153661343,0.0031814644045469,0.0,0.0,0.0,0.0031814644045469,55009.5705,-0.0491343922822108,-0.0489785687092765,1.003181464404547,1.0000400735307833,-2894.7948,-428.27260000000007,-428.27260000000007,-428.27260000000007,-3692.005172413794,-3692.005172413794,-3692.005172413794,-428.27260000000007,-428.27260000000007,-428.27260000000007,-428.27260000000007,-2.2848675326920223,-2.2848675326920223,-2.2848675326920223,0.1250006277635751,0.1227167789499438,0.1318491661373724,259.0345,6.51882741488103,144.7361571528117,40.955883096653146,151.25498456769273,1.420266219364602,1.5993457021582617e-05,2.5149209925180664,9.40686703894655,1.2241909861427724,160.6618516066393,21.69095602989137,21.69095602989137,21.69095602989137,20.997970002992982,27.302702696935057,5.611746667043679,387828.59,0.0656187763040643,0.0258430413157872,-0.5347172315436196,0.0031713747885437,-0.0146255771110128,0.6929860268983941,0.0334922188175967,1.2868142682251211,6.759234188691967,6.759234188691967,6.759234188691967,,6.895381840808435,13.536964727025532,314.3206627019927,1.070466153661343,1.3742430727388304,1.070466153661343,0.0461021634372382,23.219434270555137,0.9968286252114562,0.9968286252114562,0.9968271220705252,1.0148977697746362,0.0031814644045469,0.0,0.0,0.0,0.0031728779294747,-0.0146325092161917,0.9538978365627614,0
117,214,3312,4220,1203008.07,930000.0,0.0,0.0,0.0,0.0,0.0,0.0,0.0,273008.07,0.0,271108.07,0.0,0.0,0.0,0.0,0.0,0.0,0.0,0.0,0.0,0.0,1192652.86,25000.0,0.0,0.0,10355.21,0.0,0.0,0.0,0.0,0.0,0.0,0.0,0.0,0.0,0.0,0.0,0.0,0.0,0.0,0.0,0.0,0.0,0.0,0.0,0.0,0.0,0.0,0.0,0.0,SFJMI,0.0,0.0,0.0,0.0,0.0,0.99139223563147,0.0,0.0,0.0,0.0,1925.5,7778.28,0.0,0.0,9703.78,0.0,0.0,0.0,0.0,0.0,0.0,811.0,0.0,1925.5,0.0,SFJMI,7778.28,,,0.0,1925.5,0.0,10355.21,0.0,0.0,19.255,0.2475483011668389,0.0,0.0,0.0,0.0016005711416383,0.0,0.0,1.0086825012937963,97.0378,0.0,0.0006741434411159,,0.0,0.0,0.0,0.0,9703.78,0.0,0.0,97.0378,0.0,0.0,0.0,0.0080662634291389,0.0080662634291389,0.0,97.0378,0.0,19.255,0.0,-19.255,8.11,,0.0,0.0,1.3046916989247312,1.0086077643685298,8.11,,97.0378,0.9370915703302974,0.0,,0.0,0.0,0.0,0.99139223563147,0.99139223563147,0.0086077643685299,0.0086077643685299,1.282422430107527,0.0086825012937964,0.0,0.0,0.0,0.0,0.0,0.0,0.0,0.0,0.0,0.0,0.0,0.0,97.0378,0.0,0.0,97.0378,0.0,0.0,97.0378,97.0378,0.0,0.0,0.9370915703302974,0.0,0.0,0.0,0.0,0.0,989544.4555,0.0,989544.4555,19.255,0.0,0.0,0.0,0.0,989544.4555,inf,2730.0807,2730.0807,2730.0807,2730.0807,0.0,273008.07,0.2269378542074119,0.0,-2730.0807,0.0,0.0,0.0,0.0,1.0070082753346294,0.0,0.0,0.0,,0.0,3.406492709171564,115.17418381664883,1.282422430107527,0.0268817204301075,1.2935570645161292,0.037930050932194,33.81019530925649,0.99139223563147,0.99139223563147,0.99139223563147,0.99139223563147,0.0086825012937964,0.0086077643685299,0.0,0.0,0.0086077643685299,0.0086077643685299,0.9620699490678064,0
117,214,7022,2678,608684.02,0.0,0.0,0.0,0.0,0.0,0.0,0.0,0.0,608684.02,0.0,511530.7,0.0,0.0,0.0,0.0,499638.67,0.0,0.0,96659.93,96659.93,493.39,508088.21,5000.0,162168.39,67896.38,100595.81,0.0,0.0,0.0,0.0,0.0,0.0,0.0,0.0,0.0,0.0,100595.81,0.0,0.0,0.0,0.0,0.0,0.0,56069.01,0.0,0.0,0.0,0.0,0.0,0.0,SFJIN,0.0,0.0,0.0,0.0,0.0,0.8347322967341906,376928.08,0.0,0.0,0.0,68691.63,1.43,0.0,0.34,68692.72,0.0,0.0,0.0,796.34,0.0,67896.38,0.0,67896.38,308236.45,11219.51,SFJIN,376929.51,,,11219.51,309033.13,100595.81,0.0,0.1801301787169701,0.1801308620997406,0.1822406810338991,0.1822399896468705,0.1801308620997406,0.1115461845047287,0.1115461845047287,0.1128526916149367,0.1336310874050787,0.1336310874050787,1.1979888689013272,686.9272,13.579276,0.1299785888908337,,0.1801308620997406,68692.72,79912.23,79912.23,79912.23,0.2120092246775565,0.212008420354246,0.2120092246775565,0.1822435728322496,0.1312868867495486,0.1312868867495486,0.1312868867495486,0.1128544823634436,0.6749424255344234,0.6828586598189328,0.7418555923586576,0.8198729317274531,0.9161452878251344,0.1801270682725468,99.3493859406786,,0.0,0.0,6086.840200000001,1.0,0.7864730151285625,,0.6828586598189328,0.3414293299094664,0.0,,0.0021127107325089,0.0,0.0,0.8347322967341906,0.7231861122294618,0.1652677032658094,0.1652677032658094,5080.8821,0.1979888689013272,0.0,0.0,0.0,0.1979888689013272,0.0,0.1336310874050787,0.1115461845047287,1.197988868901327,0.9884072140395664,678.9638,799.1223,799.1223,799.1223,100.3493859406786,100.3493859406786,100.3493859406786,799.1223,799.1223,799.1223,799.1223,0.794389249413072,0.794389249413072,0.794389249413072,0.7361530196753048,0.6192508224546457,3769.2808,3769.2808,0.0,493.9859476640743,482.50179684145576,493.9859476640743,0.8198729317274531,0.0021127107325089,0.7368630660877246,97.1455213418963,54.14592523857601,591.1314690059705,6.050788994094287,6.050788994094287,6.050788994094287,6.04588431665295,7.011663308839602,0.960874314745316,508088.21,0.8347322967341906,0.266883300389825,-1.3479712363164875,0.1652677032658094,0.0064662121407425,0.0,0.0,0.993270218190228,0.8496369078925717,0.8496369078925717,0.8496369078925717,,3.8995277567447033,0.0,5.050788994094287,5080.8821,50.0,5080.8821,0.1652677032658094,0.0505078899409428,0.8347322967341906,0.8347322967341906,0.8347322967341906,0.9923130960498362,0.1979888689013272,0.0,0.0,0.0,0.1652677032658094,0.0064662121407425,0.8347322967341906,0
117,227,4110,6330,4391730.03,273649.32,0.0,0.0,0.0,0.0,0.0,273649.32,0.0,4118080.71,2749148.01,37491.56,0.0,0.0,0.0,0.0,13701.44,0.0,0.0,1330554.14,0.0,887.0,1735492.34,50000.0,1731251.4,-45759.06,2656237.69,0.0,0.0,0.0,0.0,0.0,0.0,0.0,2486031.22,2368397.29,0.0,170206.47,0.0,0.0,0.0,0.0,0.0,0.0,7248.68,0.0,0.0,0.0,0.0,0.0,0.0,SFJIN,0.0,0.0,0.0,0.0,0.0,0.3951728198556868,0.0,0.0,0.0,0.0,-49695.25,3936.19,0.0,0.0,-45759.06,0.0,0.0,0.0,0.0,0.0,-45759.06,0.0,-45759.06,49695.25,0.0,SFJIN,3936.19,,,0.0,49695.25,170206.47,2486031.22,-11.625216262426356,-457.5906,-496.9525,-12.625216262426356,-457.5906,-0.0104193699720654,-0.0104193699720654,-0.0113156431885682,-0.0263666159425399,-0.0263666159425399,2.530538411941363,-457.5906,-0.9151812,-0.0104193699720654,,-457.5906,-45759.06,-45759.06,-45759.06,-45759.06,-457.5906,-11.625216262426356,-457.5906,-457.5906,-0.0104193699720654,-0.0104193699720654,-0.0104193699720654,-0.0104193699720654,-0.2688444217191038,-0.2688444217191038,0.0,496.9525,0.0,-496.9525,-457.5906,,0.0,0.0,25.13348562313256,1.566071047859925,-0.2688444217191038,,-0.2688444217191038,-0.0161896210962115,-51.75799699556766,,0.0,0.0,0.0,0.3951728198556868,0.4055921898277522,0.6048271801443131,0.6048271801443132,6.342030522860426,1.530538411941363,1.36468322873727,1.36468322873727,1.432464530497438,0.098073881443925,0.0,-0.0263666159425399,-0.0104193699720654,2.530538411941363,1.0,-457.5906,-457.5906,-457.5906,-457.5906,-457.5906,-457.5906,-457.5906,-457.5906,-457.5906,-0.0193206858465878,-0.0193206858465878,-0.0172270200713852,-0.0172270200713852,-0.0172270200713852,0.0,0.0,0.0,0.0,10006898.756399998,136469.27839999998,49873.2416,10143368.0348,496.9525,0.0,0.0,619551.5508,26385.1952,10762919.585599998,24.19461909996724,24.19461909996724,24.19461909996724,8.037565787011506,32.011913824427474,7.817294724460239,3947874.24,0.8989337261243263,1702.0647,-39478.7424,0.0387561322843881,-0.2642119761628426,16.1518419951956,0.696361596867888,1.4167150579864909,1.0,1.0,1.0,,0.0,0.0664506937262043,0.6533648500409616,6.342030522860426,0.1827156011204413,15.426764298190106,0.6450183658493668,9.832325494343369,0.3951728198556868,0.3951728198556868,0.3951728198556868,0.3951728198556868,1.530538411941363,0.5660710478599249,0.5392857197098702,0.5392857197098702,0.6048271801443131,0.3018590716970824,0.3549816341506333,0
117,215,6810,2795,16855385.29,11966959.0,0.0,0.0,0.0,0.0,0.0,0.0,0.0,4888426.29,0.0,3144966.3,0.0,0.0,0.0,0.0,0.0,0.0,0.0,0.0,0.0,0.0,11651918.68,101000.0,0.0,0.0,5203466.61,171984.0,0.0,0.0,0.0,0.0,0.0,0.0,0.0,4822405.23,0.0,0.0,0.0,0.0,0.0,0.0,0.0,0.0,0.0,0.0,0.0,0.0,0.0,0.0,0.0,SFJMI,0.0,0.0,0.0,0.0,4822405.23,0.6912875902583417,202356.0,0.0,0.0,0.0,261075.35,67599.47,0.0,181638.42,147036.4,0.0,0.0,0.0,0.0,0.0,0.0,7129.0,0.0,58719.35,0.0,SFJMI,269955.47,,,0.0,240357.77,0.0,5203466.61,0.0,0.0,1.290178447883927,0.9671052414681578,0.0,0.0,0.0,0.0154891356980662,0.0,0.0,1.446575946237208,1470.364,0.0,0.0004229508775589,,0.0,0.0,0.0,0.0,147036.4,0.0,0.0,0.7266223882662238,0.0,0.0,0.0,0.0087234078290238,0.0087234078290238,0.0,1470.364,0.0413949168905234,1.1877966059815377,0.0173667535414004,-0.1877966059815375,71.29,,0.0,0.0,1.8433130672545963,1.3087124097416585,71.29,,1470.364,0.028257392815287,676.4490433440876,,0.0,0.0,0.0,0.6912875902583417,0.6912875902583417,0.3087124097416583,0.3087124097416582,0.9736741539767956,0.4465759462372081,0.4138722010030369,0.4138722010030369,0.0,0.0,0.0,0.0,0.0,0.0,0.0,0.0,0.0,0.0,1470.364,0.0,0.0,1470.364,0.0,0.0,0.0304902622212857,0.0304902622212857,0.0,0.0,0.028257392815287,0.0120054212062452,0.0120054212062452,2023.56,2023.56,0.0,5672.738636363636,0.0,5672.738636363636,1.1877966059815377,0.0,0.064342819826082,0.0,0.0,5672.738636363636,inf,48884.2629,48884.2629,48884.2629,48884.2629,0.0,4888426.29,0.2900216284524932,0.0,-24.15755544683627,0.0,0.0,0.0,0.0,1.554365237554374,0.0,0.0,0.0,,2023.56,2.4480187058318106,2.2392607761924315,0.9736741539767956,0.0084399052424262,1.408493610615696,1.0644461635116524,0.9147237195769524,0.6912875902583417,0.6912875902583417,0.6912875902583417,0.6912875902583417,0.4465759462372081,0.3087124097416583,0.2861047165063054,0.2861047165063054,0.3087124097416583,0.3087124097416583,-0.0644461635116524,0
117,214,4511,10671,15953263.91,12467126.79,4869686.37,0.0,7597440.42,6610226.93,0.0,0.0,0.0,3486137.12,2287109.81,921226.74,8169.43,0.0,0.0,0.0,799391.72,0.0,26402.1,902.13,902.13,276898.44,2428351.81,600000.0,1437880.99,80148.77,13524912.1,0.0,0.0,0.0,0.0,0.0,0.0,0.0,10471862.66,3663782.46,0.0,3045233.71,792409.36,0.0,0.0,0.0,450483.1,66949.71,1612828.2,0.0,7815.73,0.0,7815.73,0.0,7815.73,SFJIN,0.0,0.0,0.0,0.0,0.0,0.1522166137098649,2189278.64,0.0,0.0,0.0,335234.91,141315.65,0.0,76199.93,400350.63,44.86,0.0,0.0,320246.72,293265.94,80148.77,0.0,80148.77,1854043.73,194008.46,SFJIN,2330639.15,,,194008.46,2250490.38,3053049.44,10471862.66,0.0343891803242042,0.0366096706630271,0.1531257391704145,0.1438409556903188,0.0366096706630271,0.0050239731789154,0.0199140554053556,0.0210135626095838,0.0330054194247908,0.0330054194247908,6.569585117075767,0.06056533826139,0.1335812833333333,0.01718502442802,,0.0366096706630271,400395.49,594403.95,594403.95,594359.09,0.2715067598704566,0.2550390308169327,0.2714862691027762,0.1828892324094478,0.0372590808597737,0.0372590808597737,0.0372562688960117,0.0361210654732334,0.02625203802792,0.1311313943216065,5.05504714426418,1.0279597758282608,0.9018842524472022,-0.0279597758282608,0.8560813050637959,,0.0701389239880012,0.071280265146521,2.119584328860427,1.6564087900179418,0.0897978350458681,,0.1311313943216065,0.0241495692358808,15.251158140166504,,0.1462795617464207,0.1339555114829969,0.1339555114829969,0.1522166137098649,0.1471926405309495,0.847783386290135,0.847783386290135,0.1947803893313898,5.569585117075767,1.6942625623920613,1.508752745344588,4.312333417619583,1.2572516994561838,0.7255099371213487,0.0330054194247908,0.0234067907424218,1.4100788009768783,0.2001964378075288,1.2732972332211507,2.0268427693989963,2.0268427693989963,2.026689802436655,1.856081305063796,1.856081305063796,1.855941225565089,2.0268427693989963,2.0268427693989963,0.1421498420003617,0.1444629864874352,0.043948821671085,0.043948821671085,0.0439455048288262,0.1975406261582464,0.1372307668418681,0.2881600274530353,0.4495728212574807,380.2658810209741,153.1675901063009,134.26900223171228,533.4334711272751,1.0279597758282608,0.1462795617464207,2.376481863737477,507.61468908315845,399.90636908602914,1041.0481602104337,1.133206352531258,1.141854132568518,1.13893847862629,0.3020353545273738,1.1421496174657428,0.0002954848972245,433087.68000000017,0.0271472773498423,1.394545849129556,-0.1978220917553008,0.1913745962721931,0.1913180479692822,0.7491230833130563,5.280939439330159,0.1349882324533566,0.1348388919690052,0.1348388919690052,0.134849069103999,,2426.7884229545634,3.576200924076101,0.1795465872195945,0.1947803893313898,0.0481265659767947,1.034738371342095,3.8796271157572826,0.0502059562735502,0.1522166137098649,0.1522166137098649,-0.2202659340983868,-0.2202838637498272,5.569585117075767,0.9448088960633556,0.2620915251943575,0.3772441934844803,1.2202659340983868,1.2201845407038132,-2.879627115757282,1
117,214,7010,1591,12038.91,0.0,0.0,0.0,0.0,0.0,0.0,0.0,0.0,12038.91,0.0,7038.91,0.0,0.0,0.0,0.0,0.0,0.0,0.0,0.0,0.0,0.0,10836.91,5000.0,0.0,0.0,1202.0,0.0,0.0,0.0,0.0,0.0,0.0,0.0,0.0,0.0,0.0,0.0,0.0,0.0,0.0,0.0,0.0,0.0,0.0,0.0,0.0,0.0,0.0,0.0,0.0,SFJMI,0.0,0.0,0.0,0.0,0.0,0.9001570740208208,0.0,0.0,0.0,0.0,0.0,1434.86,0.0,0.0,1434.86,0.0,0.0,0.0,0.0,0.0,0.0,273.0,0.0,0.0,0.0,SFJMI,1434.86,,,0.0,0.0,0.0,1202.0,0.0,0.0,0.0,0.0,0.0,0.0,0.0,0.0,0.0,0.0,1.1109172264049438,14.3486,0.0,0.0226764715410282,,0.0,0.0,0.0,0.0,1434.86,0.0,0.0,14.3486,0.0,0.0,0.0,0.1191852086276913,0.1191852086276913,0.0,14.3486,0.0,0.0,0.0,0.0,2.73,,0.0,0.0,132.4091,1.099842925979179,2.73,,14.3486,1.1937271214642262,0.0,,0.0,0.0,0.0,0.9001570740208208,0.9001570740208208,0.0998429259791791,0.0998429259791791,108.3691,0.1109172264049438,0.0,0.0,0.0,0.0,0.0,0.0,0.0,0.0,0.0,0.0,0.0,0.0,14.3486,0.0,0.0,14.3486,0.0,0.0,14.3486,14.3486,0.0,0.0,1.1937271214642262,0.0,0.0,0.0,0.0,0.0,25692.0215,0.0,25692.0215,0.0,0.0,0.0,0.0,0.0,25692.0215,inf,120.3891,120.3891,120.3891,120.3891,0.0,12038.91,1.0,0.0,-120.3891,0.0,0.0,0.0,0.0,1.7103372539214168,0.0,0.0,0.0,,0.0,0.0,9.01573211314476,108.3691,50.0,120.3891,0.0998429259791791,0.0901573211314475,0.9001570740208208,0.9001570740208208,0.9001570740208208,0.9001570740208208,0.1109172264049438,0.0998429259791791,0.0,0.0,0.0998429259791791,0.0998429259791791,0.9001570740208208,0
117,214,4791,4042,13532.74,0.0,0.0,0.0,0.0,0.0,0.0,0.0,0.0,13532.74,2458.45,10945.2,0.0,0.0,0.0,0.0,0.0,0.0,0.0,129.09,129.09,0.0,8447.79,0.0,150000.0,10612.97,5084.95,0.0,0.0,0.0,0.0,0.0,0.0,0.0,0.0,0.0,0.0,5084.95,0.0,0.0,0.0,0.0,0.0,0.0,0.0,0.0,0.0,0.0,0.0,0.0,0.0,SFJMA,0.0,0.0,0.0,0.0,0.0,0.6242483044823148,148497.52,137884.55,0.0,0.0,10612.97,0.0,0.0,0.0,10612.97,0.0,0.0,0.0,0.0,0.0,10612.97,0.0,10612.97,0.0,0.0,SFJMA,148497.52,,,0.0,137884.55,5084.95,0.0,0.0714690050042586,0.0714690050042586,0.0714690050042586,0.0714690050042586,0.0714690050042586,0.7842439890221787,0.7842439890221787,0.7842439890221787,1.2563013521879685,1.2563013521879685,1.6019266577412552,106.1297,106.1297,0.7842439890221787,,0.0714690050042586,10612.97,10612.97,10612.97,10612.97,0.0714690050042586,0.0714690050042586,0.0714690050042586,0.0714690050042586,0.7842439890221787,0.7842439890221787,0.7842439890221787,0.7842439890221787,2.087133600133728,2.087133600133728,17.57826839919079,0.9285309949957412,17.85104884176614,0.0714690050042586,106.1297,,0.0,0.0,135.3274,1.0000000000000002,2.087133600133728,,2.087133600133728,1.043566800066864,0.0,,0.0,0.0,0.0,0.6242483044823148,-0.1599956845398639,0.3757516955176852,0.3757516955176851,84.4779,0.6019266577412553,0.0,0.0,0.0,0.6019266577412553,0.0,1.2563013521879685,0.7842439890221787,1.6019266577412552,1.0,106.1297,106.1297,106.1297,106.1297,106.1297,106.1297,106.1297,106.1297,106.1297,106.1297,106.1297,2.087133600133728,2.087133600133728,2.087133600133728,11.078886721154312,10.973204243929906,1484.9752,1484.9752,6.026200302873745,26.82908643861528,0.0,32.85528674148902,0.9285309949957412,0.0,13.567364689544274,12.464328023794604,0.0,45.319614765283625,2.661331969832545,2.661331969832545,2.661331969832545,2.177856222775052,2.68671865013422,0.0253866803016745,8447.79,0.6242483044823148,0.0342426594060291,-0.0568884248033233,0.3757516955176852,0.3662126073507656,0.4834757470574932,0.2910169405252734,0.6302604141409243,1.0,1.0,1.0,,1150.3410024014252,0.0,1.6613319698325453,84.4779,0.0,84.4779,0.3757516955176852,0.0166133196983254,0.6242483044823148,0.6242483044823148,0.6242483044823148,0.6302604141409244,0.6019266577412553,0.0,0.0,0.0,0.3757516955176852,0.3662126073507656,0.6242483044823148,0
117,224,6312,7940,864263.8,178025.57,2000.01,0.0,176025.56,176025.56,0.0,0.0,0.0,686238.23,355.68,345097.45,0.0,0.0,0.0,0.0,249867.21,0.0,0.0,340785.1,321569.06,0.0,755627.57,200000.0,0.0,173130.31,108636.23,0.0,0.0,0.0,0.0,0.0,0.0,0.0,0.0,0.0,0.0,108636.23,0.0,0.0,0.0,0.0,0.0,0.0,27293.18,123.0,0.0,0.0,0.0,0.0,0.0,SFJIN,0.0,0.0,0.0,0.0,0.0,0.874302001310248,1131290.28,0.0,0.0,0.0,124685.0,78997.1,0.0,0.0,203682.1,0.21,0.0,0.0,0.0,0.0,203682.31,30552.0,173130.31,1006605.28,3449.36,SFJIN,1210287.59,,,3449.36,1006605.28,108636.23,0.0,0.1682924882341394,0.1800442500045169,0.1102148601506591,0.103020986635422,0.1530379187912761,0.2003211403740385,0.2003211403740385,0.1442672943145368,0.2291212190682772,0.2291212190682772,1.143769542448008,1.1571166142008014,0.8656515499999999,0.2396625544191483,,0.1530379187912761,203682.31,207131.67,207131.67,207131.46,0.1830932994491917,0.1711425215886085,0.1830931138204422,0.1800442500045169,0.2396625544191483,0.2396625544191483,0.2396623114377808,0.236217851615919,1.5936700859372606,1.8749002979945089,1.9585982735516845,0.8897851398493409,2.727035831215642,0.1102148601506591,2071.3167,,0.0,0.0,4.854717218431037,1.0,1.906653701071917,,1.8749002979945089,0.9374501489972544,0.0,,0.0,0.0,0.0,0.874302001310248,0.6739808609362095,0.1256979986897519,0.125697998689752,4.244488979869577,0.1437695424480078,0.0,0.0,0.0,0.1437695424480078,1760.2556,0.2695538358929916,0.2356714581820967,1.143769542448008,0.8500025775460878,1731.3031,2071.3167,2071.3167,2071.3146,2071.3167,2071.3167,2071.3146,2071.3167,2071.3167,2071.3146,2071.3146,1.906653701071917,1.906653701071917,1.9066517680151456,2.0922901911768217,1.30896409175069,6.426852327582426,565.642311788441,0.1144423516128857,111.03734737294836,80.39639873861552,111.15178972456124,0.8897851398493409,0.0,3.278176294840776,34.954413044192336,8.781758047103525,146.10620276875358,6.316845034110628,6.316845034110628,6.316845034110628,6.313570988242136,9.453782867833318,3.136937833722691,577602.0,0.6683167801312515,0.0960286072642646,-0.5105692236655653,0.1256979986897519,-0.268608809023356,0.0032740458684915,0.0006157873414565,1.6720126403254765,0.8358466380346377,0.8358466380346377,0.8358474854568205,,3.518032114159242,0.2594224020425094,6.955576146189904,4.244488979869577,1.1234341224128646,4.244488979869577,0.1583068754417835,26.81177913482642,0.874302001310248,0.874302001310248,0.8740104463855544,1.3938134000307345,0.1437695424480078,0.0,0.0,0.0,0.1259895536144455,-0.269231843772542,0.8416931245582165,0
117,216,7810,9371,2582492.43,283416.42,0.0,0.0,105971.33,105971.33,177445.09,0.0,0.0,2299076.01,0.0,1130979.17,0.0,0.0,0.0,0.0,0.0,0.0,0.0,267000.98,267000.98,901095.86,200530.19,96000.0,0.0,-675841.98,2381962.24,778686.92,0.0,219398.59,0.0,0.0,0.0,0.0,0.0,0.0,0.0,1603275.32,0.0,0.0,0.0,0.0,212925.0,0.0,0.0,0.0,0.0,0.0,0.0,0.0,0.0,SFJMA,1130979.17,0.0,1221196.45,0.0,0.0,0.0776498655603029,7534257.91,0.0,0.0,0.0,-610160.22,2.26,0.0,18829.57,-628987.5299999999,0.0,0.0,0.0,46854.45,11385.14,-675841.98,0.0,-675841.98,8144418.13,36465.44,SFJMA,7534260.17,,,36465.44,8210102.149999999,1603275.32,778686.9200000002,-0.0897025009424382,-0.0897025278498861,-0.0809847800922971,-0.0809847557998518,-0.0897025278498861,-0.2617014370106014,-0.2581304823418204,-0.2362679607157647,-3.370275468247449,-3.370275468247449,12.878322361336217,-5.935449993880419,-7.040020625,-0.2475811865206512,,-0.0897025278498861,-628987.53,-592522.0900000001,-592522.0900000001,-592522.0899999999,-0.0786437227233173,-0.0786436991331028,-0.0786437227233172,-0.0834836738420068,-0.2294380742870173,-0.2294380742870173,-0.2294380742870173,-0.2435583247769674,-0.4215383169498299,-0.3923141098435919,10.828184016316516,1.0897028278130712,-113.34689884082924,-0.0897028278130711,-13.646015266426136,,0.0534701890336973,0.0534701890336973,11.859508175284978,1.301525344645444,-0.3987939763209228,,-0.3923141098435919,-0.1578293691480715,-0.3330197257472099,,0.0062188540078793,0.0015111163084673,0.0015111163084673,0.0776498655603029,0.3393513025709043,0.9223501344396972,0.9223501344396972,0.7075461259442908,11.878322361336217,1.0618101942655118,0.0,0.0,7.995181772879186,0.1360897779045781,-3.370275468247449,-0.2572928509997607,13.09898605869381,1.074491858368003,-58.36176278903905,-52.04346103780895,-52.04346103780895,-52.043461037808925,-12.646015266426136,-12.646015266426136,-12.646015266426131,-52.04346103780895,-52.04346103780895,-2.782773699659504,-2.782773699659504,-0.2487537711764902,-0.2487537711764902,-0.2487537711764901,3.253848296438322,2.917436590511129,71.09713457403998,75342.5791,0.0,54.64060598902434,54.64060598902434,54.64060598902434,1.0897028278130712,0.0062188540078793,6.661712354967599,77.45848674829875,58.99924227573993,132.09909273732308,1.4339870272561794,1.4339870272561794,1.4339870272561794,0.8719526412968173,1.6005217307280697,0.1665347034718902,695800.6899999997,0.2694299049697503,0.2127980405173042,-0.0923515890100448,0.6208247897942532,0.5174359175178685,0.0,0.0,0.6152197215091059,1.1406190442621302,1.1406190442621302,1.140619044262131,,28.218090847456818,0.1232740539100314,0.0841869726700621,0.7075461259442908,0.3387241995364983,3.455047205804096,1.0360519746365413,0.6829253196419088,0.0776498655603029,0.0776498655603029,0.0776498655603029,0.0866037272562591,11.878322361336217,0.301525344645444,0.0824494188352761,0.0824494188352761,0.9223501344396972,0.8189612621633126,-0.036051974636541,1
117,214,8621,5058,628494.62,66889.84,0.0,0.0,66889.84,66889.84,0.0,0.0,0.0,561604.78,0.0,475747.37,0.0,0.0,0.0,0.0,148612.07,0.0,0.0,85160.23,85160.23,697.18,394812.59,50000.0,225127.32,119685.27,233682.03,0.0,0.0,0.0,0.0,0.0,0.0,0.0,0.0,0.0,0.0,233682.03,0.0,0.0,0.0,0.0,0.0,0.0,181368.54,0.0,0.0,0.0,0.0,0.0,0.0,SFJIN,0.0,0.0,0.0,0.0,0.0,0.6281877003179439,1772534.7,0.0,0.0,0.0,126209.36,24840.07,0.0,14784.22,136265.21,0.0,0.0,0.0,2983.94,2983.94,133281.27,13596.0,119685.27,1646325.34,22015.24,SFJIN,1797374.77,,,22015.24,1664093.5,233682.03,0.0,0.0741532997038786,0.0751924743701773,0.0712027584001599,0.0702187223869844,0.0675221026702608,0.1904316539734262,0.1942773374893805,0.2008121565145617,0.3031445121848824,0.3031445121848824,1.591880897212523,2.037158558011201,2.3937054,0.2470928231652961,,0.0675221026702608,136265.21,158280.44999999998,158280.44999999998,158280.44999999998,0.0892961079972087,0.0880620183624809,0.0892961079972087,0.0768759054477184,0.2518405805924003,0.2518405805924003,0.2518405805924003,0.2168120548112249,0.5121714750595071,0.5831223308013885,5.405342264298527,0.9388213951467352,5.72427318170609,0.0611786048532646,52.04411281728185,,29.8394,29.8394,9.395965366339642,1.0,0.6645633384817823,,0.5831223308013885,0.2915611654006942,0.0,,0.0016834310775411,0.0016834310775411,0.0016834310775411,0.6281877003179439,0.4377560463445176,0.3718122996820561,0.3718122996820561,5.902429875747947,0.591880897212523,0.0,0.0,0.0,0.591880897212523,668.8983999999999,0.3375811039865775,0.2168120548112249,1.5570218375565157,0.8783259498150703,41.10981118923303,53.04411281728184,53.04411281728184,53.04411281728184,53.04411281728184,53.04411281728184,53.04411281728184,53.04411281728184,53.04411281728184,1582.8044999999995,1582.8044999999995,0.6773325702451317,0.6773325702451317,0.6773325702451317,3.262327459154573,2.820286194335284,26.499311405140155,17725.346999999998,0.0,97.96580571878226,30.60216849351384,97.96580571878226,0.9388213951467352,0.0016834310775411,3.725789803104955,48.119758078642974,37.34737441247272,146.08556379742524,2.4032861234558776,2.4032861234558776,2.4032861234558776,2.4003026676890817,2.767713931618961,0.3644278081630838,327922.75,0.5217590406740474,0.1318349536401177,-0.1850021610296261,0.3718122996820561,0.2363135582608487,0.0,0.0,0.6892791651165617,0.7561595257026374,0.7561595257026374,0.7561595257026374,,20.81411358330056,0.1191048267074934,1.6895291007186133,5.902429875747947,0.7474976767772206,5.902429875747947,0.416096939203402,14.18522781505644,0.6281877003179439,0.6281877003179439,0.6281877003179439,0.7266475254768984,0.591880897212523,0.0,0.0,0.0,0.3718122996820561,0.2363135582608487,0.5839030607965979,0
117,214,8891,1300,5000.0,0.0,0.0,0.0,0.0,0.0,0.0,0.0,0.0,5000.0,0.0,0.0,0.0,0.0,0.0,0.0,0.0,0.0,0.0,5000.0,0.0,0.0,5000.0,5000.0,0.0,0.0,0.0,0.0,0.0,0.0,0.0,0.0,0.0,0.0,0.0,0.0,0.0,0.0,0.0,0.0,0.0,0.0,0.0,0.0,0.0,0.0,0.0,0.0,0.0,0.0,0.0,SFJMA,0.0,0.0,0.0,0.0,0.0,1.0,0.0,0.0,0.0,0.0,0.0,0.0,0.0,0.0,0.0,0.0,0.0,0.0,0.0,0.0,0.0,0.0,0.0,0.0,0.0,SFJMA,0.0,,,0.0,0.0,0.0,0.0,0.0,0.0,0.0,0.0,0.0,0.0,0.0,0.0,0.0,0.0,1.0,0.0,0.0,0.0,,0.0,0.0,0.0,0.0,0.0,0.0,0.0,0.0,0.0,0.0,0.0,0.0,0.0,0.0,0.0,0.0,0.0,0.0,0.0,0.0,,0.0,0.0,50.0,1.0,0.0,,0.0,0.0,0.0,,0.0,0.0,0.0,1.0,1.0,0.0,0.0,50.0,0.0,0.0,0.0,0.0,0.0,0.0,0.0,0.0,0.0,0.0,0.0,0.0,0.0,0.0,0.0,0.0,0.0,0.0,0.0,0.0,0.0,0.0,0.0,0.0,0.0,0.0,0.0,0.0,0.0,0.0,0.0,0.0,0.0,0.0,0.0,0.0,0.0,0.0,inf,50.0,50.0,50.0,100.0,50.0,5000.0,1.0,0.0,-50.0,0.0,-1.0,0.0,0.0,50.0,0.0,0.0,0.0,,0.0,0.0,50.0,50.0,50.0,50.0,0.0,0.5,1.0,1.0,1.0,1.0,0.0,0.0,0.0,0.0,0.0,-1.0,1.0,1
117,214,8622,1800,12043.68,0.0,0.0,0.0,0.0,0.0,0.0,0.0,0.0,12043.68,0.0,11895.54,0.0,0.0,0.0,0.0,9359.83,0.0,0.0,148.14,148.14,0.0,2738.85,5000.0,0.0,-1797.35,9304.83,0.0,0.0,0.0,0.0,0.0,0.0,0.0,0.0,0.0,0.0,9304.83,0.0,0.0,0.0,0.0,0.0,0.0,492.0,0.0,0.0,0.0,0.0,0.0,0.0,SFJIN,0.0,0.0,0.0,0.0,0.0,0.2274097285879399,24764.53,0.0,0.0,0.0,-1830.8,0.83,0.0,4.39,-1834.36,37.01,0.0,0.0,0.0,0.0,-1797.35,0.0,-1797.35,26595.33,0.0,SFJIN,24802.37,,,0.0,26599.72,9304.83,0.0,-0.0724668650616856,-0.0725775938408683,-0.073928316022957,-0.0739258383484027,-0.0725775938408683,-0.1492359478166141,-0.1492359478166141,-0.1520133381159246,-0.6562425835660952,-0.6562425835660952,4.397349252423463,-18.3436,-0.3594699999999999,-0.1492359478166141,,-0.0725775938408683,-1797.35,-1797.35,-1797.35,-1834.36,-0.0725775938408683,-0.0724668650616856,-0.0740720700130388,-0.0725775938408683,-0.1492359478166141,-0.1492359478166141,-0.1523089288323834,-0.1523089288323834,-0.1931631206588406,-0.1971406248152841,9.04194461178962,1.0741055856905015,9.558974180823016,-0.0741055856905018,-17.973499999999998,,0.0,0.0,120.4368,1.0,-0.1931631206588406,,-0.1971406248152841,-0.098570312407642,-0.0,,0.0,0.0,0.0,0.2274097285879399,0.376645676404554,0.77259027141206,0.77259027141206,27.3885,3.3973492524234623,0.0,0.0,0.0,3.3973492524234623,0.0,-0.6562425835660952,-0.1492359478166141,4.397349252423463,0.979824025818269,-17.973499999999998,-17.973499999999998,-17.973499999999998,-18.3436,-17.973499999999998,-17.973499999999998,-18.3436,-17.973499999999998,-17.973499999999998,-18.3436,-18.3436,-0.1931631206588406,-0.1931631206588406,-0.1971406248152841,2.08183319126328,2.056226170074263,247.6453,247.6453,0.0,174.8459009720758,137.57491541329475,174.8459009720758,1.0741055856905015,0.0,2.08183319126328,136.76650112075615,7.231633307799503,311.612402092832,1.294347129394089,1.294347129394089,1.294347129394089,1.294347129394089,1.310267893126473,0.0159207637323841,2738.8500000000004,0.2274097285879399,0.3757321459361433,-0.1105956785773846,0.77259027141206,0.7602900442389702,0.0,0.0,0.2302417544726847,1.0,1.0,0.979824025818269,,167.1697718374511,0.0,0.2943471293940888,27.3885,50.0,27.3885,0.77259027141206,0.0029434712939408,0.2274097285879399,0.2274097285879399,0.2274097285879399,0.2302417544726847,3.3973492524234623,0.0,0.0,0.0,0.77259027141206,0.7602900442389702,0.2274097285879399,1
117,214,2511,8888,743668.66,221202.66,0.0,0.0,221202.66,221202.66,0.0,0.0,0.0,522466.0,31602.22,180729.56,0.0,0.0,0.0,0.0,0.0,0.0,0.0,300657.97,300657.97,9476.25,335712.31,50000.0,225663.8,60048.51,407956.35,0.0,0.0,0.0,0.0,0.0,0.0,0.0,139738.65,139738.65,0.0,268217.7,0.0,0.0,0.0,0.0,37363.75,0.0,0.0,0.0,0.0,0.0,0.0,0.0,0.0,SFJMA,178333.53,0.0,64282.63,0.0,0.0,0.4514272660084936,1565985.74,0.0,0.0,0.0,-52376.47,113701.9,0.0,74.05,61251.37999999999,1895.04,0.0,258.54,3097.91,238.77,60048.51,0.0,60048.51,1618362.21,27471.22,SFJMA,1681582.68,,,27471.22,1621534.17,268217.7,139738.64999999997,0.0357095197959579,0.038345502430948,-0.033446326273699,-0.0311822679126221,0.038345502430948,0.0807463232348664,0.0807247898546645,-0.070429847077326,0.1788689547904871,0.1788689547904871,2.215196279218954,0.2769016430453412,1.2009702,0.1176864572994107,,0.038345502430948,63146.42,90617.64,90617.64,88722.59999999999,0.0578661974278258,0.0538883047962887,0.056656071465887,0.0403237516070867,0.1218521700242148,0.1218521700242148,0.1193039383964358,0.0823638043318915,0.223879743954258,0.2283644218856547,6.159277131843163,1.0354718619596115,44.67309154872118,-0.0354718619596114,28.25121775648744,,0.0013482030734761,0.0013482030734761,3.993655908116114,1.1879044492744926,0.3263010979514029,,0.2283644218856547,0.0905852272798697,2.0235711421870244,,0.0019782491761387,0.0001524726527841,0.0001524726527841,0.4514272660084936,0.3706809427736271,0.5485727339915063,0.5485727339915064,1.517668503624685,1.215196279218954,0.5275421684715702,0.4162452368815429,0.4162452368815429,0.7989510423374109,1.5829740733862825,0.1788689547904871,0.0810673936427548,2.2064229125056256,0.9803617485842768,252.49101645935417,379.5185324789546,379.5185324789546,371.5818570172132,29.25121775648744,29.25121775648744,28.639502115942683,379.5185324789546,379.5185324789546,0.5009678016785769,0.5009678016785769,0.2221258230200363,0.2221258230200363,0.2174806201692901,3.534871223987845,2.1057573409104,7.079416404847934,15659.8574,7.365846319903271,42.12445089059368,41.56598415129885,49.49029721049695,1.0354718619596115,0.0019782491761387,8.664801375048995,62.51618900437753,14.982997195108558,112.00648621487449,1.947917680302232,1.947917680302232,1.947917680302232,1.794764215784417,3.068865216575938,1.1209475362737058,254248.3,0.3418838438075365,0.1712772301489795,-0.1623567146914122,0.3606682847170136,-0.0436219404485862,0.1178230221197184,0.1242966816297296,1.1974104865508122,0.6626580652508717,0.6626580652508717,0.676811883330741,,5.208528947361682,0.4233819234170262,0.8229123287332089,1.517668503624685,0.2260370648345729,2.149390789423599,0.780828513242967,1.9436642974543104,0.4514272660084936,0.4514272660084936,0.4514272660084936,0.7577973118436486,1.215196279218954,0.1879044492744927,0.238146918817313,0.238146918817313,0.5485727339915063,0.1442825088259064,0.219171486757033,0
117,214,4677,7075,7279467.76,2511954.18,0.0,0.0,11954.18,11954.18,0.0,2500000.0,0.0,4767513.58,238414.25,4418630.13,0.0,0.0,0.0,0.0,0.0,0.0,0.0,98823.33,27823.33,11645.87,5840977.2,100000.0,5592674.32,148302.88,1438490.56,0.0,0.0,0.0,0.0,0.0,0.0,0.0,350058.97,350058.97,0.0,1088431.59,0.0,0.0,0.0,0.0,0.0,0.0,0.0,0.0,0.0,0.0,0.0,0.0,0.0,SFJMA,4314232.64,0.0,488927.3,0.0,0.0,0.8023906956626181,3616741.94,0.0,0.0,0.0,212713.59,25037.21,0.0,20913.42,216837.38,0.0,0.0,0.0,18497.5,17604.74,198339.88,50037.0,148302.88,3404028.35,2537.46,SFJMA,3641779.15,,,2537.46,3443439.27,1088431.59,350058.97,0.0544623580482633,0.0548393784489915,0.0588135934298923,0.0584092503248034,0.0410045511845393,0.0203727641758248,0.0223316765400441,0.0292210360720108,0.0253900802762934,0.0253900802762934,1.2462756677084783,18.13904257757537,1.4830288,0.0275950586804989,,0.0410045511845393,216837.38,219374.84,219374.84,219374.84,0.0606553753735606,0.0602383700285614,0.0606553753735606,0.05995378813231,0.0301361098410854,0.0301361098410854,0.0301361098410854,0.0297875321588071,0.136253744711691,0.1992200355008071,0.9830555420701564,0.9520832083474554,0.6298580675268459,0.0479167916525445,10.859702121908366,,0.0502907838642158,0.0502907838642158,3.0372873799792,1.0480885390994577,0.1845566977709641,,0.1992200355008071,0.0858108667890698,1.7426503656410424,,0.0051144096833184,0.0048675687378458,0.0048675687378458,0.8023906956626181,0.7820179314867932,0.1976093043373819,0.1976093043373818,2.325272191071574,0.2462756677084786,0.0599315761753016,0.0599315761753016,0.0599315761753016,0.186344091533177,0.0341490463735295,0.0339566262987638,0.0296648913244173,1.1446738815730604,0.6839359523713117,9.424031255218765,12.461123538319791,12.461123538319791,12.461123538319791,11.859702121908366,11.859702121908366,11.859702121908366,12.461123538319791,12.461123538319791,0.6266796705709327,0.6266796705709327,0.1525034964428268,0.1525034964428268,0.1525034964428268,0.4987478322899514,0.496841535568529,302.5503999437853,36167.4194,23.99474124493383,444.70448652468696,434.1976029840824,468.6992277696208,0.9520832083474554,0.0051144096833184,0.8185210876656924,109.5430930192382,49.20714282424032,578.2423207888589,4.380168330101481,4.380168330101481,4.380168330101481,4.150424796105008,4.470962580202215,0.0907942501007343,3679081.99,0.5054053553497708,0.3009425632396654,-1.0172365214422792,0.1495207652379244,0.1359451394836592,0.2190438537345282,0.0648026465971746,0.790003635309999,0.6760250172718075,0.6760250172718075,0.6760250172718075,,129.9895425888993,0.5268897797245499,4.060490463003108,2.325272191071574,0.0398096433430963,2.464629418519091,0.3017276271712266,7.706527283800933,0.8023906956626181,0.8023906956626181,0.8023906956626181,0.8054693326986525,0.2462756677084786,0.0480885390994574,0.0480885390994574,0.0480885390994574,0.1976093043373819,0.1840336785831166,0.6982723728287733,0
117,216,4110,5425,10891940.59,6008871.44,0.0,0.0,6008871.44,6008871.44,0.0,0.0,0.0,4883069.15,0.0,44583.26,0.0,0.0,0.0,0.0,44583.26,0.0,0.0,4118038.38,4118038.38,720447.51,7338748.17,10050000.0,0.0,-820762.01,3553192.42,2629499.29,0.0,0.0,0.0,0.0,0.0,2629499.29,58756.83,0.0,0.0,79929.4,0.0,0.0,0.0,0.0,0.0,0.0,49093.33,0.0,785006.9,0.0,785006.9,748065.4,36941.5,SFJIN,0.0,0.0,0.0,0.0,0.0,0.6737778368657077,917852.92,0.0,0.0,0.0,-943758.62,1.72,0.0,36678.29,-980435.19,159673.18,0.0,6338.18,0.0,0.0,-820762.01,0.0,-820762.01,1861611.54,97249.13,SFJIN,1077527.82,,97249.13,97249.13,1898289.83,2746370.19,806822.23,-0.7617084169576244,-0.8942195335609979,-1.0282242388028793,-1.0282223119774172,-0.8942195335609979,-0.075354984102057,-0.0758263349837092,-0.0866474263425999,-0.1118395114517194,-0.1118395114517194,1.4841687352790034,-0.1631646141525703,-0.0816678616915422,-0.0664264438482399,,-0.8942195335609979,-820762.01,-723512.88,-723512.88,-883186.0599999999,-0.7882666865623743,-0.6714563341854134,-0.9622304845965952,-0.8942195335609979,-0.0664264438482399,-0.0664264438482399,-0.081086198800135,-0.0900147390539521,-0.2988533785388925,-0.3569930934911582,0.4295658570452058,2.0681852055338017,0.2849846710342691,-1.0681852055338017,-7235.1288,,0.0,0.0,1.9469151465154328,1.0740751589060955,-0.2634433197077485,,-0.3569930934911582,-0.1556354386324608,-0.0,,0.0,0.0,0.0,0.6737778368657077,0.7491328209677648,0.3262221631342923,0.3262221631342923,1.2213188854644557,0.4841687352790033,0.0,0.0,0.0080063831921895,0.3742287003697526,7.447577937955429,-0.1118395114517194,-0.075354984102057,1.4841687352790034,0.8371405049221051,-8207.6201,-7235.1288,-7235.1288,-8831.8606,-7235.1288,-7235.1288,-8831.8606,-7235.1288,-7235.1288,-8831.8606,-8831.8606,-0.2036233320569787,-0.2036233320569787,-0.2485612811253267,0.1354984012974111,0.0842689980188369,0.1527496351294878,9178.5292,0.0,17.729300136671135,17.729300136671135,17.729300136671135,2.0681852055338017,0.0,20.58738907832222,1092.1413415016427,19.52280704189512,1109.8706416383138,1.7780083572783028,1.7780083572783028,1.3827662765972129,1.515681190815722,3.2774560264215515,1.4994476691432483,2136698.9600000004,0.1961724765522247,2.99216805890861,-2.327931756212096,0.2521470042281969,-0.1259342335432257,0.0,0.0,47.92603681292037,1.1344124378269531,1.1344124378269531,0.929319479974582,,0.2228859557156434,1.2305521907261951,2.065395650596373,1.2213188854644557,1.6725270461103423,1.3555907263677454,0.7276555606426339,1.67842994889758,0.6737778368657077,0.6737778368657077,0.6737778368657077,1.0833856088394875,0.4841687352790033,0.0740751589060953,0.0,0.0,0.3262221631342923,-0.0518590746371303,0.2723444393573659,0
117,214,6820,3337,16448458.56,16000806.95,0.0,0.0,15986036.95,15986036.95,14770.0,0.0,0.0,447651.61,41533.2,65665.88,0.0,0.0,0.0,0.0,55293.97,0.0,0.0,339617.13,339617.13,835.4,1310485.77,4500000.0,8060.87,150848.93,15137972.79,0.0,0.0,0.0,0.0,0.0,0.0,0.0,11894039.71,11894039.71,0.0,189245.58,0.0,0.0,0.0,0.0,0.0,0.0,56097.5,0.0,3054687.5,0.0,3054687.5,2960937.5,93750.0,SFJIN,0.0,0.0,0.0,0.0,0.0,0.0796722541033048,1486791.29,0.0,0.0,0.0,234883.23,695313.21,0.0,1.75,930194.69,0.0,0.0,0.0,739415.76,286832.27,190778.93,39930.0,150848.93,1251908.06,486648.13,SFJIN,2182104.5,,,486648.13,1991325.57,282995.58,14854977.21,0.0874288696989534,0.1283158781485732,0.1579799609937182,0.1076406881521943,0.1014593850627144,0.0091710070855417,0.0232959865085376,0.0142799539022579,0.1151091705482616,0.1151091705482616,12.551420958962415,0.0581879482018837,0.0335219844444444,0.0411848354986523,,0.1014593850627144,930194.69,1416842.8199999998,1416842.8199999998,1416842.8199999998,0.9529534034329726,0.6493010852596656,0.9529534034329726,0.6256390498494243,0.0861383341686213,0.0861383341686213,0.0861383341686213,0.0565520888542154,0.5330434136109122,3.2869583687490813,9.029680176304504,1.3393443877385105,1.5314031463617983,-0.3393443877385104,0.9161652978562428,,0.0241156307691526,0.0241156307691526,1.9563660675251129,1.9031227549872,2.393772581183071,,3.2869583687490813,0.0603201217771514,17.55766843739605,,0.4973231717008511,0.1929203324832498,0.1929203324832498,0.0796722541033048,0.0705012470177631,0.9203277458966952,0.9203277458966952,0.0819012299876538,11.551420958962415,9.076054072681767,9.076054072681767,9.076054072681767,0.2159470835001893,1.0761401195040945,0.1455787879329662,0.0290368363854758,5.013589841549829,0.1621692013743918,1.5259133848503168,4.939621403128734,4.939621403128734,4.939621403128734,1.9161652978562425,1.9161652978562425,1.9161652978562425,4.939621403128734,4.939621403128734,0.1191220858972565,0.1191220858972565,0.0935952811948474,0.0935952811948474,0.0935952811948474,0.0922965997561501,0.0903909192813749,0.0930056207583081,14867.9129,10.196197746087144,16.120652818728846,13.57439957157672,26.31685056481599,1.3393443877385105,0.4973231717008511,22.641762967312705,69.47403270031262,13.771662262024686,95.7908832651286,1.5818325148399843,1.5818325148399843,0.1341204659850449,1.4321178090484663,2.781911788162911,1.2000792733229262,164656.03000000003,0.0100104231286703,0.1903398156172948,-0.1107458935947896,0.0172049909094946,-0.0034423620786992,0.1467627162233417,0.2522422045521199,1.5359836110533789,0.1064683589955306,0.1064683589955306,0.1064683589955306,,4.377845399023306,35.74388339628668,0.0865694362236992,0.0819012299876538,0.28123581604739,1.0102904828809274,33.81641538159552,0.0024219370700132,0.0796722541033048,0.0796722541033048,0.0796722541033048,0.0813519566689284,11.551420958962415,0.9031227549872004,0.7231096863340367,0.7231096863340367,0.9203277458966952,0.8996803929085011,-32.816415381595526,0
117,0,6920,1526,5196.67,0.0,0.0,0.0,0.0,0.0,0.0,0.0,0.0,5196.67,0.0,4439.89,0.0,0.0,0.0,0.0,3250.89,0.0,0.0,756.78,756.78,0.0,5196.67,5000.0,4531.07,-104.0,0.0,0.0,0.0,0.0,0.0,0.0,0.0,0.0,0.0,0.0,0.0,0.0,0.0,0.0,0.0,0.0,0.0,0.0,0.0,0.0,0.0,0.0,0.0,0.0,0.0,SFJIN,0.0,0.0,0.0,0.0,0.0,1.0,0.0,0.0,0.0,0.0,-104.0,0.0,0.0,0.0,-104.0,0.0,0.0,0.0,0.0,0.0,-104.0,0.0,-104.0,104.0,0.0,SFJIN,0.0,,,0.0,104.0,0.0,0.0,-1.04,-1.04,-1.04,-1.04,-1.04,-0.0200128158994125,-0.0200128158994125,-0.0200128158994125,-0.0200128158994125,-0.0200128158994125,1.0,-1.04,-0.0208,-0.0200128158994125,,-1.04,-104.0,-104.0,-104.0,-104.0,-1.04,-1.04,-1.04,-1.04,-0.0200128158994125,-0.0200128158994125,-0.0200128158994125,-0.0200128158994125,-1.04,-1.04,0.0,1.04,0.0,-1.04,-1.04,,0.0,0.0,51.9667,1.0,-1.04,,-1.04,-1.04,-0.0,,0.0,0.0,0.0,1.0,1.0200128158994126,0.0,0.0,51.9667,0.0,0.0,0.0,0.0,0.0,0.0,-0.0200128158994125,-0.0200128158994125,1.0,1.0,-1.04,-1.04,-1.04,-1.04,-1.04,-1.04,-1.04,-1.04,-1.04,-1.04,-1.04,-1.04,-1.04,-1.04,0.0,0.0,0.0,0.0,0.0,16205.598500000002,11865.7485,16205.598500000002,1.04,0.0,0.0,0.0,0.0,16205.598500000002,inf,51.9667,51.9667,51.9667,59.5345,7.5678,5196.67,1.0,0.0,-51.9667,0.0,-0.1456278732342057,0.0,0.0,1.1704501688104885,1.0,1.0,1.0,,0.0,0.0,51.9667,51.9667,50.0,51.9667,0.0,0.519667,1.0,1.0,1.0,1.1704501688104885,0.0,0.0,0.0,0.0,0.0,-0.1456278732342057,1.0,0
117,214,4690,5221,354892.68,0.0,0.0,0.0,0.0,0.0,0.0,0.0,0.0,354892.68,237060.26,52594.2,0.0,0.0,0.0,0.0,50565.2,0.0,0.0,49638.22,49638.22,15600.0,318298.86,50000.0,3286.54,-19771.77,36593.82,0.0,0.0,0.0,0.0,0.0,0.0,0.0,0.0,0.0,0.0,36593.82,0.0,0.0,0.0,0.0,29948.48,0.0,6645.34,0.0,0.0,0.0,0.0,0.0,0.0,SFJIN,0.0,0.0,0.0,0.0,0.0,0.8968876450198973,95297.7,0.0,0.0,0.0,-16900.98,0.0,0.0,0.0,-16900.98,79.22,0.0,0.0,2950.01,2393.6,-19771.77,0.0,-19771.77,112198.68,0.0,SFJIN,95376.92,,,0.0,115148.69,36593.82,0.0,-0.2073014100266605,-0.2074737375613472,-0.1773492959431339,-0.1773492959431339,-0.2074737375613472,-0.0557119690380765,-0.050248863966425,-0.047622791205499,-0.0621169990995255,-0.0621169990995255,1.1149668585052426,-169.00979999999998,-0.3954354,-0.0557119690380765,,-0.2074737375613472,-16821.760000000002,-16821.760000000002,-16821.760000000002,-16900.98,-0.1765180062058161,-0.1763713904789544,-0.1773492959431339,-0.1765180062058161,-0.0473995687935857,-0.0473995687935857,-0.047622791205499,-0.047622791205499,-0.5403035266610592,-0.4618533949175024,0.2993969252670273,1.208305027298665,0.3547140362652303,-0.208305027298665,-6.702272195687472,,0.0799239226832213,0.0799239226832213,3548.9268,1.0,-0.5403035266610592,,-0.4618533949175024,-0.2309266974587512,-1.5147091029280637,,0.0309557313555311,0.0251170804751846,0.0251170804751846,0.8968876450198973,0.952599614057974,0.1031123549801027,0.1031123549801027,3182.9886,0.1149668585052425,0.0940891839826256,0.0,0.0,0.1149668585052425,0.0,-0.0621169990995255,-0.0489673948755437,1.268537957908583,1.1698593809353068,-7.260264872994654,-7.027807486631017,-7.027807486631017,-7.060904077540107,-5.702272195687472,-5.702272195687472,-5.729126341944603,-7.027807486631017,-7.027807486631017,-0.5643351515669577,-0.5643351515669577,-0.4596885485035452,-0.4596885485035452,-0.4618533949175024,0.3121910159805691,0.2685254032289423,952.977,952.977,905.477620551178,200.8893058279476,193.139318157731,1106.3669263791255,1.208305027298665,0.0309557313555311,1.8119431420194625,139.77410241800172,25.3826037774259,1246.141028797127,9.698158869448449,9.698158869448449,9.698158869448449,2.7937072434635133,11.05462343095091,1.3564645615024613,318298.86,0.8968876450198973,0.383994786862642,-3.340047661171256,0.1031123549801027,-0.0367559004034684,6.478150135733301,0.7447725700305682,1.098891624178685,1.1753686891264647,1.1753686891264647,1.1698593809353068,,1.91984523216183,0.0,8.698158869448447,3182.9886,500.0,3182.9886,0.1031123549801027,0.0869815886944844,0.8968876450198973,0.8968876450198973,0.8968876450198973,1.0427328727645782,0.1149668585052425,0.0,0.0843874266440209,0.0843874266440209,0.1031123549801027,-0.0367559004034684,0.8968876450198973,0
117,214,4120,5399,0.0,0.0,0.0,0.0,0.0,0.0,0.0,0.0,0.0,0.0,0.0,0.0,0.0,0.0,0.0,0.0,0.0,0.0,0.0,0.0,0.0,0.0,0.0,60000.0,0.0,0.0,0.0,0.0,0.0,0.0,0.0,0.0,0.0,0.0,0.0,0.0,0.0,0.0,0.0,0.0,0.0,0.0,0.0,0.0,0.0,0.0,0.0,0.0,0.0,0.0,0.0,SFJIN,0.0,0.0,0.0,0.0,0.0,,0.0,0.0,0.0,0.0,0.0,0.0,0.0,0.0,0.0,0.0,0.0,0.0,0.0,0.0,0.0,0.0,0.0,0.0,0.0,SFJIN,0.0,,,0.0,0.0,0.0,0.0,0.0,0.0,0.0,0.0,0.0,0.0,0.0,0.0,0.0,0.0,0.0,0.0,0.0,0.0,,0.0,0.0,0.0,0.0,0.0,0.0,0.0,0.0,0.0,0.0,0.0,0.0,0.0,0.0,0.0,0.0,0.0,0.0,0.0,0.0,,0.0,0.0,0.0,0.0,0.0,,0.0,0.0,0.0,,0.0,0.0,0.0,0.0,0.0,0.0,0.0,0.0,0.0,0.0,0.0,0.0,0.0,0.0,0.0,0.0,0.0,0.0,0.0,0.0,0.0,0.0,0.0,0.0,0.0,0.0,0.0,0.0,0.0,0.0,0.0,0.0,0.0,0.0,0.0,0.0,0.0,0.0,0.0,0.0,0.0,0.0,0.0,0.0,0.0,0.0,,0.0,0.0,0.0,0.0,0.0,0.0,0.0,0.0,0.0,0.0,0.0,0.0,0.0,0.0,0.0,0.0,0.0,,0.0,0.0,0.0,0.0,600.0,0.0,0.0,0.0,0.0,0.0,0.0,,0.0,0.0,0.0,0.0,0.0,0.0,0.0,0
117,215,3832,1531,5000.0,0.0,0.0,0.0,0.0,0.0,0.0,0.0,0.0,5000.0,0.0,5000.0,0.0,0.0,0.0,0.0,0.0,0.0,0.0,0.0,0.0,0.0,5000.0,5000.0,0.0,0.0,0.0,0.0,0.0,0.0,0.0,0.0,0.0,0.0,0.0,0.0,0.0,0.0,0.0,0.0,0.0,0.0,0.0,0.0,0.0,0.0,0.0,0.0,0.0,0.0,0.0,SFJMI,0.0,0.0,0.0,0.0,0.0,1.0,0.0,0.0,0.0,0.0,0.0,0.0,0.0,0.0,0.0,0.0,0.0,0.0,0.0,0.0,0.0,0.0,0.0,0.0,0.0,SFJMI,0.0,,,0.0,0.0,0.0,0.0,0.0,0.0,0.0,0.0,0.0,0.0,0.0,0.0,0.0,0.0,1.0,0.0,0.0,0.0,,0.0,0.0,0.0,0.0,0.0,0.0,0.0,0.0,0.0,0.0,0.0,0.0,0.0,0.0,0.0,0.0,0.0,0.0,0.0,0.0,,0.0,0.0,50.0,1.0,0.0,,0.0,0.0,0.0,,0.0,0.0,0.0,1.0,1.0,0.0,0.0,50.0,0.0,0.0,0.0,0.0,0.0,0.0,0.0,0.0,0.0,0.0,0.0,0.0,0.0,0.0,0.0,0.0,0.0,0.0,0.0,0.0,0.0,0.0,0.0,0.0,0.0,0.0,0.0,0.0,0.0,18200.0,0.0,18200.0,0.0,0.0,0.0,0.0,0.0,18200.0,inf,50.0,50.0,50.0,50.0,0.0,5000.0,1.0,0.0,-50.0,0.0,0.0,0.0,0.0,1.0,0.0,0.0,0.0,,0.0,0.0,50.0,50.0,50.0,50.0,0.0,0.5,1.0,1.0,1.0,1.0,0.0,0.0,0.0,0.0,0.0,0.0,1.0,0
117,214,4652,3408,604703.35,221344.0,0.0,0.0,0.0,0.0,0.0,0.0,0.0,383359.35,280150.91,16021.29,0.0,0.0,0.0,0.0,0.0,0.0,0.0,0.0,0.0,0.0,221746.04,20000.0,0.0,0.0,382957.31,0.0,0.0,0.0,0.0,0.0,0.0,0.0,0.0,134354.08,0.0,0.0,0.0,0.0,0.0,0.0,0.0,0.0,0.0,0.0,0.0,0.0,0.0,0.0,0.0,SFJMI,0.0,0.0,0.0,0.0,134354.08,0.3667021854600276,1564413.7,0.0,0.0,0.0,2925419.51,0.0,0.0,13230.09,2912189.42,0.0,0.0,0.0,0.0,0.0,0.0,28580.0,0.0,1361005.81,0.0,SFJMI,1564413.7,,,0.0,1374235.9,0.0,382957.31,0.0,0.0,1.8699781969436853,1.8699781969436853,0.0,0.0,0.0,4.837776258391822,0.0,0.0,2.7270085634900174,29121.8942,0.0,0.0472628438390493,,0.0,0.0,0.0,0.0,2912189.42,0.0,0.0,1.861521297084013,0.0,0.0,0.0,4.815897613267729,4.815897613267729,0.0,29121.8942,4.080802255116511,0.8784350968033584,7.0549792005304806,0.1215649031966415,285.8,,0.0,0.0,4.462107217724447,1.6332978145399724,285.8,,29121.8942,7.604475339562,4.700982505248425,,0.0,0.0,0.0,0.3667021854600276,0.3667021854600276,0.6332978145399724,0.6332978145399722,1.0018163582477952,1.7270085634900176,0.6058916768028867,0.6058916768028867,0.0,0.0,0.0,0.0,0.0,0.0,0.0,0.0,0.0,0.0,29121.8942,0.0,0.0,29121.8942,0.0,0.0,21.67548183129236,21.67548183129236,0.0,0.0,7.604475339562,2.587076291209566,2.587076291209566,15644.137,15644.137,65.1841205686194,3.727754084485453,0.0,68.91187465310486,0.8784350968033584,0.0,97.64592613953056,0.0,0.0,68.91187465310486,inf,3833.5935,3833.5935,1032.0844,3833.5935,0.0,383359.35,0.6339626694642918,0.0,-0.2450498547794614,0.0,0.0,2801.5091,0.730778863225848,1.2943799249220556,0.0,0.0,0.0,,15644.137,0.5773799439090243,0.579035924395855,1.0018163582477952,0.0903570912245193,2.731961787986121,0.9989512711767692,1.0028680949248416,0.3667021854600276,0.3667021854600276,0.3667021854600276,0.3667021854600276,1.7270085634900176,0.6332978145399724,0.2221818020356593,0.2221818020356593,0.6332978145399724,0.6332978145399724,0.0010487288232307,0
117,214,7911,2688,261093.06,0.0,0.0,0.0,0.0,0.0,0.0,0.0,0.0,261093.06,0.0,31859.01,0.0,0.0,0.0,0.0,0.0,0.0,0.0,0.0,0.0,0.0,229040.33,60000.0,0.0,0.0,32052.73,0.0,0.0,0.0,0.0,0.0,0.0,0.0,0.0,0.0,0.0,0.0,0.0,0.0,0.0,0.0,0.0,0.0,0.0,0.0,0.0,0.0,0.0,0.0,0.0,SFJMI,0.0,0.0,0.0,0.0,0.0,0.8772363769454462,121747.46,0.0,0.0,0.0,209418.82,1398.16,0.0,0.01,210816.97,0.0,0.0,0.0,0.0,0.0,0.0,3354.0,0.0,87671.36,0.0,SFJMI,123145.62,,,0.0,87671.37,0.0,32052.73,0.0,0.0,1.7201083291593926,1.7005787132339745,0.0,0.0,0.0,0.8020849730743513,0.0,0.0,1.1399436073114286,2108.1697,0.0,0.0128459944511738,,0.0,0.0,0.0,0.0,210816.97,0.0,0.0,1.7315923469779164,0.0,0.0,0.0,0.8074399602961488,0.8074399602961488,0.0,2108.1697,0.4662991042350953,0.7201084112966298,0.5315546829678425,0.2798915887033701,33.54,,0.0,0.0,2931.4579,1.1227636230545537,33.54,,2108.1697,6.577192332759175,0.0,,0.0,0.0,0.0,0.8772363769454462,0.8772363769454462,0.1227636230545538,0.1227636230545538,2290.4033,0.1399436073114285,0.0,0.0,0.0,0.0,0.0,0.0,0.0,0.0,0.0,0.0,0.0,0.0,2108.1697,0.0,0.0,2108.1697,0.0,0.0,2108.1697,2108.1697,0.0,0.0,6.577192332759175,0.4662991042350953,0.4662991042350953,1217.4746,1217.4746,0.0,95.51360373349884,0.0,95.51360373349884,0.7201084112966298,0.0,3.821445173594536,0.0,0.0,95.51360373349884,inf,2610.9306,2610.9306,2610.9306,2610.9306,0.0,261093.06,1.0,0.0,-2.1445462599384,0.0,0.0,0.0,0.0,8.19526595459181,0.0,0.0,0.0,,1217.4746,0.0,7.145735480253944,2290.4033,600.0,2610.9306,0.1227636230545538,0.0714573548025394,0.8772363769454462,0.8772363769454462,0.8772363769454462,0.8772363769454462,0.1399436073114285,0.1227636230545538,0.0,0.0,0.1227636230545538,0.1227636230545538,0.8772363769454462,0
117,214,6622,4605,112976.37,1000.0,0.0,0.0,0.0,0.0,0.0,0.0,0.0,66976.37,0.0,66976.37,0.0,0.0,0.0,0.0,0.0,0.0,0.0,0.0,0.0,0.0,94552.65,75946.82,0.0,0.0,18423.72,0.0,0.0,0.0,0.0,0.0,0.0,0.0,0.0,0.0,0.0,0.0,0.0,0.0,0.0,0.0,0.0,0.0,0.0,0.0,0.0,0.0,0.0,0.0,0.0,SFJMI,0.0,0.0,0.0,0.0,0.0,0.8369241284704049,485108.26,0.0,0.0,0.0,953069.07,23673.42,0.0,18485.04,958257.45,0.0,0.0,0.0,0.0,0.0,0.0,3730.0,0.0,467960.81,12000.0,SFJMI,508781.68,,,12000.0,486445.85,0.0,18423.72,0.0,0.0,1.9646523231742128,1.8732377903229536,0.0,0.0,0.0,8.436003652799254,0.0,0.0,1.1948514399120491,9582.5745,0.0,0.1392326554659173,,0.0,0.0,12000.0,12000.0,970257.45,0.0247367463914137,0.0235857548958916,2.00008437291915,0.0,0.1062169018176101,0.1062169018176101,8.588145025371235,8.481928123553626,0.0,9582.5745,7.242976291489073,1.002757302050474,5.130562284610744,-0.0027573020504741,157.3,,0.0,0.0,131.40009,1.163075871529595,157.3,,9582.5745,52.01215878226547,0.0,,0.0,0.0,0.0,0.8369241284704049,0.8369241284704049,0.1630758715295951,0.1630758715295951,94.55265,0.194851439912049,0.0,0.0,0.0,0.0,0.0,0.0,0.0,0.0,0.0,0.0,120.0,120.0,9702.5745,120.0,120.0,9702.5745,120.0,120.0,9702.5745,9702.5745,0.65133425822798,0.65133425822798,52.66349304049345,4.293891368610976,4.293891368610976,4851.0826,4851.0826,0.0,50.255583526860576,0.0,50.255583526860576,1.002757302050474,0.0,7.242976291489073,0.0,0.0,50.255583526860576,inf,669.7637,669.7637,669.7637,669.7637,0.0,66976.37,0.5928352096991609,0.0,-0.1380647899089576,0.0,0.0,0.0,0.0,1.0,0.0,0.0,0.0,,4851.0826,0.0149306389701323,5.132115012603317,94.55265,75.94682,112.97637,0.2750779118068059,343.7304339666744,0.8369241284704049,0.8369241284704049,0.8369241284704049,0.8369241284704049,0.194851439912049,0.1630758715295951,0.0,0.0,0.1630758715295951,0.1630758715295951,1.3968008418491478,0
117,214,2825,3528,10000.0,0.0,0.0,0.0,0.0,0.0,0.0,0.0,0.0,10000.0,0.0,10000.0,0.0,0.0,0.0,0.0,0.0,0.0,0.0,0.0,0.0,0.0,10000.0,10000.0,0.0,0.0,0.0,0.0,0.0,0.0,0.0,0.0,0.0,0.0,0.0,0.0,0.0,0.0,0.0,0.0,0.0,0.0,0.0,0.0,0.0,0.0,0.0,0.0,0.0,0.0,0.0,SFJMI,0.0,0.0,0.0,0.0,0.0,1.0,0.0,0.0,0.0,0.0,0.0,0.0,0.0,0.0,0.0,0.0,0.0,0.0,0.0,0.0,0.0,0.0,0.0,0.0,0.0,SFJMI,0.0,,,0.0,0.0,0.0,0.0,0.0,0.0,0.0,0.0,0.0,0.0,0.0,0.0,0.0,0.0,1.0,0.0,0.0,0.0,,0.0,0.0,0.0,0.0,0.0,0.0,0.0,0.0,0.0,0.0,0.0,0.0,0.0,0.0,0.0,0.0,0.0,0.0,0.0,0.0,,0.0,0.0,100.0,1.0,0.0,,0.0,0.0,0.0,,0.0,0.0,0.0,1.0,1.0,0.0,0.0,100.0,0.0,0.0,0.0,0.0,0.0,0.0,0.0,0.0,0.0,0.0,0.0,0.0,0.0,0.0,0.0,0.0,0.0,0.0,0.0,0.0,0.0,0.0,0.0,0.0,0.0,0.0,0.0,0.0,0.0,36400.0,0.0,36400.0,0.0,0.0,0.0,0.0,0.0,36400.0,inf,100.0,100.0,100.0,100.0,0.0,10000.0,1.0,0.0,-100.0,0.0,0.0,0.0,0.0,1.0,0.0,0.0,0.0,,0.0,0.0,100.0,100.0,100.0,100.0,0.0,1.0,1.0,1.0,1.0,1.0,0.0,0.0,0.0,0.0,0.0,0.0,1.0,0
117,214,6832,3047,5000.0,0.0,0.0,0.0,0.0,0.0,0.0,0.0,0.0,0.0,0.0,0.0,0.0,0.0,0.0,0.0,0.0,0.0,0.0,0.0,0.0,0.0,5000.0,5000.0,0.0,0.0,0.0,0.0,0.0,0.0,0.0,0.0,0.0,0.0,0.0,0.0,0.0,0.0,0.0,0.0,0.0,0.0,0.0,0.0,0.0,0.0,0.0,0.0,0.0,0.0,0.0,SFJMI,0.0,0.0,0.0,0.0,0.0,1.0,0.0,0.0,0.0,0.0,0.0,0.0,0.0,0.0,0.0,0.0,0.0,0.0,0.0,0.0,0.0,0.0,0.0,0.0,0.0,SFJMI,0.0,,,0.0,0.0,0.0,0.0,0.0,0.0,0.0,0.0,0.0,0.0,0.0,0.0,0.0,0.0,1.0,0.0,0.0,0.0,,0.0,0.0,0.0,0.0,0.0,0.0,0.0,0.0,0.0,0.0,0.0,0.0,0.0,0.0,0.0,0.0,0.0,0.0,0.0,0.0,,0.0,0.0,50.0,1.0,0.0,,0.0,0.0,0.0,,0.0,0.0,0.0,1.0,1.0,0.0,0.0,50.0,0.0,0.0,0.0,0.0,0.0,0.0,0.0,0.0,0.0,0.0,0.0,0.0,0.0,0.0,0.0,0.0,0.0,0.0,0.0,0.0,0.0,0.0,0.0,0.0,0.0,0.0,0.0,0.0,0.0,0.0,0.0,0.0,0.0,0.0,0.0,0.0,0.0,0.0,,0.0,0.0,0.0,0.0,0.0,0.0,0.0,0.0,0.0,0.0,0.0,0.0,0.0,0.0,0.0,0.0,0.0,,0.0,0.0,50.0,50.0,50.0,50.0,0.0,0.5,1.0,1.0,1.0,1.0,0.0,0.0,0.0,0.0,0.0,0.0,50.0,0
117,112,7022,1377,151901.11,0.0,0.0,0.0,0.0,0.0,0.0,0.0,0.0,151901.11,0.0,79886.5,0.0,0.0,0.0,0.0,0.0,0.0,0.0,0.0,0.0,0.0,143207.64,30000.0,0.0,0.0,8693.47,0.0,0.0,0.0,0.0,0.0,0.0,0.0,0.0,0.0,0.0,0.0,0.0,0.0,0.0,0.0,0.0,0.0,0.0,0.0,0.0,0.0,0.0,0.0,0.0,SFJMI,0.0,0.0,0.0,0.0,0.0,0.9427688843090088,148172.98,0.0,0.0,0.0,280368.03,318.56,0.0,2296.37,278390.22000000003,0.0,0.0,0.0,0.0,0.0,0.0,1467.0,0.0,132195.05,0.0,SFJMI,148491.54,,,0.0,134491.41999999998,0.0,8693.47,0.0,0.0,1.8921670469204304,1.8881077669475312,0.0,0.0,0.0,1.845727328786472,0.0,0.0,1.0607053506363209,2783.9022000000004,0.0,0.0096575989471044,,0.0,0.0,0.0,0.0,278390.22000000003,0.0,0.0,1.878819066742128,0.0,0.0,0.0,1.8327069499360475,1.8327069499360475,0.0,2783.9022000000004,0.9754568613751408,0.907664946739952,1.0346723121755237,0.092335053260048,14.67,,0.0,0.0,1605.9458000000002,1.0572311156909917,14.67,,2783.9022000000004,32.02291144962829,0.0,,0.0,0.0,0.0,0.9427688843090088,0.9427688843090088,0.0572311156909913,0.0572311156909911,1432.0764,0.0607053506363207,0.0,0.0,0.0,0.0,0.0,0.0,0.0,0.0,0.0,0.0,0.0,0.0,2783.9022000000004,0.0,0.0,2783.9022000000004,0.0,0.0,2783.9022000000004,2783.9022000000004,0.0,0.0,32.02291144962829,0.9754568613751408,0.9754568613751408,1481.7298,1481.7298,0.0,196.78737985832504,0.0,196.78737985832504,0.907664946739952,0.0,1.8547937386166624,0.0,0.0,196.78737985832504,inf,1519.0111,1519.0111,1519.0111,1519.0111,0.0,151901.11,1.0,0.0,-1.025160660195941,0.0,0.0,0.0,0.0,1.9014615736075555,0.0,0.0,0.0,,1481.7298,0.0,16.473012502487503,1432.0764,300.0,1519.0111000000002,0.0572311156909913,0.164730125024875,0.9427688843090088,0.9427688843090088,0.9427688843090088,0.9427688843090088,0.0607053506363207,0.0572311156909913,0.0,0.0,0.0572311156909913,0.0572311156909913,0.9427688843090088,0
117,214,7022,10353,1598111.81,739747.9,0.0,0.0,637957.9,637957.9,0.0,101790.0,0.0,858363.91,0.0,46615.83,0.0,0.0,0.0,0.0,0.0,0.0,0.0,810851.89,101651.89,896.19,1086040.67,5129600.0,0.0,-39671.99,512071.14,0.0,0.0,0.0,0.0,0.0,0.0,0.0,0.0,0.0,0.0,512071.14,0.0,0.0,0.0,0.0,35000.0,0.0,0.0,0.0,0.0,0.0,0.0,0.0,0.0,SFJMA,1330.94,0.0,2185.71,0.0,0.0,0.6795774007827399,11250.0,0.0,0.0,0.0,-39748.32,0.53,0.0,3.8,-39751.59,79.83,0.0,0.0,0.23,0.0,-39671.99,0.0,-39671.99,50998.32,9000.0,SFJMA,11330.36,,,9000.0,51002.35,512071.14,0.0,-3.501388305402476,-3.526399111111111,-3.533184,-3.53301755561738,-3.526399111111111,-0.0248242893593283,-0.0248242893593283,-0.0248720519748865,-0.0365290095443663,-0.0365290095443663,1.4715027292670355,-0.062310679121616,-0.0077339344198378,-0.0191926433482773,,-3.526399111111111,-39671.76,-30671.759999999995,-30671.759999999995,-30751.590000000004,-2.7263786666666663,-2.707041965127321,-2.733474666666667,-3.526378666666666,-0.0191924994284348,-0.0191924994284348,-0.0192424521285528,-0.0248740981396038,-0.0774735908764551,-0.0776290380278021,0.0324869618271268,4.533542222222222,0.040881027198856,-3.533542222222222,-133356.47826086954,,0.0,0.0,2.16034653156839,1.0,-0.0598979079352138,,-0.0776290380278021,-0.038814519013901,-1.1411062666621892,,2.044444444444445e-05,0.0,0.0,0.6795774007827399,0.7044016901420682,0.32042259921726,0.3204225992172601,1.4681226807132537,0.4715027292670357,0.0322271540714953,0.0,0.0,0.4715027292670357,6379.579000000001,-0.0365290095443663,-0.0248242893593283,1.4715027292670355,0.9979975643741544,-396.7199,-306.71759999999995,-306.71759999999995,-307.51590000000004,-133355.47826086954,-133355.47826086954,-133702.56521739133,-306.71759999999995,-306.71759999999995,-0.8786168571428572,-0.8786168571428572,-0.059897458778872,-0.059897458778872,-0.0600533550865608,0.0075177422727098,0.0070395575138137,0.0176343924889087,112.5,0.0,1508.281077333333,43.06330311111112,1508.281077333333,4.533542222222222,2.044444444444445e-05,0.2413343278452834,16568.346218666666,70.71986133333334,18076.627296,1.6762591033738008,1.6762591033738008,1.6762591033738008,1.674508975452122,3.259734184590055,1.5834750812162544,346292.77,0.2166886996473669,45.51743466666667,-30.78157955555556,0.32042259921726,-0.1869586021018141,0.0,0.0,7.42865181205612,1.2934370248071845,1.2934370248071845,1.2900793097202452,,0.1106718232194207,0.8618115130213245,2.1208784974681447,1.4681226807132537,6.934254223634835,1.4681226807132537,0.5965664842549123,2.46095400841514,0.6795774007827399,0.6795774007827399,0.6795774007827399,0.7257398981992113,0.4715027292670357,0.0,0.0219008455985316,0.0219008455985316,0.32042259921726,-0.1869586021018141,0.4034335157450875,0
117,216,2599,2776,23423.09,0.0,0.0,0.0,0.0,0.0,0.0,0.0,0.0,23423.09,0.0,8633.39,0.0,0.0,0.0,0.0,0.0,0.0,0.0,14789.7,14789.7,0.0,22088.09,5000.0,4157.18,12930.91,1335.0,0.0,0.0,0.0,0.0,0.0,0.0,0.0,0.0,0.0,0.0,1335.0,0.0,0.0,0.0,0.0,0.0,0.0,0.0,0.0,0.0,0.0,0.0,0.0,0.0,SFJIN,0.0,0.0,0.0,0.0,0.0,0.9430049579282666,388178.44,0.0,0.0,0.0,14884.83,0.0,0.0,54.98,14829.85,0.0,0.0,0.0,563.94,0.0,14265.91,1335.0,12930.91,373293.61,0.0,SFJIN,388178.44,,,0.0,373912.53,1335.0,0.0,0.036750907649585,0.036750907649585,0.0383453290193036,0.0383453290193036,0.0333117676499498,0.5520582467983516,0.5520582467983516,0.6354767880753565,0.5854245432719624,0.5854245432719624,1.0604398116813178,148.2985,2.586182,0.609053288870085,,0.0333117676499498,14829.85,14829.85,14829.85,14829.85,0.0382036931262849,0.0382036931262849,0.0382036931262849,0.0382036931262849,0.63312953158614,0.63312953158614,0.63312953158614,0.63312953158614,9.68607490636704,11.108501872659176,17.574106226477706,0.9632490923504148,53.186859019592,0.0367509076495851,25.296857821754084,,0.0,0.0,234.2309,1.0,10.68607490636704,,11.108501872659176,5.554250936329588,0.0,,0.0014527854766998,0.0,0.0,0.9430049579282666,0.3909467111299149,0.0569950420717334,0.0569950420717334,220.8809,0.0604398116813178,0.0,0.0,0.0,0.0604398116813178,0.0,0.6458643549532802,0.609053288870085,1.0604398116813178,0.8719515032181714,129.3091,148.2985,148.2985,148.2985,26.296857821754084,26.296857821754084,26.296857821754084,148.2985,148.2985,148.2985,148.2985,11.108501872659176,11.108501872659176,11.108501872659176,44.96245854756938,16.572469302726496,3881.7844,3881.7844,0.0,8.09564271524199,0.0,8.09564271524199,0.9632490923504148,0.0014527854766998,44.96245854756938,1.2518469598672195,0.0,9.347489675109207,17.54538576779026,17.54538576779026,17.54538576779026,17.54538576779026,28.6238127340824,11.078426966292136,22088.09,0.9430049579282666,0.0034391399996352,-0.0569018980034027,0.0569950420717334,-0.5744203689607136,0.0,0.0,2.558449230256018,0.8719515032181714,0.8719515032181714,0.8719515032181714,,26.246539145486384,0.0,16.54538576779026,220.8809,50.0,220.8809,0.0569950420717334,0.1654538576779026,0.9430049579282666,0.9430049579282666,0.9430049579282666,2.558449230256018,0.0604398116813178,0.0,0.0,0.0,0.0569950420717334,-0.5744203689607136,0.9430049579282666,0
117,0,6820,1322,12717457.22,12715269.98,0.0,0.0,0.0,0.0,0.0,12715269.98,0.0,2187.24,0.0,0.0,0.0,0.0,0.0,0.0,0.0,0.0,0.0,2187.24,0.0,0.0,12716716.66,5000.0,12712012.6,60.0,740.56,0.0,0.0,0.0,0.0,0.0,0.0,0.0,0.0,0.0,0.0,740.56,0.0,0.0,0.0,0.0,0.0,0.0,420.06,0.0,0.0,0.0,0.0,0.0,0.0,SFJIN,0.0,0.0,0.0,0.0,0.0,0.9999417682334456,0.0,0.0,0.0,0.0,0.0,0.0,0.0,0.0,0.0,60.0,0.0,60.0,0.0,0.0,60.0,0.0,60.0,0.0,0.0,SFJIN,60.0,,,0.0,0.0,740.56,0.0,1.0,0.6,0.0,0.0,0.6,4.717924264423041e-06,8.964056102403777e-07,0.0,4.718199013486552e-06,4.718199013486552e-06,1.0000582351576903,0.0,0.012,4.717924264423041e-06,,0.6,60.0,60.0,60.0,0.0,0.6,1.0,0.0,0.6,4.717924264423041e-06,4.717924264423041e-06,0.0,0.0,0.0810197688235929,0.0,0.0,0.0,0.0,0.0,0.6,,0.0,0.0,1.0001720167958243,1.0,0.0810197688235929,,0.0,0.0,0.0,,0.0,0.0,0.0,0.9999417682334456,0.9999370503091812,5.823176655435213e-05,5.8231766554393134e-05,1.000113775012428,5.823515769046001e-05,0.0,0.0,0.0,5.823515769046001e-05,0.0,4.718199013486552e-06,4.717924264423041e-06,1.0000582351576903,0.6,0.6,0.6,0.6,0.0,0.6,0.6,0.0,0.6,0.6,0.0,0.0,0.0810197688235929,0.0810197688235929,0.0,0.0,0.0,0.0,0.0,0.0,0.0,0.0,0.0,0.0,0.0,0.0,2695.6384,1529.0184,2695.6384,2.953494652695257,2.953494652695257,2.953494652695257,2.953494652695257,5.906989305390515,2.953494652695257,1446.6799999999998,0.0001137554445809,7.4056,-14.4668,5.823176655435213e-05,-0.0001137554445809,0.0,0.0,14.4668,1.0,1.0,0.6,,0.0,5813.385810427754,17171.757399805552,1.000113775012428,0.0003932279855531,1.000113775012428,0.3385819571697664,2.9538306865860737,0.9999417682334456,0.9999417682334456,0.9999417682334456,0.9999417682334456,5.823515769046001e-05,0.0,0.0,0.0,5.823176655435213e-05,-0.0001137554445809,0.6614180428300973,0
117,214,1413,6116,712219.57,264631.91,0.0,0.0,0.0,0.0,0.0,0.0,0.0,447587.66,47887.14,374692.14,0.0,0.0,0.0,0.0,0.0,0.0,0.0,0.0,0.0,0.0,434521.06,50000.0,0.0,0.0,277698.51,0.0,0.0,0.0,0.0,0.0,0.0,0.0,0.0,0.0,0.0,0.0,0.0,0.0,0.0,0.0,0.0,0.0,0.0,0.0,0.0,0.0,0.0,0.0,0.0,SFJMI,0.0,0.0,0.0,0.0,0.0,0.6100942438298909,1104660.38,0.0,0.0,0.0,2217517.28,0.0,0.0,2001.22,2215516.06,0.0,0.0,0.0,0.0,0.0,0.0,0.0,0.0,1112856.9,0.0,SFJMI,1104660.38,,,0.0,1114858.12,0.0,277698.51,0.0,0.0,2.007419945666921,2.007419945666921,0.0,0.0,0.0,3.113530396251257,0.0,0.0,1.6390910258757077,22155.1606,0.0,0.0,,0.0,0.0,0.0,0.0,2215516.06,0.0,0.0,2.0056083300462,0.0,0.0,0.0,3.110720560514786,3.110720560514786,0.0,22155.1606,2.4680313572541297,1.009231561287642,2.542248193908024,-0.009231561287642,0.0,,0.0,0.0,3.7407358772417134,1.3899057561701094,0.0,,22155.1606,7.978134488370138,0.0,,0.0,0.0,0.0,0.6100942438298909,0.6100942438298909,0.3899057561701092,0.3899057561701091,1.641982858378644,0.6390910258757079,0.0,0.0,0.0,0.0,0.0,0.0,0.0,0.0,0.0,0.0,0.0,0.0,22155.1606,0.0,0.0,22155.1606,0.0,0.0,22155.1606,22155.1606,0.0,0.0,7.978134488370138,1.551010989490221,1.551010989490221,11046.6038,11046.6038,15.779437079113857,123.4659461218298,0.0,139.24538320094365,1.009231561287642,0.0,2.9481813522963143,0.0,0.0,139.24538320094365,inf,4475.8766,4475.8766,3997.0052,4475.8766,0.0,447587.66,0.6284405523987497,0.0,-0.4051812376940685,0.0,0.0,478.8714,0.1069894107447019,1.059180327061942,0.0,0.0,0.0,,11046.6038,0.5912404064044124,1.5647223314233842,1.641982858378644,0.1889416888537743,2.6913593678101786,0.6204337939075444,2.6465077732747235,0.6100942438298909,0.6100942438298909,0.6100942438298909,0.6100942438298909,0.6390910258757079,0.3899057561701092,0.0,0.0,0.3899057561701092,0.3899057561701092,0.3795662060924558,0
117,0,4110,1644,204050.0,200000.0,0.0,0.0,200000.0,200000.0,0.0,0.0,0.0,4050.0,0.0,0.0,0.0,0.0,0.0,0.0,0.0,0.0,0.0,4050.0,4050.0,0.0,204050.0,6000.0,199000.0,0.0,0.0,0.0,0.0,0.0,0.0,0.0,0.0,0.0,0.0,0.0,0.0,0.0,0.0,0.0,0.0,0.0,0.0,0.0,0.0,0.0,0.0,0.0,0.0,0.0,0.0,SFJIN,0.0,0.0,0.0,0.0,0.0,1.0,0.0,0.0,0.0,0.0,0.0,0.0,0.0,0.0,0.0,0.0,0.0,0.0,0.0,0.0,0.0,0.0,0.0,0.0,0.0,SFJIN,0.0,,,0.0,0.0,0.0,0.0,0.0,0.0,0.0,0.0,0.0,0.0,0.0,0.0,0.0,0.0,1.0,0.0,0.0,0.0,,0.0,0.0,0.0,0.0,0.0,0.0,0.0,0.0,0.0,0.0,0.0,0.0,0.0,0.0,0.0,0.0,0.0,0.0,0.0,0.0,,0.0,0.0,1.02025,1.0,0.0,,0.0,0.0,0.0,,0.0,0.0,0.0,1.0,1.0,0.0,0.0,1.02025,0.0,0.0,0.0,0.0,0.0,2000.0,0.0,0.0,0.0,0.0,0.0,0.0,0.0,0.0,0.0,0.0,0.0,0.0,0.0,0.0,0.0,0.0,0.0,0.0,0.0,0.0,0.0,0.0,0.0,0.0,0.0,0.0,0.0,0.0,0.0,0.0,0.0,0.0,inf,40.5,40.5,40.5,81.0,40.5,4050.0,0.01984807645185,0.0,-40.5,0.0,-0.01984807645185,0.0,0.0,40.5,0.0,0.0,0.0,,0.0,49.38271604938272,2040.5,1.02025,0.03,1.02025,0.0,41.320125,1.0,1.0,1.0,1.02025,0.0,0.0,0.0,0.0,0.0,-0.01984807645185,1.0,0
117,215,4291,10227,2799942.29,383203.45,0.0,0.0,383203.45,383203.45,0.0,0.0,0.0,2416738.84,244471.01,1072481.73,0.0,0.0,0.0,0.0,945097.43,123320.85,0.0,353768.76,353768.76,746017.34,733757.36,151100.0,415489.68,153722.77,2066184.93,0.0,0.0,0.0,0.0,0.0,0.0,0.0,465275.0,429375.0,0.0,1577018.26,0.0,0.0,0.0,0.0,135625.0,0.0,1040737.6,41207.18,23891.67,0.0,23891.67,0.0,23891.67,SFJIN,0.0,0.0,0.0,0.0,0.0,0.2620616012767892,6088746.62,5325720.95,0.0,791930.32,-28904.65,248575.0,0.0,1743.58,217926.77,860.24,0.0,859.24,65064.24,44394.64,153722.77,0.0,153722.77,0.0,0.0,SFJIN,6338181.86,,,0.0,6184459.090000001,1600909.93,465275.0,0.0242534489220225,0.0252470302336213,-0.0047472249715656,-0.0045610198966042,0.0252470302336213,0.0549021208576409,0.0674965497235301,-0.0103233020563434,0.2095008219065768,0.2095008219065768,3.815896701874309,0.5686973068744553,1.0173578424884182,0.0549021208576409,,0.0252470302336213,218787.01,218787.01,218787.01,217926.77,0.0359330127618284,0.0345188911950847,0.0357917291687201,0.0359330127618284,0.0781398283748198,0.0781398283748198,0.0778325934710604,0.0778325934710604,0.0960221228685863,0.1361268150794717,7.463264105215394,1.0157195685702554,16.02349812599641,-0.0157195685702553,2.3626306862264124,,0.0785745840707964,0.0785745840707964,8.520845232473768,1.1661730678027653,0.0960221228685863,,0.1361268150794717,0.0594276336773028,3.67544769067068,,0.010685982528207,0.0072912608736541,0.0072912608736541,0.2620616012767892,0.2071594804191482,0.7379383987232108,0.7379383987232109,1.9147984184380384,2.815896701874309,0.7700093120701372,0.5851730059648056,0.6340992613689082,2.181797440505401,0.8236063618290259,0.2095008219065768,0.070757676223391,2.960821116357129,0.7053872729816534,4.462642562255263,4.928230299874039,4.928230299874039,4.908853185880097,3.3626306862264124,3.3626306862264124,3.349409291494068,4.928230299874039,4.928230299874039,0.3857110973451327,0.3857110973451327,0.1058893648982329,0.1058893648982329,0.105473022688245,2.489090224110143,2.174597184286966,15.8890704663541,60887.4662,14.655219574566564,64.29169349306902,56.65543066234541,78.94691306763558,1.0157195685702554,0.010685982528207,5.677249737391797,95.96919709725088,62.3887390472491,174.91611016488645,1.5096032541943194,1.5096032541943194,1.4874055023087127,0.8908998959110712,1.7305830565995677,0.2209798024052484,815828.9099999999,0.2913734732725508,0.2629293071157558,-0.1339896305292467,0.5717653309204455,0.445416741071474,0.1527075355201276,0.2996596553559251,0.6194822982030471,0.7026137886339778,0.7026137886339778,0.7053872729816534,,17.211091844288344,0.1585622093945409,0.3551266633234035,1.9147984184380384,0.3943075147157469,3.128970681239952,0.8549475416218328,2.2396677283914657,0.2620616012767892,0.2620616012767892,0.2620616012767892,0.2999612868838459,2.815896701874309,0.1661730678027653,0.201789873319139,0.201789873319139,0.7379383987232108,0.6115898088742393,0.1450524583781671,0
117,214,4329,1242,10000.0,0.0,0.0,0.0,0.0,0.0,0.0,0.0,0.0,10000.0,0.0,0.0,0.0,0.0,0.0,0.0,0.0,0.0,0.0,0.0,0.0,0.0,10000.0,10000.0,0.0,0.0,0.0,0.0,0.0,0.0,0.0,0.0,0.0,0.0,0.0,0.0,0.0,0.0,0.0,0.0,0.0,0.0,0.0,0.0,0.0,0.0,0.0,0.0,0.0,0.0,0.0,SFJMI,0.0,0.0,0.0,0.0,0.0,1.0,0.0,0.0,0.0,0.0,0.0,0.0,0.0,0.0,0.0,0.0,0.0,0.0,0.0,0.0,0.0,0.0,0.0,0.0,0.0,SFJMI,0.0,,,0.0,0.0,0.0,0.0,0.0,0.0,0.0,0.0,0.0,0.0,0.0,0.0,0.0,0.0,1.0,0.0,0.0,0.0,,0.0,0.0,0.0,0.0,0.0,0.0,0.0,0.0,0.0,0.0,0.0,0.0,0.0,0.0,0.0,0.0,0.0,0.0,0.0,0.0,,0.0,0.0,100.0,1.0,0.0,,0.0,0.0,0.0,,0.0,0.0,0.0,1.0,1.0,0.0,0.0,100.0,0.0,0.0,0.0,0.0,0.0,0.0,0.0,0.0,0.0,0.0,0.0,0.0,0.0,0.0,0.0,0.0,0.0,0.0,0.0,0.0,0.0,0.0,0.0,0.0,0.0,0.0,0.0,0.0,0.0,0.0,0.0,0.0,0.0,0.0,0.0,0.0,0.0,0.0,inf,100.0,100.0,100.0,100.0,0.0,10000.0,1.0,0.0,-100.0,0.0,0.0,0.0,0.0,100.0,0.0,0.0,0.0,,0.0,0.0,100.0,100.0,100.0,100.0,0.0,1.0,1.0,1.0,1.0,1.0,0.0,0.0,0.0,0.0,0.0,0.0,1.0,0
117,214,6920,3396,103494.29,0.0,0.0,0.0,0.0,0.0,0.0,0.0,0.0,103494.29,0.0,11605.79,0.0,0.0,0.0,0.0,0.0,0.0,0.0,0.0,0.0,0.0,94828.59,5000.0,0.0,0.0,8665.7,0.0,0.0,0.0,0.0,0.0,0.0,0.0,0.0,0.0,0.0,0.0,0.0,0.0,0.0,0.0,0.0,0.0,0.0,0.0,0.0,0.0,0.0,0.0,0.0,SFJMI,0.0,0.0,0.0,0.0,0.0,0.9162688105788253,148160.01,0.0,0.0,0.0,186558.97,1.61,0.0,142435.1,44125.47999999998,0.0,0.0,0.0,0.0,0.0,0.0,9879.0,0.0,38398.96,0.0,SFJMI,148161.62,,,0.0,180834.06,0.0,8665.7,0.0,0.0,1.2591722287275764,1.259158545917627,0.0,0.0,0.0,1.802601573478112,0.0,0.0,1.0913827781263012,441.2547999999998,0.0,0.0954545415017582,,0.0,0.0,0.0,0.0,44125.47999999998,0.0,0.0,0.297823144045414,0.0,0.0,0.0,0.4263566618023079,0.4263566618023079,0.0,441.2547999999998,1.4315766599297413,1.220532180039675,1.5623981122148922,-0.2205321800396746,98.79,,0.0,0.0,1121.5999,1.0837311894211747,98.79,,441.2547999999998,5.091969488904529,0.0,,0.0,0.0,0.0,0.9162688105788253,0.9162688105788253,0.0837311894211748,0.0837311894211748,948.2859,0.0913827781263013,0.0,0.0,0.0,0.0,0.0,0.0,0.0,0.0,0.0,0.0,0.0,0.0,441.2547999999998,0.0,0.0,441.2547999999998,0.0,0.0,441.2547999999998,441.2547999999998,0.0,0.0,5.091969488904529,1.4315766599297413,1.4315766599297413,1481.6001,1481.6001,0.0,28.513143053918533,0.0,28.513143053918533,1.220532180039675,0.0,12.766042639062054,0.0,0.0,28.513143053918533,inf,1034.9429,1034.9429,1034.9429,1034.9429,0.0,103494.29,1.0,0.0,-0.6985305279069567,0.0,0.0,0.0,0.0,8.917470503946737,0.0,0.0,0.0,,1481.6001,0.0,10.942980947874954,948.2859,50.0,1034.9429,0.0837311894211748,0.1094298094787495,0.9162688105788253,0.9162688105788253,0.9162688105788253,0.9162688105788253,0.0913827781263013,0.0837311894211748,0.0,0.0,0.0837311894211748,0.0837311894211748,0.9162688105788253,0
117,113,3832,7212,64718862.26,46822359.37,22471.28,0.0,46760811.09,44928782.31,0.0,0.0,39077.0,17896502.89,129168.33,743410.71,0.0,0.0,0.0,0.0,107510.39,0.0,0.0,16374239.55,16374239.55,649684.3,18918498.33,15481000.0,6310589.27,-2873090.94,45800363.93,934266.0,34266.0,0.0,0.0,0.0,900000.0,0.0,11363988.26,11363988.26,0.0,4736646.16,0.0,0.0,0.0,0.0,1505267.95,0.0,1564715.44,0.0,28765463.51,0.0,28765463.51,26062099.79,2703363.72,SFJIN,0.0,0.0,0.0,0.0,0.0,0.292318153770956,10178905.02,0.0,0.0,0.0,-5684008.73,3064274.09,68162.07,160313.41,-2780048.05,308173.01,0.0,308173.01,368438.9,360438.9,-2840313.94,32777.0,-2873090.94,15862913.75,4006014.35,SFJIN,13551352.12,0.0,4006014.35,4006014.35,16391666.06,7474275.880000001,38326088.05,-0.2095963498585556,-0.2790392418849783,-0.5584106265685541,-0.4292027377103111,-0.2822593328412843,-0.0443934092731376,-0.0437392665793133,-0.08782615348158,-0.1518667544264862,-0.1518667544264862,3.420930199167663,-0.0618767726847836,-0.1855882010206059,0.0180117568401765,0.0,-0.2822593328412843,-2471875.04,1534139.31,1602301.38,1225966.3000000005,0.1507175189262155,0.1182392255629765,0.1204418645808329,-0.2428429222144368,0.0237046705771307,0.0247578731153052,0.0189429519801326,-0.0429706821027994,-0.3843972293942138,-0.3719488141237836,0.9766535511300476,1.6103565194677494,4.000734948824667,-0.6103565194677493,3.163890702094703,0.0,0.0280077491751172,0.0280077491751172,2.200763731184869,1.592193476702815,0.1559616514984726,0.0,-0.3719488141237836,-0.052183328876832,11.039934531720716,128692.5621,0.0361963196705415,0.0354103805165479,0.0354103805165479,0.292318153770956,0.3367115630440936,0.7076818462290441,0.7076818462290441,0.4040483774109309,2.420930199167663,0.6802472366209206,0.6006813047090298,0.6006813047090298,0.3950776509649115,1.2200778495576203,-0.1501342173388029,-0.0383176550607056,3.918147316190129,1.0334680869994315,-6.971090079344932,4.2563089333587465,4.445417461877727,3.4013151743610366,4.163890702094703,4.348893072908425,3.327461622537686,4.2563089333587465,4.445417461877727,0.0952631822690241,0.0952631822690241,0.0334962253213694,0.0349844682991801,0.0267676104468019,0.2106467679682117,0.1572788004076387,0.2176802493953489,452.9739747802528,4.619089384134955,26.58453909416673,3.844596435776547,31.203628478301685,1.6103565194677494,0.0361963196705415,13.69216892234442,267.28183581380944,55.95458637652166,298.48546429211115,2.394412940775742,2.394412940775742,0.4938364124919277,2.290208514486891,4.585158882307672,2.1907459415319304,10422227.01,0.1610384769764647,0.7342907577302457,-1.0239045348710798,0.115488369526229,-0.1375173073074971,0.0172817182659305,0.0123935440934134,11.94416383185184,-1.8727705634503296,-1.7931027058093152,-2.3435317430829863,-28730.9094,0.621641389141641,2.616285408260563,0.4130643668883178,0.4040483774109309,0.3306326338163766,1.2225908123860525,2.559179534208988,0.1578819977301114,0.292318153770956,0.292318153770956,0.2920723515449485,0.3910427514257719,2.420930199167663,0.5923991658491118,0.1988486163168221,0.1989176832750741,0.7079276484550514,0.4548340940547469,-1.5591795342089876,0
117,214,7311,3952,193840.66,18200.0,0.0,0.0,18200.0,18200.0,0.0,0.0,0.0,175640.66,0.0,13977.8,0.0,0.0,0.0,0.0,13977.8,0.0,0.0,161662.86,108950.15,0.0,47750.56,6904100.0,66.14,52846.4,146090.1,0.0,0.0,0.0,0.0,0.0,0.0,0.0,141676.64,141676.64,0.0,4413.46,0.0,0.0,0.0,0.0,0.0,0.0,3415.46,0.0,0.0,0.0,0.0,0.0,0.0,SFJIN,0.0,0.0,0.0,0.0,0.0,0.2463392355350007,37381.35,21484.2,0.0,12814.6,3082.55,50000.98,0.0,3.05,53080.48,2529.92,0.0,2529.92,0.0,0.0,55610.4,2764.0,52846.4,0.0,0.0,SFJIN,89912.25,,,0.0,34301.850000000006,4413.46,141676.64,0.6184963672914425,1.48765092753472,0.0824622438729473,0.0352765828056999,1.4137103127629154,0.2726280440852812,0.2620562930398606,0.0159024943476771,1.1067179107428269,1.1067179107428269,4.059442653656837,2.9165098901098903,0.0076543503135817,0.2868871783659837,,1.4137103127629154,55610.4,55610.4,55610.4,53080.48,1.48765092753472,0.6184963672914425,1.4199722588938068,1.48765092753472,0.2868871783659837,0.2868871783659837,0.2738356338654645,0.2738356338654645,11.973916156484934,12.026953909177834,0.2183143215563882,0.9176193476158568,-0.328159031114287,0.0823806523841432,556.104,,0.0,0.0,18.435016483516485,1.730892269970604,12.600182169998142,,12.026953909177834,0.3526858766663061,2.547664465639521,,0.0,0.0,0.0,0.2463392355350007,-0.0262888085502804,0.7536607644649993,0.7536607644649993,2.6236571428571427,3.059442653656837,2.967015255946737,2.967015255946737,2.967015255946737,0.0924273977101001,0.1284615445425583,1.164602048646131,0.2868871783659837,4.059442653656836,0.9955900926291548,528.464,556.104,556.104,530.8048,556.104,556.104,530.8048,556.104,556.104,0.3746593651571635,0.3746593651571635,0.3806582376218512,0.3806582376218512,0.3633407054961288,0.4403478080176452,0.1928457631128577,2.053920329670329,373.8135,0.0,136.10849260393218,136.10849260393218,136.10849260393218,0.9176193476158568,0.0,2.6743371632159567,42.97596100729375,33.25795991851552,179.0844536112259,39.796590430184025,39.796590430184025,39.796590430184025,39.796590430184025,76.42609653197265,36.62950610178861,171227.2,0.8833399556109642,0.1180658269431146,-4.580551531713007,0.0227684944943955,-0.8112302135166068,0.0,0.0,12.249939189285868,0.9502970667357185,0.9502970667357185,0.9955900926291548,,0.3431050806263231,0.1036206536686892,0.3268569191204605,2.6236571428571427,379.34615384615387,10.408087912087913,0.8317555855233065,3.154360714279358,0.2463392355350007,0.2463392355350007,0.2463392355350007,0.5624958549548117,3.059442653656837,0.7308922699706037,0.7308922699706037,0.7308922699706037,0.7536607644649993,-0.0803379435460031,0.1682444144766934,0
117,0,4222,1809,80000.0,0.0,0.0,0.0,0.0,0.0,0.0,0.0,0.0,80000.0,0.0,0.0,0.0,0.0,0.0,0.0,0.0,0.0,0.0,80000.0,80000.0,0.0,80000.0,80000.0,0.0,0.0,0.0,0.0,0.0,0.0,0.0,0.0,0.0,0.0,0.0,0.0,0.0,0.0,0.0,0.0,0.0,0.0,0.0,0.0,0.0,0.0,0.0,0.0,0.0,0.0,0.0,SFJMA,0.0,0.0,0.0,0.0,0.0,1.0,0.0,0.0,0.0,0.0,0.0,0.0,0.0,0.0,0.0,0.0,0.0,0.0,0.0,0.0,0.0,0.0,0.0,0.0,0.0,SFJMA,0.0,,,0.0,0.0,0.0,0.0,0.0,0.0,0.0,0.0,0.0,0.0,0.0,0.0,0.0,0.0,1.0,0.0,0.0,0.0,,0.0,0.0,0.0,0.0,0.0,0.0,0.0,0.0,0.0,0.0,0.0,0.0,0.0,0.0,0.0,0.0,0.0,0.0,0.0,0.0,,0.0,0.0,800.0,1.0,0.0,,0.0,0.0,0.0,,0.0,0.0,0.0,1.0,1.0,0.0,0.0,800.0,0.0,0.0,0.0,0.0,0.0,0.0,0.0,0.0,0.0,0.0,0.0,0.0,0.0,0.0,0.0,0.0,0.0,0.0,0.0,0.0,0.0,0.0,0.0,0.0,0.0,0.0,0.0,0.0,0.0,0.0,0.0,0.0,0.0,0.0,0.0,0.0,0.0,0.0,inf,800.0,800.0,800.0,1600.0,800.0,80000.0,1.0,0.0,-800.0,0.0,-1.0,0.0,0.0,800.0,0.0,0.0,0.0,,0.0,0.0,800.0,800.0,800.0,800.0,0.0,8.0,1.0,1.0,1.0,inf,0.0,0.0,0.0,0.0,0.0,-1.0,1.0,0
117,214,6201,3723,187980.55,0.0,0.0,0.0,0.0,0.0,0.0,0.0,0.0,187980.55,0.0,0.0,0.0,0.0,0.0,0.0,0.0,0.0,0.0,0.0,0.0,0.0,187980.55,200000.0,0.0,0.0,0.0,0.0,0.0,0.0,0.0,0.0,0.0,0.0,0.0,0.0,0.0,0.0,0.0,0.0,0.0,0.0,0.0,0.0,0.0,0.0,0.0,0.0,0.0,0.0,0.0,SFJMI,0.0,0.0,0.0,0.0,0.0,1.0,0.0,0.0,0.0,0.0,671.7,0.0,0.0,0.0,671.7,0.0,0.0,0.0,0.0,0.0,0.0,0.0,0.0,671.7,0.0,SFJMI,0.0,,,0.0,671.7,0.0,0.0,0.0,0.0,6.7170000000000005,6.7170000000000005,0.0,0.0,0.0,0.0035732420189216,0.0,0.0,1.0,6.7170000000000005,0.0,0.0,,0.0,0.0,0.0,0.0,671.7,0.0,0.0,6.7170000000000005,0.0,0.0,0.0,0.0035732420189216,0.0035732420189216,0.0,6.7170000000000005,0.0,6.7170000000000005,0.0,-6.7170000000000005,0.0,,0.0,0.0,1879.8055,1.0,0.0,,6.7170000000000005,6.7170000000000005,0.0,,0.0,0.0,0.0,1.0,1.0,0.0,0.0,1879.8055,0.0,0.0,0.0,0.0,0.0,0.0,0.0,0.0,0.0,0.0,0.0,0.0,0.0,6.7170000000000005,0.0,0.0,6.7170000000000005,0.0,0.0,6.7170000000000005,6.7170000000000005,0.0,0.0,6.7170000000000005,0.0,0.0,0.0,0.0,0.0,0.0,0.0,0.0,6.7170000000000005,0.0,0.0,0.0,0.0,0.0,inf,1879.8055,1879.8055,1879.8055,1879.8055,0.0,187980.55,1.0,0.0,-1879.8055,0.0,0.0,0.0,0.0,1879.8055,0.0,0.0,0.0,,0.0,0.0,1879.8055,1879.8055,2000.0,1879.8055,0.0,18.798055,1.0,1.0,1.0,1.0,0.0,0.0,0.0,0.0,0.0,0.0,1.0,0
117,214,6312,3717,1505475.4,0.0,0.0,0.0,0.0,0.0,0.0,0.0,0.0,1505475.4,0.0,794903.78,0.0,0.0,0.0,0.0,0.0,0.0,0.0,710442.12,0.0,129.5,1235712.89,5000.0,995437.56,235275.33,264302.54,0.0,0.0,0.0,0.0,0.0,0.0,0.0,0.0,0.0,0.0,264302.54,0.0,0.0,0.0,0.0,0.0,0.0,0.0,0.0,5459.97,0.0,0.0,0.0,0.0,SFJMA,0.0,0.0,0.0,0.0,0.0,0.8208124091566026,1858964.38,0.0,0.0,0.0,242343.93,16200.73,0.0,10000.42,248544.24,13178.27,0.0,0.0,2443.18,0.0,259279.33,24004.0,235275.33,1616620.45,0.0,SFJMA,1888343.38,,,0.0,1629064.05,264302.54,0.0,0.1373051812218602,0.1394751469094851,0.1303650207649487,0.1292387154110392,0.1265625810431074,0.1562797572115758,0.1562797572115758,0.1609750182566915,0.1903964358581709,0.1903964358581709,1.218305167958554,2485.4424,47.055066,0.1722242223287076,,0.1265625810431074,261722.51,261722.51,261722.51,248544.24,0.1407894163093108,0.1385990031113938,0.1337003778415593,0.1407894163093108,0.1738470851134465,0.1738470851134465,0.1650935246102327,0.1650935246102327,0.8901743055515093,0.9403777958395708,1.4977481702266675,0.8763288137882449,3.5390592550961864,0.123671186211755,106.12371171997152,,0.0,0.0,15000.1543,0.9963732585733384,0.980994469443994,,0.9403777958395708,0.4701888979197854,0.0,,0.0013142693998257,0.0,0.0,0.8208124091566026,0.6645326519450268,0.1755608494167357,0.1791875908433974,12357.1289,0.2138866901356026,0.0,0.0,0.0,0.2138866901356026,0.0,0.2098216601107074,0.1722242223287076,1.218305167958554,0.9466134882063652,2352.7533,2617.2251,2617.2251,2485.4424,107.12371171997152,107.12371171997152,101.72981114776644,2617.2251,2617.2251,2485.4424,2485.4424,0.99023834579872,0.99023834579872,0.9403777958395708,1.2348022292493122,1.2348022292493122,18589.6438,18589.6438,0.0,155.64847774006302,0.0,155.64847774006302,0.8763288137882449,0.0013142693998257,2.338603019349084,51.752537915761465,0.0,207.4010156558245,5.696030768376271,5.696030768376271,5.5807435955426135,5.695540799570068,8.384019010941023,2.687988242564752,1241172.86,0.8244391505832642,0.1421773019663776,-0.6676689845988334,0.1755608494167357,-0.2963446496701308,0.0,0.0,1.5614127033085687,0.898949540106428,0.898949540106428,0.9466134882063652,,18589.6438,0.0,4.675372737621061,12357.1289,50.0,12357.1289,0.1755608494167357,0.0467537273762106,0.8208124091566026,0.8208124091566026,0.8208124091566026,0.8208124091566026,0.2138866901356026,0.0,0.0,0.0,0.1755608494167357,-0.2963446496701308,0.8208124091566026,0
117,214,8121,5020,2438021.36,753434.48,0.0,0.0,528434.48,528434.48,0.0,225000.0,0.0,1684586.88,322820.32,478619.48,0.0,0.0,0.0,0.0,474030.31,0.0,0.0,872211.55,872211.55,10935.53,2225010.33,114800.0,1631488.27,478722.06,213011.03,0.0,0.0,0.0,0.0,0.0,0.0,0.0,0.0,0.0,0.0,209950.32,0.0,0.0,0.0,0.0,0.0,0.0,20462.49,0.0,3060.71,0.0,3060.71,3060.71,0.0,SFJIN,0.0,0.0,0.0,0.0,0.0,0.9126295472653284,4322707.44,0.0,0.0,0.0,455795.62,60987.89,9457.14,14.49,516769.02,22410.13,0.0,22410.13,126.09,126.09,539053.06,60331.0,478722.06,3866911.82,239337.34,SFJIN,4406105.46,,,239337.34,3867052.4,209950.32,3060.709999999992,0.1223422963643725,0.1247026470058774,0.10544216242402,0.1039752048644311,0.1107458847596681,0.1963567948395661,0.1889532204918828,0.1869530872362824,0.215154983123157,0.215154983123157,1.0957348499141577,0.977924491225478,4.170052787456446,0.3192713619211277,,0.1107458847596681,539179.15,778516.49,787973.63,756106.36,0.1800992782430818,0.1788367612063466,0.1749149972545909,0.1247318162248796,0.3193230800898315,0.3232021027084029,0.3101311466770742,0.2119624661532908,2.280168279810195,2.4613871510174405,2.9313714017778056,0.8945903588608346,3.195380942020069,0.1054096411391654,6173.29209294948,,1.2609,1.2609,3.2399394171607327,1.0012554073767426,3.707498040488817,,2.4613871510174405,1.2217878063799448,0.0,,2.9169219002246423e-05,2.9169219002246423e-05,2.9169219002246423e-05,0.9126295472653284,0.7162727524257623,0.0873704527346717,0.0873704527346716,2.953157028332444,0.0957348499141574,0.0,0.0,0.0,0.0943592563006213,172.65094700249333,0.2422699134165368,0.2211543995660481,1.095478606312702,0.9263753078696552,3797.669521770165,6174.29209294948,6249.29518597827,5996.560869220398,6174.29209294948,6249.29518597827,5996.560869220398,6174.29209294948,6249.29518597827,7561.063599999999,7561.063599999999,3.654817734086352,3.6992151533185855,3.5496113041657984,2.7606848624865883,1.7730391992956127,8.180214584029416,43227.074400000005,27.25824461532377,40.41358630553077,40.02608678740469,67.67183092085455,0.8945903588608346,2.9169219002246423e-05,9.03161618077058,17.727747682133213,1.7278080817794137,85.39957860298776,8.023740473460578,8.023740473460578,7.908449060126134,6.43405082688133,12.178111612309044,4.154371138848466,1474636.5599999998,0.6048497294543801,0.0485691717318718,-0.3411372572556054,0.0861150453579291,-0.2716388136976781,1.5376033720739268,0.2189151745973259,1.8399841884568244,0.6149157611292215,0.607535635424754,0.6331411628385192,,4.9560309537290586,0.4472517796173267,10.445516976280524,2.953157028332444,0.1523689226434128,2.9572193722803872,0.1264470432062251,23.354891925120608,0.9126295472653284,0.9126295472653284,0.9126295472653284,1.4209965449124375,0.0957348499141574,0.0012554073767425,0.0,0.0,0.0873704527346717,-0.2703834063209356,0.873552956793775,0
117,214,4663,4579,8724375.78,2804606.59,0.0,0.0,2804606.59,656431.55,0.0,0.0,0.0,5919769.19,4772830.8,133982.95,0.0,0.0,0.0,0.0,0.0,0.0,0.0,1012955.44,1012955.44,0.0,8641934.26,500000.0,7238081.53,903852.73,82441.52,0.0,0.0,0.0,0.0,0.0,0.0,0.0,0.0,0.0,0.0,82441.52,0.0,0.0,0.0,0.0,404.0,0.0,0.0,0.0,0.0,0.0,0.0,0.0,0.0,SFJMA,109494.43,0.0,47374.32,0.0,0.0,0.9905504391283796,8199600.31,4178593.39,1507026.94,1390583.87,1123396.11,34047.35,0.0,11899.32,1145544.14,4611.4,0.0,0.09,17708.81,5086.0,1132446.73,228594.0,903852.73,0.0,0.0,SFJMA,8238259.06,,,0.0,7105812.33,82441.52,0.0,0.1374618984123085,0.1381099916076275,0.1370062036597001,0.1364396627581705,0.1102313156529943,0.1036008481056051,0.104073040868031,0.1287652135039053,0.104589169832449,0.104589169832449,1.00953970691279,1.745108290422665,1.80770546,0.1298026080669349,,0.1102313156529943,1150155.54,1150155.54,1150155.54,1145544.14,0.1402697078536015,0.1396114800012128,0.1397073145873863,0.1402697078536015,0.1318324163244605,0.1318324163244605,0.131303851288258,0.131303851288258,10.963562171100191,13.895233130102406,1.4046839193455791,0.8666047199073781,1.0747965754609343,0.1333952800926219,63.94821165284397,,12.589108910891088,12.589108910891088,3.1107306854042585,1.0,13.736364031133826,,13.895233130102406,6.947616565051203,0.0003567496724547,,0.0021597162459739,0.0006202741362645,0.0006202741362645,0.9905504391283796,0.8869495910227746,0.0094495608716203,0.0094495608716202,3.0813356464373136,0.0095397069127901,4.674879348133343e-05,0.0,0.0,0.0095397069127901,28046.0659,0.1310408869044093,0.1303855724105455,1.0050259739766323,0.7890160653259506,178.7138674793551,226.1414746362564,226.1414746362564,225.2347896185608,64.94821165284398,64.94821165284398,64.68781019165037,226.1414746362564,226.1414746362564,2835.505297029704,2835.505297029704,13.95116853740688,13.95116853740688,13.895233130102406,1.0633061029584596,0.9398495109297093,2.9236187133112312,81996.0031,211.8774507924765,5.947825742252552,4.8607213782594725,217.82527653472903,0.8666047199073781,0.0021597162459739,61.19883395611157,3.6597775678653774,2.1030601283052053,221.48505410259443,71.805677406239,71.805677406239,71.805677406239,13.912145118139508,84.09263475491477,12.286957348675765,5837327.670000001,0.669082558706567,0.0100543339776521,-0.7119039281562252,0.0094495608716203,-0.1066567905216939,57.893532288099486,0.8176396923080385,1.18963709800479,0.7858526073786507,0.7858526073786507,0.7890160653259506,,8.094729527292928,0.4737695845874693,104.82502336201466,3.0813356464373136,0.1782781234925359,3.0813356464373136,0.0139264754003018,221.25739340842264,0.9905504391283796,0.9905504391283796,0.9905504391283796,1.120666995050616,0.0095397069127901,0.0,4.630703791165676e-05,4.630703791165676e-05,0.0094495608716203,-0.1066567905216939,0.986073524599698,0
117,214,7022,1433,419652.7,0.0,0.0,0.0,0.0,0.0,0.0,0.0,0.0,419552.7,0.0,62908.43,0.0,0.0,0.0,0.0,0.0,0.0,0.0,0.0,0.0,0.0,323617.11,100000.0,0.0,0.0,96035.59,0.0,0.0,0.0,0.0,0.0,0.0,0.0,0.0,0.0,0.0,0.0,0.0,0.0,0.0,0.0,0.0,0.0,0.0,0.0,0.0,0.0,0.0,0.0,0.0,SFJMI,0.0,0.0,0.0,0.0,0.0,0.7711545999823186,871585.5,0.0,0.0,0.0,1685880.22,20.12,0.0,209.6,1685690.74,0.0,0.0,0.0,0.0,0.0,0.0,11910.0,0.0,814294.72,0.0,SFJMI,871605.62,,,0.0,814504.32,0.0,96035.59,0.0,0.0,1.9342683190576253,1.9342236687276064,0.0,0.0,0.0,4.0173224668875,0.0,0.0,1.2967568371153182,16856.9074,0.0,0.0283806109194579,,0.0,0.0,0.0,0.0,1685690.74,0.0,0.0,1.934050922141316,0.0,0.0,0.0,4.016870950669446,4.016870950669446,0.0,16856.9074,2.0774160194893274,0.9345088003414468,2.6932614904075995,0.0654911996585533,119.1,,0.0,0.0,5156.8829,1.2288454000176812,119.1,,16856.9074,17.552771217420542,0.0,,0.0,0.0,0.0,0.7711545999823186,0.7711545999823186,0.2288454000176812,0.2288454000176813,3236.1711,0.2967568371153181,0.0,0.0,0.0,0.0,0.0,0.0,0.0,0.0,0.0,0.0,0.0,0.0,16856.9074,0.0,0.0,16856.9074,0.0,0.0,16856.9074,16856.9074,0.0,0.0,17.552771217420542,2.076920987283056,2.076920987283056,8715.855,8715.855,0.0,26.272429405950422,0.0,26.272429405950422,0.9345088003414468,0.0,13.854828359251693,0.0,0.0,26.272429405950422,inf,4195.527,4195.527,4195.527,4195.527,0.0,419552.7,0.9997617077168812,0.0,-0.4813672324746109,0.0,0.0,0.0,0.0,6.669260383703742,0.0,0.0,0.0,,8715.855,0.0,3.369762293333128,3236.1711,1000.0,4196.526999999999,0.2288999451082068,0.0336976229333312,0.7711545999823186,0.7711545999823186,0.7711545999823186,0.7711545999823186,0.2967568371153181,0.2288454000176812,0.0,0.0,0.2288454000176812,0.2288454000176812,0.7713384039716583,0
117,215,7022,5868,71925.97,0.0,0.0,0.0,0.0,0.0,0.0,0.0,0.0,71925.97,0.0,69426.34,0.0,0.0,0.0,0.0,0.0,0.0,0.0,0.0,0.0,0.0,67967.17,50000.0,0.0,0.0,3958.8,0.0,0.0,0.0,0.0,0.0,0.0,0.0,0.0,0.0,0.0,0.0,0.0,0.0,0.0,0.0,0.0,0.0,0.0,0.0,0.0,0.0,0.0,0.0,0.0,SFJMI,0.0,0.0,0.0,0.0,0.0,0.9449600749214784,0.0,0.0,0.0,0.0,300.0,0.0,0.0,0.0,300.0,0.0,0.0,0.0,0.0,0.0,0.0,0.0,0.0,300.0,0.0,SFJMI,0.0,,,0.0,300.0,0.0,3958.8,0.0,0.0,3.0,3.0,0.0,0.0,0.0,0.0041709552196515,0.0,0.0,1.0582457677728825,3.0,0.0,0.0,,0.0,0.0,0.0,0.0,300.0,0.0,0.0,3.0,0.0,0.0,0.0,0.0041709552196515,0.0041709552196515,0.0,3.0,0.0,3.0,0.0,-3.0,0.0,,0.0,0.0,758.8477,1.0550399250785218,0.0,,3.0,0.0757805395574416,0.0,,0.0,0.0,0.0,0.9449600749214784,0.9449600749214784,0.0550399250785217,0.0550399250785217,679.6717,0.0582457677728821,0.0,0.0,0.0,0.0,0.0,0.0,0.0,0.0,0.0,0.0,0.0,0.0,3.0,0.0,0.0,3.0,0.0,0.0,3.0,3.0,0.0,0.0,0.0757805395574416,0.0,0.0,0.0,0.0,0.0,252711.8776,0.0,252711.8776,3.0,0.0,0.0,0.0,0.0,252711.8776,inf,719.2597000000001,719.2597000000001,719.2597000000001,719.2597000000001,0.0,71925.97,1.0,0.0,-719.2597000000001,0.0,0.0,0.0,0.0,1.0360040584020418,0.0,0.0,0.0,,0.0,0.0,17.168629382641203,679.6717,500.0,719.2597000000001,0.0550399250785217,0.171686293826412,0.9449600749214784,0.9449600749214784,0.9449600749214784,0.9449600749214784,0.0582457677728821,0.0550399250785217,0.0,0.0,0.0550399250785217,0.0550399250785217,0.9449600749214784,1
117,214,3314,5278,1932535.41,43682.75,0.0,0.0,27548.65,27548.65,16130.68,0.0,3.42,1888852.66,1011748.09,578111.15,0.0,0.0,0.0,0.0,551715.3,0.0,0.0,287145.39,287145.39,11848.03,1319211.63,50000.0,1117389.06,191822.57,613323.78,0.0,0.0,0.0,0.0,0.0,0.0,0.0,0.0,0.0,0.0,580431.32,0.0,0.0,0.0,0.0,0.0,0.0,518310.6,0.0,32892.46,0.0,32892.46,0.0,32892.46,SFJIN,0.0,0.0,0.0,0.0,0.0,0.6826325785150814,5591481.8,4478810.74,318673.45,593272.38,200725.23,89919.82,0.0,47129.75,243515.3,588.13,0.0,587.58,11180.86,6106.4,232922.57,41100.0,191822.57,0.0,0.0,SFJIN,5681989.75,,,0.0,5449067.180000001,613323.7799999999,1.1641532182693479e-10,0.0409931344913109,0.0416566803454497,0.0358983963785771,0.035330230711625,0.034306213783974,0.0992595369830765,0.1015726869397958,0.1038662624039577,0.1454069731025643,0.1454069731025643,1.4649168988905898,8.839464002773274,3.8364514,0.1205269351312947,,0.034306213783974,244103.43,244103.43,244103.43,243515.3,0.0436563041303291,0.0429609064324693,0.0435511209211125,0.0436563041303291,0.126312526402815,0.126312526402815,0.1260081956273184,0.1260081956273184,0.312759061779734,0.3970419995781021,4.383657546036904,0.9745300753728646,5.417754775119861,0.0254699246271353,20.8322588781185,,61.06399999999999,61.06399999999999,44.24024151409881,1.0,0.3797709751283409,,0.3970419995781021,0.198520999789051,0.0,,0.0019996237848793,0.0010920897569585,0.0010920897569585,0.6826325785150814,0.5833730415320048,0.3173674214849186,0.3173674214849186,30.19983013889922,0.4649168988905897,0.0,0.0,0.0,0.4649168988905896,236641101597900.8,0.1765619440453235,0.1236867219938805,1.4274931148556025,0.7877228658733147,32.41336466657933,39.97501473863488,39.97501473863488,39.87870103497969,21.8322588781185,21.8322588781185,21.779657378770505,39.97501473863488,39.97501473863488,2435.153,2435.153,0.3980009221230587,0.3980009221230587,0.3970419995781021,3.39827137154995,2.8933398948689897,202.9675428741517,55914.818,66.04475630234546,37.73786221570104,36.014797454942986,103.78261851804648,0.9745300753728646,0.0019996237848793,9.671984012071034,40.03646756035224,33.83420992267202,143.81908607839873,3.0796990457470934,3.0796990457470934,2.9229421099042643,1.410766332914729,3.5478781696675776,0.4681791239204846,1275528.88,0.6600287236134007,0.1096889522201431,-0.2281200092612301,0.3173674214849186,0.1687826201332062,1.6496149717201576,0.7931988886053289,0.8022904467945224,0.7858249677196261,0.7858249677196261,0.7877228658733147,,19.4726504228398,0.0231266053329961,2.1509220301224907,30.19983013889922,1.1446165820604244,30.19983013889922,0.324707052587151,93.00638806049224,0.6826325785150814,0.6826325785150814,0.6826325785150814,0.8017622654597114,0.4649168988905897,6.023968369455897e-17,0.0,0.0,0.3173674214849186,0.1687826201332062,0.675292947412849,0
117,214,6820,4838,47205.96,33710.0,0.0,0.0,0.0,0.0,0.0,33710.0,0.0,13495.96,0.0,10123.96,0.0,0.0,0.0,0.0,0.0,0.0,0.0,3372.0,3372.0,0.0,31019.96,50000.0,0.0,-760.6,16186.0,0.0,0.0,0.0,0.0,0.0,0.0,0.0,0.0,0.0,0.0,16186.0,0.0,0.0,0.0,0.0,0.0,0.0,615.0,0.0,0.0,0.0,0.0,0.0,0.0,SFJIN,0.0,0.0,0.0,0.0,0.0,0.6571195671055096,3600.0,0.0,0.0,0.0,-45.0,0.0,0.0,0.0,-45.0,16.0,16.0,0.0,46.6,46.6,-75.6,685.0,-760.6,3645.0,0.0,SFJIN,3616.0,,,0.0,3691.6,16186.0,0.0,-0.0209070796460176,-0.0209999999999999,-0.0125,-0.0125,-0.2112777777777778,-0.0161123722513004,-0.0153127698282166,-0.0009532694600427,-0.0245196963503499,-0.0245196963503499,1.521793064852437,-0.45,-0.015212,-0.0016014926928718,,-0.2112777777777778,-29.0,-29.0,-12.999999999999991,-45.0,-0.0080555555555555,-0.0035951327433628,-0.0125,-0.0080555555555555,-0.0006143292075831,-0.0002753889551234,-0.0009532694600427,-0.0009532694600427,-0.0469912269862844,-0.0027801804028172,-1.3382700628986923,1.0254444444444444,0.1302085217137177,-0.0254444444444444,-1.622317596566524,,0.466,0.466,1.4003547908632452,1.0,-0.0046707030767329,,-0.0027801804028172,-0.0013900902014086,-0.0,,0.0129444444444444,0.0129444444444444,0.0129444444444444,0.6571195671055096,0.67323193935681,0.3428804328944904,0.3428804328944904,0.920200533966182,0.5217930648524369,0.0,0.0,0.0,0.5217930648524369,0.0,-0.0024371404734242,-0.0006143292075831,3.9671570932015263,16.90222222222222,-15.321888412017168,-0.6223175965665234,-0.2789699570815449,-0.965665236051502,-0.6223175965665234,-0.2789699570815449,-0.965665236051502,-0.6223175965665234,-0.2789699570815449,-0.45,-0.45,-0.0017916718151488,-0.0008031632274805,-0.0027801804028172,0.0821281034157078,0.0762615568034205,36.0,36.0,0.0,1026.4570555555556,0.0,1026.4570555555556,1.0254444444444444,0.0129444444444444,0.3555920805692634,1641.0805555555555,62.35416666666667,2667.537611111112,0.8338045224267885,0.8338045224267885,0.8338045224267885,0.8338045224267885,1.0421327072778943,0.2083281848511059,-2690.040000000001,-0.0569851772954093,4.496111111111111,0.7472333333333335,0.3428804328944904,0.2714487746886198,0.0,-0.0,-0.265710255670706,26.22758620689656,58.507692307692345,16.90222222222222,,1.0676156583629892,2.497784522182935,1.9164685530705547,0.920200533966182,1.483239394838327,0.920200533966182,1.1993218711377331,0.7672673667605483,0.6571195671055096,0.6571195671055096,0.6571195671055096,0.7076695785642,0.5217930648524369,0.0,0.0,0.0,0.3428804328944904,0.2714487746886198,-0.1993218711377331,0
117,113,3700,10054,146690777.34,131569409.14,42868.81,0.0,131526540.33,128325531.14,0.0,0.0,0.0,15121368.2,934389.22,7874733.69,0.0,0.0,0.0,0.0,3859073.2,0.0,0.0,5592553.57,5592553.57,719691.72,138181484.41,131184300.0,7360238.79,-517521.53,8509292.93,0.0,0.0,0.0,0.0,0.0,0.0,0.0,583660.18,0.0,0.0,5953296.98,0.0,0.0,0.0,0.0,0.0,0.0,2212548.99,0.0,1972335.77,0.0,1972335.77,1894303.37,78032.4,SFJIN,0.0,0.0,0.0,0.0,0.0,0.9419916297104544,32352096.35,0.0,0.0,0.0,-494578.02,198202.65,25264.28,233250.94,-529626.31,20678.89,0.0,20678.89,8574.11,8574.11,-517521.53,0.0,-517521.53,32846674.37,4118377.26,SFJIN,32570977.89,,4143641.54,4118377.26,33088499.42,6031329.380000001,2477963.549999999,-0.0158890387555385,-0.0159965377328631,-0.0152873561777705,-0.0151942696440361,-0.0159965377328631,-0.0035279759190346,-0.0035948163297121,-0.0033715686082545,-0.0037452306451163,-0.0037452306451163,1.0615805581068445,-0.0041272091788359,-0.0039449959332023,0.024547253721711,,-0.0159965377328631,-508947.42,3609429.84,3634694.12,3588750.95,0.1115671083861618,0.1115930302208067,0.1109279260043994,-0.0157315128668624,0.0246057039539306,0.0247779320957274,0.0244647346961833,-0.0036115503815156,-0.0858055492237102,-0.0878125329643329,3.559071307684471,1.022762143820087,0.2440029959140441,-0.0227621438200866,419.9684550349832,,85.7411,85.7411,1.1337646179688543,1.0168924290601895,0.5970252166861427,,-0.0878125329643329,-0.0364239094248229,0.0,,0.0002650248660006,0.0002650248660006,0.0002650248660006,0.9419916297104544,0.9455196056294892,0.0580083702895455,0.0580083702895456,1.0502554150939771,0.0615805581068442,0.0,0.0,0.0042238667683451,0.043647883837348,53.07848064593204,-0.0037452306451163,-0.003469525686815,1.079464740482834,0.9771446777256968,-59.35862964202698,420.9684550349832,423.91503258064097,418.5566723543317,420.9684550349832,423.91503258064097,418.5566723543317,420.9684550349832,423.91503258064097,35887.5095,35887.5095,0.4241750601010277,0.4271440823462167,0.4217449063655633,0.2293574487772853,0.2205462193101225,0.2459739020643941,754.6767999858173,10.513002693873345,88.60022646291358,43.4192155464448,99.11322915678691,1.022762143820087,0.0002650248660006,4.108341643487375,67.85971055999282,24.893837593927664,166.97293971677976,2.507136859436451,2.507136859436451,1.889305451515547,2.2328887068674725,3.4343874235566947,0.9272505641202436,9090038.819999998,0.0619673505371854,0.1864277762637165,-0.2809721732298191,0.041115941229356,0.0029911615301008,0.1549225985067988,0.1027926545202587,1.0318892031442888,-0.1433804099098377,-0.1423837915692339,-0.1442065880888168,,5.784852294226661,8.70089315991922,16.238891473912393,1.0502554150939771,0.997072958353182,1.069089303352632,0.5627330025599139,1.8663476467814888,0.9419916297104544,0.9419916297104544,0.941974672429377,0.979322023181416,0.0615805581068442,0.0168973671349228,0.0,0.0,0.0580253275706229,0.0198894030555049,0.4372669974400859,0
117,214,3511,2190,5000.0,0.0,0.0,0.0,0.0,0.0,0.0,0.0,0.0,5000.0,0.0,0.0,0.0,0.0,0.0,0.0,0.0,0.0,0.0,5000.0,5000.0,0.0,5000.0,5000.0,0.0,0.0,0.0,0.0,0.0,0.0,0.0,0.0,0.0,0.0,0.0,0.0,0.0,0.0,0.0,0.0,0.0,0.0,0.0,0.0,0.0,0.0,0.0,0.0,0.0,0.0,0.0,SFJIN,0.0,0.0,0.0,0.0,0.0,1.0,0.0,0.0,0.0,0.0,0.0,0.0,0.0,0.0,0.0,0.0,0.0,0.0,0.0,0.0,0.0,0.0,0.0,0.0,0.0,SFJIN,0.0,,,0.0,0.0,0.0,0.0,0.0,0.0,0.0,0.0,0.0,0.0,0.0,0.0,0.0,0.0,1.0,0.0,0.0,0.0,,0.0,0.0,0.0,0.0,0.0,0.0,0.0,0.0,0.0,0.0,0.0,0.0,0.0,0.0,0.0,0.0,0.0,0.0,0.0,0.0,,0.0,0.0,50.0,1.0,0.0,,0.0,0.0,0.0,,0.0,0.0,0.0,1.0,1.0,0.0,0.0,50.0,0.0,0.0,0.0,0.0,0.0,0.0,0.0,0.0,0.0,0.0,0.0,0.0,0.0,0.0,0.0,0.0,0.0,0.0,0.0,0.0,0.0,0.0,0.0,0.0,0.0,0.0,0.0,0.0,0.0,0.0,0.0,0.0,0.0,0.0,0.0,0.0,0.0,0.0,inf,50.0,50.0,50.0,100.0,50.0,5000.0,1.0,0.0,-50.0,0.0,-1.0,0.0,0.0,50.0,0.0,0.0,0.0,,0.0,0.0,50.0,50.0,50.0,50.0,0.0,0.5,1.0,1.0,1.0,inf,0.0,0.0,0.0,0.0,0.0,-1.0,1.0,0
117,214,5510,10626,19549337.75,16860285.68,6690.0,0.0,16828655.05,16785149.21,0.0,0.0,24940.63,2689052.07,520360.46,105586.67,0.0,0.0,0.0,0.0,19445.23,0.0,0.0,1935877.91,1935877.91,127227.03,18248376.43,12723816.03,5743301.06,-1084649.56,1300961.32,0.0,0.0,0.0,0.0,0.0,0.0,0.0,0.0,0.0,0.0,1280022.8,0.0,0.0,0.0,0.0,772045.0,0.0,147841.01,0.0,20938.52,0.0,20938.52,0.0,0.0,SFJIN,0.0,0.0,0.0,0.0,0.0,0.933452409660271,4473897.29,5129537.46,0.0,607315.32,-1262955.49,217178.16,0.0,28096.24,-1073873.57,3811.76,0.0,0.0,14418.89,13166.79,-1084480.7,168.86,-1084649.56,0.0,0.0,SFJIN,4694887.21,,1280152.61,1280152.61,5779367.91,1280022.8,20938.52000000002,-0.2309918537957805,-0.2424017874581112,-0.2822942522223169,-0.26922514964026,-0.2424395308368825,-0.0554826753658189,-0.0549371274789091,-0.0646034922589641,-0.0594381403825523,-0.0594381403825523,1.0712918941030416,-0.0639776004707914,-0.0852456179374671,-0.0554740377330684,,-0.2424395308368825,-1070061.81,210090.80000000005,210090.80000000005,206279.04000000004,0.0469592362948502,0.0447488492487128,0.0461072364046158,-0.2391788949629641,0.0107466965217274,0.0107466965217274,0.0105517149807286,-0.054950259746661,-0.8473673750186325,-0.8389487827873067,3.175162777136632,1.2917971816022624,0.2742619277184768,-0.2917971816022625,13.570525192993362,,0.0170544333555686,0.0170544333555686,1.1607321869530742,1.0010710603227466,0.1528659567626452,,-0.8389487827873067,-0.4160713588582637,3.945609770968147,,0.0032228924951471,0.0029430246486503,0.0029430246486503,0.933452409660271,0.9889350850260898,0.066547590339729,0.066547590339729,1.0823290172150868,0.0712918941030415,0.0423075994163936,0.0,0.0,0.0701444758611876,803.7175048666279,-0.0594288869566025,-0.0548005218233031,1.0844584135206388,1.0100346915140113,-81.37767595594674,15.956113828807176,15.956113828807176,15.66661578106737,14.570525192993362,14.570525192993362,14.30616642473866,15.956113828807176,15.956113828807176,0.2671852547455136,0.2671852547455136,0.161488890384535,0.161488890384535,0.1585589339427862,0.2541009697210877,0.2288516034257989,0.2658499610757664,668.7439895366218,42.45326961898135,8.61421978464776,1.586426439843459,51.06748940362911,1.2917971816022624,0.0032228924951471,42.37180024713347,104.42982744469757,12.06151262582964,155.49731684832665,2.1007845094634248,2.1007845094634248,2.06697311338972,1.5948657945780338,3.613162187423536,1.5123776779601112,1409029.2699999998,0.072075549976111,0.2861091162868426,-0.314944483224826,0.0654765300169823,-0.0335487124109869,0.4065243681596922,0.3693042231833836,2.25103559465158,-5.162765623244805,-5.162765623244805,-5.25816660771739,,2.3110431018865234,6.269973671428386,14.026840113893623,1.0823290172150868,0.7546619476971994,1.0835709012731272,0.483799229666832,2.2371449784251034,0.933452409660271,0.933452409660271,0.933429628541506,1.036060935411194,0.0712918941030415,0.0010714269769304,0.0394921306221741,0.0395056498933211,0.0665703714584939,-0.0324887701053712,0.516200770333168,0
117,214,4771,7603,1491610.67,209406.22,0.0,0.0,0.0,0.0,0.0,0.0,0.0,1282204.45,0.0,637440.51,0.0,0.0,0.0,0.0,0.0,0.0,0.0,0.0,0.0,0.0,1266732.95,50000.0,0.0,0.0,224877.72,0.0,0.0,0.0,0.0,0.0,0.0,0.0,0.0,0.0,0.0,0.0,0.0,0.0,0.0,0.0,0.0,0.0,0.0,0.0,0.0,0.0,0.0,0.0,0.0,SFJMI,0.0,0.0,0.0,0.0,0.0,0.8492383270495109,1382522.82,0.0,0.0,0.0,3007625.77,91971.79,0.0,3962.6,3095634.96,0.0,0.0,0.0,0.0,0.0,0.0,0.0,0.0,1625102.95,35461.76,SFJMI,1474494.61,,,35461.76,1629065.55,0.0,224877.72,0.0,0.0,2.1754619355939453,2.039767218952397,0.0,0.0,0.0,2.0163611259230265,0.0,0.0,1.1775257523695108,30956.3496,0.0,0.0237741394005984,,0.0,0.0,35461.76,35461.76,3131096.72,0.0256500359249043,0.0240501116514763,2.264770371023604,0.0,0.0237741394005984,0.0237741394005984,2.099138054570232,2.0753639151696333,0.0,30956.3496,1.078238981310664,1.1783281450645422,1.0914082719645053,-0.1783281450645422,354.61760000000004,,0.0,0.0,8.196931256387703,1.150761672950489,354.61760000000004,,30956.3496,13.765858885442276,0.0,,0.0,0.0,0.0,0.8492383270495109,0.8492383270495109,0.1507616729504891,0.1507616729504891,6.049165827070466,0.1775257523695108,0.0,0.0,0.0,0.0,0.0,0.0,0.0,0.0,0.0,0.0,354.61760000000004,354.61760000000004,31310.9672,354.61760000000004,354.61760000000004,31310.9672,354.61760000000004,354.61760000000004,31310.9672,31310.9672,0.157693523395737,0.157693523395737,13.923552408838011,0.926865735011134,0.926865735011134,13825.2282,13825.2282,0.0,168.29073834021776,0.0,168.29073834021776,1.1783281450645422,0.0,2.1688656404971813,0.0,0.0,168.29073834021776,inf,12822.0445,12822.0445,12822.0445,12822.0445,0.0,1282204.45,0.859610671731116,0.0,-0.9274381814543936,0.0,0.0,0.0,0.0,2.0114888054416245,0.0,0.0,0.0,,13825.2282,0.1633173399140831,5.6329855621090426,6.049165827070466,0.2387703669929193,7.1230485417290845,0.17538366833776,34.49104403165276,0.8492383270495109,0.8492383270495109,0.8492383270495109,0.8492383270495109,0.1775257523695108,0.1507616729504891,0.0,0.0,0.1507616729504891,0.1507616729504891,0.82461633166224,0
117,0,6920,1550,4925.0,100.0,0.0,0.0,0.0,0.0,0.0,0.0,0.0,4825.0,0.0,0.0,0.0,0.0,0.0,0.0,0.0,0.0,0.0,0.0,0.0,0.0,4844.0,5000.0,0.0,0.0,81.0,0.0,0.0,0.0,0.0,0.0,0.0,0.0,0.0,0.0,0.0,0.0,0.0,0.0,0.0,0.0,0.0,0.0,0.0,0.0,0.0,0.0,0.0,0.0,0.0,SFJMI,0.0,0.0,0.0,0.0,0.0,0.9835532994923858,0.0,0.0,0.0,0.0,0.0,0.0,0.0,0.0,0.0,0.0,0.0,0.0,0.0,0.0,0.0,81.0,0.0,0.0,0.0,SFJMI,0.0,,,0.0,0.0,0.0,81.0,0.0,0.0,0.0,0.0,0.0,0.0,0.0,0.0,0.0,0.0,1.0167217175887695,0.0,0.0,0.0164467005076142,,0.0,0.0,0.0,0.0,0.0,0.0,0.0,0.0,0.0,0.0,0.0,0.0,0.0,0.0,0.0,0.0,0.0,0.0,0.0,0.81,,0.0,0.0,50.06,1.0164467005076143,0.81,,0.0,0.0,0.0,,0.0,0.0,0.0,0.9835532994923858,0.9835532994923858,0.0164467005076142,0.0164467005076142,48.44,0.0167217175887696,0.0,0.0,0.0,0.0,0.0,0.0,0.0,0.0,0.0,0.0,0.0,0.0,0.0,0.0,0.0,0.0,0.0,0.0,0.0,0.0,0.0,0.0,0.0,0.0,0.0,0.0,0.0,0.0,0.0,0.0,0.0,0.0,0.0,0.0,0.0,0.0,0.0,inf,48.25,48.25,48.25,48.25,0.0,4825.0,0.9796954314720812,0.0,-48.25,0.0,0.0,0.0,0.0,48.25,0.0,0.0,0.0,,0.0,0.0207253886010362,59.80246913580247,48.44,50.0,49.25,0.0167875647668393,2885.469135802469,0.9835532994923858,0.9835532994923858,0.9835532994923858,0.9835532994923858,0.0167217175887696,0.0164467005076142,0.0,0.0,0.0164467005076142,0.0164467005076142,0.9832124352331606,0
117,214,7120,6269,418247.08,0.0,0.0,0.0,0.0,0.0,0.0,0.0,0.0,418247.08,52361.08,0.0,0.0,0.0,0.0,0.0,0.0,0.0,0.0,365886.0,365886.0,0.0,413488.3,55000.0,0.0,-7571.57,4758.78,0.0,0.0,0.0,0.0,0.0,0.0,0.0,0.0,0.0,0.0,4758.78,0.0,0.0,0.0,0.0,0.0,0.0,300.0,0.0,0.0,0.0,0.0,0.0,0.0,SFJIN,0.0,0.0,0.0,0.0,0.0,0.9886220843430634,59569.07,0.0,0.0,0.0,-7957.09,0.19,0.0,0.04,-7956.86,0.0,0.0,0.0,1161.16,0.0,-9118.02,0.0,-9118.02,67526.16,0.0,SFJIN,59569.26,,,0.0,68687.36,4758.78,0.0,-0.1530658598075584,-0.153066348022556,-0.1335775428422837,-0.1335771167880883,-0.153066348022556,-0.0218005586554244,-0.0218005586554244,-0.0190248548776479,-0.022051458287937,-0.022051458287937,1.0115088625240425,-79.5686,-0.1657821818181818,-0.0218005586554244,,-0.153066348022556,-7956.860000000001,-7956.860000000001,-7956.860000000001,-7956.86,-0.1335736817781442,-0.1335732557362639,-0.1335736817781442,-0.1335736817781442,-0.019024304963468,-0.019024304963468,-0.019024304963468,-0.019024304963468,-1.916041506436524,-1.6720377911985844,0.144064705095646,1.1530708805761112,1.2513905840684172,-0.153070880576111,-7.852509559406111,,0.0,0.0,4182.4708,1.0,-1.916041506436524,,-1.6720377911985844,-0.8360188955992922,-0.0,,0.0194926662444117,0.0,0.0,0.9886220843430634,1.0067251874179253,0.0113779156569365,0.0113779156569366,4134.883,0.0115088625240423,0.0,0.0,0.0,0.0115088625240423,0.0,-0.022051458287937,-0.0218005586554244,1.0115088625240425,1.145931937975533,-91.1802,-79.5686,-79.5686,-79.5686,-6.852509559406111,-6.852509559406111,-6.85250955940611,-79.5686,-79.5686,-79.5686,-79.5686,-1.6720377911985846,-1.6720377911985846,-1.6720377911985844,1.137659307256458,0.1424255490319262,595.6907,595.6907,320.8341879435083,0.0,0.0,320.8341879435083,1.1530708805761112,0.0194926662444117,595.6907,29.15866740911013,1.838202275106864,349.99285535261845,87.88955992922557,87.88955992922557,87.88955992922557,76.88651292978453,164.7760728590101,76.88651292978453,413488.3,0.9886220843430634,0.0798867600249592,-6.941325422740358,0.0113779156569365,-0.8634303436141143,11.003046999441034,0.126632555262144,7.896863471876439,1.145931937975533,1.145931937975533,1.145931937975533,,0.1628077324631169,0.0,86.88955992922556,4134.883,550.0,4134.883,0.0113779156569365,0.8688955992922556,0.9886220843430634,0.9886220843430634,0.9886220843430634,7.896863471876437,0.0115088625240423,0.0,0.0,0.0,0.0113779156569365,-0.8634303436141143,0.9886220843430634,0
117,214,6810,1595,2091168.82,0.0,0.0,0.0,0.0,0.0,0.0,0.0,0.0,2091168.82,0.0,0.0,0.0,0.0,0.0,0.0,0.0,0.0,0.0,0.0,0.0,0.0,37868.85,0.0,0.0,0.0,2053299.97,0.0,0.0,0.0,0.0,0.0,0.0,0.0,0.0,0.0,0.0,0.0,0.0,0.0,0.0,0.0,0.0,0.0,0.0,0.0,0.0,0.0,0.0,0.0,0.0,SFJMA,0.0,0.0,0.0,0.0,0.0,0.0181089396694428,0.0,0.0,0.0,0.0,0.0,0.0,0.0,0.0,0.0,0.0,0.0,0.0,0.0,0.0,4902.86,0.0,4347.86,0.0,0.0,SFJMA,0.0,,,0.0,0.0,0.0,2053299.97,49.0286,49.0286,0.0,0.0,43.4786,0.0020791530355736,0.0020791530355736,0.0,0.1148136265030493,0.1148136265030493,55.22134472000074,0.0,43.4786,0.0020791530355736,,43.4786,4902.86,4902.86,4902.86,0.0,49.0286,49.0286,0.0,49.0286,0.0023445548504304,0.0023445548504304,0.0,0.0,43.4786,0.0,0.0,0.0,0.0,0.0,43.4786,,0.0,0.0,41444.6879,1.981891060330557,43.4786,,0.0,0.0,0.0,,0.0,0.0,0.0,0.0181089396694428,0.0181089396694428,0.9818910603305572,0.9818910603305572,378.6885,54.22134472000074,0.0,0.0,0.0,0.0,0.0,0.1294694716105717,0.0023445548504304,55.22134472000074,43.4786,43.4786,49.0286,49.0286,0.0,49.0286,49.0286,0.0,49.0286,49.0286,0.0,0.0,0.0023877952913036,0.0023877952913036,0.0,0.0,0.0,0.0,0.0,0.0,0.0,0.0,0.0,0.0,0.0,0.0,0.0,0.0,0.0,inf,20911.6882,20911.6882,20911.6882,20911.6882,0.0,2091168.82,1.0,0.0,-20911.6882,0.0,0.0,0.0,0.0,20911.6882,0.8868007652676193,0.8868007652676193,43.4786,,0.0,0.0,0.01844292142078,378.6885,0.0,20911.6882,0.9818910603305572,0.0001844292142078,0.0181089396694428,0.0181089396694428,0.0181089396694428,0.0181089396694428,54.22134472000074,0.9818910603305572,0.0,0.0,0.9818910603305572,0.9818910603305572,0.0181089396694428,0
117,216,5223,5873,7200216.86,5165.8,0.0,0.0,405.7,405.7,4760.1,0.0,0.0,7195051.06,0.0,6365615.67,5218.08,0.0,0.0,0.0,5722685.28,0.0,0.0,800849.54,800849.54,28585.85,2308110.13,50000.0,358536.02,1899574.11,4892106.73,0.0,0.0,0.0,0.0,0.0,0.0,0.0,0.0,0.0,0.0,4321163.58,1045064.72,0.0,0.0,0.0,0.0,0.0,2898323.14,0.0,570943.15,0.0,570943.15,0.0,570943.15,SFJIN,0.0,0.0,0.0,0.0,0.0,0.3205611962637469,27856742.63,0.0,0.0,0.0,2153412.81,246758.26,0.0,66463.12,2333707.95,54121.0,0.0,0.0,60.84,0.97,2387768.11,488194.0,1899574.11,25703329.82,65394.75,SFJIN,28157621.89,,,65394.75,25769853.78,4892106.73,0.0,0.0848000629928197,0.0857159841592003,0.0773031089313689,0.0766243614426786,0.0681908195524007,0.2638217913342127,0.2638219004559259,0.299076104493886,0.8229997716790057,0.8229997716790057,3.1195291621548407,5752.299605619917,37.9914822,0.3407068019892945,,0.0681908195524007,2387828.95,2453223.7,2453223.7,2399102.7,0.0880657057641056,0.0871246765647935,0.0861228727229692,0.0857181681905785,0.3407152517347928,0.3407152517347928,0.3331986725744257,0.3241163419625114,0.3882936769043058,0.477035371221347,12.096142432587596,0.9250849649681384,18.48170304114433,0.0749150350318614,40321.54602235372,,0.0097,0.0097,1393.824162762786,1.0,0.5014532583593081,,0.477035371221347,0.2385176856106735,0.0,,2.184031378258816e-06,3.4821013098472244e-08,3.4821013098472244e-08,0.3205611962637469,0.0567394049295342,0.6794388037362531,0.6794388037362531,446.8059409965542,2.1195291621548407,0.0,0.0,0.0,2.1195291621548407,4.057,1.0345122093459207,0.3316246060955447,3.1195278948868657,0.8139725067140471,1958324.824742268,2529096.597938144,2529096.597938144,2473301.75257732,40322.54602235371,40322.54602235371,39432.983234714,2529096.597938144,2529096.597938144,23991.027,23991.027,0.5014656947192154,0.5014656947192154,0.4904027717318424,4.353046361776901,3.868875503563652,68663.40308109441,278567.4263,0.0,83.17857312522402,74.84567922146898,83.17857312522402,0.9250849649681384,2.184031378258816e-06,4.376127003910056,63.92444634938282,51.52767500871297,147.10301947460684,1.4707469515899132,1.4707469515899132,1.3170392396270778,1.4649036919110714,1.6344493367175574,0.1637023851276441,2302944.329999999,0.3198437456507385,0.1756166108499528,-0.0826709842061673,0.6794388037362531,0.5682130510163551,0.0,0.0,0.3617787264244307,0.7743175275862533,0.7743175275862533,0.7917852412070563,,34.78399029860216,0.0007179657179528,0.4718028974809385,446.8059409965542,9.679042936234463,446.8059409965542,0.6799266175047827,657.1384756729448,0.3205611962637469,0.3205611962637469,0.3205611962637469,0.3606778630735014,2.1195291621548407,0.0,0.0,0.0,0.6794388037362531,0.5682130510163551,0.3200733824952175,0
117,214,6820,1787,700336.53,690269.8,0.0,0.0,690269.8,0.0,0.0,0.0,0.0,10066.73,0.0,1858.05,0.0,0.0,0.0,0.0,0.0,0.0,0.0,8208.68,0.0,0.0,150291.8,5000.0,0.0,56402.1,550044.73,0.0,0.0,0.0,0.0,0.0,0.0,0.0,253077.05,0.0,0.0,296967.68,0.0,0.0,0.0,0.0,0.0,0.0,0.0,0.0,0.0,0.0,0.0,0.0,0.0,SFJIN,0.0,0.0,0.0,0.0,0.0,0.2145994012335755,134792.58,0.0,0.0,0.0,56486.1,5000.0,5000.0,0.0,61486.1,0.0,0.0,0.0,0.0,0.0,61486.1,5084.0,56402.1,78306.48,16326.36,SFJIN,139792.58,,,16326.36,78306.48,296967.68,253077.05,0.4398380801041086,0.4561534470220839,0.419059417068803,0.4040708026134148,0.4184362373655879,0.080535710453373,0.080535710453373,0.0806556527902378,0.3752839476272159,0.3752839476272159,4.659845247711453,614.861,11.28042,0.1111072415428622,,0.4184362373655879,61486.1,77812.45999999999,82812.45999999999,77812.45999999999,0.577275544395693,0.5923952473013947,0.577275544395693,0.4561534470220839,0.1111072415428622,0.1182466663562444,0.1111072415428622,0.08779507760362,0.1899267287268432,0.2070464368378404,-0.4698227036194895,0.580940582931197,0.948688204481996,0.419059417068803,778.1245999999999,,0.0,0.0,1.381218735051135,1.3613649140935142,0.2620233285992603,,0.2070464368378404,0.0725917345177976,0.0,,0.0,0.0,0.0,0.2145994012335755,0.1340636907802024,0.7854005987664244,0.7854005987664244,0.217729067677595,3.659845247711452,0.0,0.0,1.6839045776283204,1.975940670083132,2.7275084801249267,0.4091114751436872,0.08779507760362,4.659845247711453,0.9173146450986484,564.021,778.1245999999999,828.1245999999999,778.1245999999999,778.1245999999999,828.1245999999999,778.1245999999999,778.1245999999999,828.1245999999999,778.1245999999999,778.1245999999999,0.1414656949808427,0.1505558647930323,0.1414656949808427,0.1924682980623615,0.1924682980623615,0.1952752097802916,1347.9258,0.0,5.031347051892619,0.0,5.031347051892619,0.580940582931197,0.0,72.54518446758698,804.1481452465707,0.0,809.1794922984633,0.0338984026813961,0.0338984026813961,0.0338984026813961,0.0338984026813961,0.0615400638884339,0.0276416612070377,-286900.95,-0.4096615522825862,2.2031456034152623,2.128462486584944,0.42403568467291,0.4123146339374871,0.0,-0.0,-154.40970372164367,0.7248466376721672,0.6810822912397483,0.7248466376721672,,1347.9258,68.56941628512934,0.2732355966759285,0.217729067677595,0.0072435444807233,0.5843640414226436,54.63986120617122,0.0039848027222478,0.2145994012335755,0.2145994012335755,0.2145994012335755,0.2145994012335755,3.659845247711452,0.3613649140935144,0.0,0.0,0.7854005987664244,0.7736795480310015,-53.63986120617122,0
117,214,6820,1369,210341.42,0.0,0.0,0.0,0.0,0.0,0.0,0.0,0.0,210341.42,0.0,198120.21,0.0,0.0,0.0,0.0,0.0,0.0,0.0,0.0,0.0,0.0,9850.06,5000.0,0.0,0.0,200491.36,0.0,0.0,0.0,0.0,0.0,0.0,0.0,0.0,0.0,0.0,0.0,0.0,0.0,0.0,0.0,0.0,0.0,0.0,0.0,0.0,0.0,0.0,0.0,0.0,SFJMI,0.0,0.0,0.0,0.0,0.0,0.0468289127267468,194330.81,0.0,0.0,0.0,388623.59,21.5,0.0,39.34,388605.75,0.0,0.0,0.0,0.0,0.0,0.0,69.0,0.0,194292.78,0.0,SFJMI,194352.31,,,0.0,194332.12,0.0,200491.36,0.0,0.0,1.9998043027762813,1.999583076733176,0.0,0.0,0.0,1.847584703003336,0.0,0.0,21.35432880611895,3886.0575,0.0,0.0003280381011024,,0.0,0.0,0.0,0.0,388605.75,0.0,0.0,1.9997125005551093,0.0,0.0,0.0,1.847499888514587,1.847499888514587,0.0,3886.0575,0.9238827521464864,1.0000067410823843,19.728896067638168,-6.741082384196679e-06,0.69,,0.0,0.0,4108.3278,1.9531710872732528,0.69,,3886.0575,1.938266816086239,0.0,,0.0,0.0,0.0,0.0468289127267468,0.0468289127267468,0.9531710872732532,0.9531710872732532,98.5006,20.354328806118943,0.0,0.0,0.0,0.0,0.0,0.0,0.0,0.0,0.0,0.0,0.0,0.0,3886.0575,0.0,0.0,3886.0575,0.0,0.0,3886.0575,3886.0575,0.0,0.0,1.938266816086239,0.9238827521464864,0.9238827521464864,1943.3081,1943.3081,0.0,371.09790485615736,0.0,371.09790485615736,1.0000067410823843,0.0,0.9808732284303556,0.0,0.0,371.09790485615736,inf,2103.4142,2103.4142,2103.4142,2103.4142,0.0,210341.42,1.0,0.0,-1.082388428268271,0.0,0.0,0.0,0.0,1.0616858320511573,0.0,0.0,0.0,,1943.3081,0.0,0.0491295984026443,98.5006,50.0,2103.4142,0.9531710872732532,0.0004912959840264,0.0468289127267468,0.0468289127267468,0.0468289127267468,0.0468289127267468,20.354328806118943,0.9531710872732532,0.0,0.0,0.9531710872732532,0.9531710872732532,0.0468289127267468,0
117,215,8542,6331,310000.0,0.0,0.0,0.0,0.0,0.0,0.0,0.0,0.0,310000.0,0.0,0.0,0.0,0.0,0.0,0.0,0.0,0.0,0.0,0.0,0.0,0.0,308157.39,314014.43,0.0,0.0,1842.61,0.0,0.0,0.0,0.0,0.0,0.0,0.0,0.0,0.0,0.0,0.0,0.0,0.0,0.0,0.0,0.0,0.0,0.0,0.0,0.0,0.0,0.0,0.0,0.0,SFJMI,0.0,0.0,0.0,0.0,0.0,0.9940560967741936,0.0,0.0,0.0,0.0,0.0,0.0,0.0,0.0,0.0,0.0,0.0,0.0,0.0,0.0,0.0,0.0,0.0,0.0,0.0,SFJMI,0.0,,,0.0,0.0,0.0,1842.61,0.0,0.0,0.0,0.0,0.0,0.0,0.0,0.0,0.0,0.0,1.0059794444650507,0.0,0.0,0.0,,0.0,0.0,0.0,0.0,0.0,0.0,0.0,0.0,0.0,0.0,0.0,0.0,0.0,0.0,0.0,0.0,0.0,0.0,0.0,0.0,,0.0,0.0,3118.4261,1.0059439032258064,0.0,,0.0,0.0,0.0,,0.0,0.0,0.0,0.9940560967741936,0.9940560967741936,0.0059439032258064,0.0059439032258064,3081.5739000000003,0.0059794444650507,0.0,0.0,0.0,0.0,0.0,0.0,0.0,0.0,0.0,0.0,0.0,0.0,0.0,0.0,0.0,0.0,0.0,0.0,0.0,0.0,0.0,0.0,0.0,0.0,0.0,0.0,0.0,0.0,0.0,0.0,0.0,0.0,0.0,0.0,0.0,0.0,0.0,inf,3100.0,3100.0,3100.0,3100.0,0.0,310000.0,1.0,0.0,-3100.0,0.0,0.0,0.0,0.0,3100.0,0.0,0.0,0.0,,0.0,0.0,167.23961663075747,3081.5739000000003,3140.1443,3100.0,0.0059439032258064,1.6723961663075746,0.9940560967741936,0.9940560967741936,0.9940560967741936,0.9940560967741936,0.0059794444650507,0.0059439032258064,0.0,0.0,0.0059439032258064,0.0059439032258064,0.9940560967741936,0
117,215,4674,7195,14963668.81,607160.58,0.0,0.0,574300.58,574300.58,0.0,32860.0,0.0,14356508.23,4525600.8,4753893.55,0.0,0.0,0.0,0.0,0.0,0.0,0.0,5044169.03,5044169.03,32844.85,13316207.13,146000.0,11707096.25,1463110.88,1647461.68,0.0,0.0,0.0,0.0,0.0,0.0,0.0,0.0,0.0,0.0,1647461.68,0.0,0.0,0.0,0.0,0.0,0.0,0.0,0.0,0.0,0.0,0.0,0.0,0.0,SFJMA,4750533.55,0.0,1455910.54,0.0,0.0,0.8899025565909996,21027297.02,0.0,0.0,0.0,328153.51,1421992.43,0.0,4920.72,1745225.22,64744.96,0.0,64744.96,301.3,51.38,1809668.88,346558.0,1463110.88,20699143.51,114244.07,SFJMA,22514034.41,,,114244.07,20704365.53,1647461.68,0.0,0.0803795911050133,0.0860628390933339,0.0156060719401014,0.0146175455009779,0.0695815005898461,0.0977775503172206,0.0942756150321399,0.0219300169073977,0.1098744459076313,0.1098744459076313,1.1237185381630512,3.038870725152324,10.021307397260273,0.128572275584867,,0.0695815005898461,1809970.18,1924214.25,1924214.25,1859469.29,0.0915102995962721,0.0854673229576893,0.0884312086442387,0.0860771680867234,0.1285924110211578,0.1285924110211578,0.1242656004760907,0.1166308371402668,0.8881000983282354,1.0593419204748968,1.654514124035528,0.9846422728659396,2.5419729413480336,0.0153577271340602,6385.373216063724,,0.5138,0.5138,24.645323334396977,1.0,1.1678043704178904,,1.0593419204748968,0.5296709602374484,0.0,,1.432899338956501e-05,2.4434904757910727e-06,2.4434904757910727e-06,0.8899025565909996,0.7921250062737789,0.1100974434090004,0.1100974434090004,21.931936243291688,0.1237185381630512,0.0,0.0,0.0,0.1237185381630512,5743.0058,0.1358997244735708,0.1209409458989489,1.1236866345259162,0.8383507545232471,28477.272479564028,37450.647138964574,37450.647138964574,36190.5272479564,6386.373216063724,6386.373216063724,6171.487852638566,37450.647138964574,37450.647138964574,18594.6929,18594.6929,1.1679872578280546,1.1679872578280546,1.1286874302290295,2.1197940910685715,1.405223363801514,36.61374853565358,210272.9702,78.34191382911278,82.29385120465663,82.23568681011574,160.63576503376942,0.9846422728659396,1.432899338956501e-05,4.4231737204128185,28.518931888850062,25.203022340719286,189.15469692261948,8.714319977384847,8.714319977384847,8.714319977384847,5.9473690337974965,11.776102288461122,3.0617823110762736,12709046.55,0.8493269071490497,0.0783487139803573,-0.6044070494610819,0.1100974434090004,-0.2269969613153981,2.747014303847116,0.3560928652039597,1.369583952599745,0.7603679683798205,0.7603679683798205,0.7868432610683234,,4.168634495581128,0.0422916610552453,8.08286304419536,21.931936243291688,0.2404635689622669,21.931936243291688,0.1147536471687029,191.1219101476475,0.8899025565909996,0.8899025565909996,0.8899025565909996,1.3424272821547458,0.1237185381630512,0.0,0.0,0.0,0.1100974434090004,-0.2269969613153981,0.885246352831297,0
117,227,4511,1609,2137013.91,0.0,0.0,0.0,0.0,0.0,0.0,0.0,0.0,2137013.91,1435660.53,80060.0,0.0,0.0,0.0,0.0,0.0,0.0,0.0,561293.38,561293.38,60000.0,74815.47,50000.0,521.15,24294.32,2062198.44,0.0,0.0,0.0,0.0,0.0,0.0,0.0,0.0,0.0,0.0,2062198.44,0.0,0.0,0.0,0.0,1440195.0,0.0,233700.0,0.0,0.0,0.0,0.0,0.0,0.0,SFJIN,0.0,0.0,0.0,0.0,0.0,0.0350093509686139,9462194.84,0.0,0.0,0.0,29992.62,0.0,0.0,0.0,29992.62,1.56,0.0,0.0,1.86,0.0,29992.32,5698.0,24294.32,9432202.22,0.0,SFJIN,9462196.4,,,0.0,9432204.08,2062198.44,0.0,0.0031696995847602,0.0031697001073378,0.0031697318124554,0.0031697318124554,0.0025675142407023,0.0113683490249251,0.0113683490249251,0.0140348267550584,0.3247232156664925,0.3247232156664925,28.56379716654858,299.9262,0.4858864,0.0140346863722566,,0.0025675142407023,29994.18,29994.18,29994.18,29992.62,0.0031698966790669,0.0031698961564568,0.0031697318124554,0.0031698966790669,0.0140355567456273,0.0140355567456273,0.0140348267550584,0.0140348267550584,0.0117807867219606,0.0145440028555156,126.47377394006848,0.9968304647592736,-19.45041007103488,0.0031695352407264,16124.90322580645,,0.0,0.0,21370.1391,1.0,0.0145438573797,,0.0145440028555156,0.0072720014277578,48.0187928109596,,1.965717290175775e-07,0.0,0.0,0.0350093509686139,0.0236410019436888,0.964990649031386,0.964990649031386,748.1547,27.56379716654857,19.249962608000725,0.0,0.0,27.56379716654857,0.0,0.4008839348332637,0.0140346863722566,28.56379716654858,0.8100099291092275,242.9432,299.9418,299.9418,299.9262,16125.90322580645,16125.90322580645,16125.06451612903,299.9418,299.9418,0.0208253882286773,0.0208253882286773,0.0145447593297568,0.0145447593297568,0.0145440028555156,6.004995593983915,4.427764740193011,94621.9484,94621.9484,55.37997286156073,3.088279251709004,0.0,58.468252113269735,0.9968304647592736,1.965717290175775e-07,118.18879390457155,79.54839689181458,9.014874608098854,138.0166490050843,1.03627947172727,1.03627947172727,1.03627947172727,0.3110046868234466,1.308461512559383,0.2721820408321131,74815.4700000002,0.035009350968614,0.2179408134022317,-0.0079067775780444,0.964990649031386,0.7023375247941179,0.6961796217826641,19.18935388630181,0.0493596731846075,0.8099678004199481,0.8099678004199481,0.8100099291092275,,16.857841508838035,0.0,0.0362794717272698,748.1547,500.0,748.1547,0.964990649031386,0.0003627947172726,0.0350093509686139,0.0350093509686139,0.0350093509686139,0.0474801645187678,27.56379716654857,0.0,0.6739286970761926,0.6739286970761926,0.964990649031386,0.7023375247941179,0.0350093509686139,0
117,214,6810,1604,117515.01,0.0,0.0,0.0,0.0,0.0,0.0,0.0,0.0,117515.01,0.0,4767.0,0.0,0.0,0.0,0.0,4767.0,0.0,0.0,112748.01,112748.01,0.0,47119.74,5000.0,22972.9,19146.84,70395.27,0.0,0.0,0.0,0.0,0.0,0.0,0.0,0.0,0.0,0.0,70395.27,0.0,0.0,0.0,0.0,0.0,0.0,8500.68,0.0,0.0,0.0,0.0,0.0,0.0,SFJIN,0.0,0.0,0.0,0.0,0.0,0.4009678423207384,449324.14,0.0,0.0,0.0,20160.54,2417.82,0.0,0.0,22578.36,0.0,0.0,0.0,1946.52,1946.52,20631.84,1485.0,19146.84,429163.6,0.0,SFJIN,451741.96,,,0.0,431110.12,70395.27,0.0,0.0456717370243844,0.0459174973327718,0.0448685886318059,0.0446284423080822,0.0426125335709761,0.1629310162165667,0.176347865689668,0.1715571483166278,0.4063443474008982,0.4063443474008982,2.493965586397548,225.7836,3.829368,0.1755676998197932,,0.0426125335709761,22578.36,22578.36,22578.36,22578.36,0.0502496037715667,0.0499806570990217,0.0502496037715667,0.0502496037715667,0.1921317115149801,0.1921317115149801,0.1921317115149801,0.1921317115149801,0.2719904334481564,0.3207368904189159,9.535794127896294,0.9594635178069888,-6.846502886637117,0.040536482193011,10.599346526108132,,19.4652,19.4652,1175.1501,1.0000000000000002,0.2930856007797114,,0.3207368904189159,0.1603684452094579,0.0,,0.0043321064387949,0.0043321064387949,0.0043321064387949,0.4009678423207384,0.2380368261041717,0.5990321576792617,0.5990321576792615,471.1974,1.4939655863975485,0.0,0.0,0.0,1.4939655863975485,0.0,0.4378598014335393,0.1921317115149801,2.278956440771623,0.8480173050655583,10.836446581591764,11.599346526108132,11.599346526108132,11.599346526108132,11.599346526108132,11.599346526108132,11.599346526108132,11.599346526108132,11.599346526108132,225.7836,225.7836,0.3207368904189159,0.3207368904189159,0.3207368904189159,94.25721418082652,3.823546796277344,4493.2414,4493.2414,0.0,3.872382641181931,3.872382641181931,3.872382641181931,0.9594635178069888,0.0043321064387949,94.25721418082652,57.18427135920185,6.905367247795768,61.05665400038378,1.6693594612251643,1.6693594612251643,1.6693594612251643,1.6693594612251643,3.271001304491054,1.6016418432658897,47119.73999999999,0.4009678423207383,0.156669236600553,-0.1048680358015039,0.5990321576792617,-0.360402811521694,0.0,0.0,9.884568911264944,0.8480173050655583,0.8480173050655583,0.8480173050655583,,3.9852068342492255,0.0,0.6693594612251647,471.1974,50.0,471.1974,0.5990321576792617,0.0066935946122516,0.4009678423207384,0.4009678423207384,0.4009678423207384,9.884568911264946,1.4939655863975485,0.0,0.0,0.0,0.5990321576792617,-0.360402811521694,0.4009678423207384,0
117,214,8621,3154,205339.77,88712.49,0.0,0.0,51343.86,51343.86,0.0,0.0,37368.63,116627.28,2952.4,47634.06,0.0,0.0,0.0,0.0,3874.24,0.0,42062.0,55408.07,55408.07,10632.75,5870.58,180100.0,125000.0,-2844.77,199469.19,0.0,0.0,0.0,0.0,0.0,0.0,0.0,151159.69,151159.69,0.0,48309.5,0.0,0.0,0.0,0.0,0.0,0.0,45023.22,0.0,0.0,0.0,0.0,0.0,0.0,SFJIN,0.0,0.0,0.0,0.0,0.0,0.028589590803574,776171.0,0.0,0.0,0.0,31755.4,5785.93,0.0,30500.22,7041.11,969.34,0.0,969.34,10855.22,10855.22,-2844.77,0.0,-2844.77,744415.6,39161.64,SFJIN,782926.27,,,39161.64,785771.04,48309.5,151159.69,-0.0036335094491081,-0.0036651330699034,0.0409128916179553,0.0406101650636947,-0.0036651330699034,-0.0138539650648288,0.0251426832707565,0.1546480742624773,-0.4845807398928215,-0.4845807398928215,34.9777653996709,0.1371363586609966,-0.0157955024986118,0.1768623292019855,,-0.0036651330699034,8010.449999999999,47172.09,47172.09,46202.75,0.0607753832596167,0.0602509991138756,0.0595265089780473,0.0103204706179437,0.2297270032005977,0.2297270032005977,0.2250063394928318,0.0342900452260173,-0.0588863474057897,0.1457500077624483,11.361185916755492,1.0123684600429546,-15.66835542131828,-0.0123684600429545,3.345567386013365,,0.0718129284334996,0.0718129284334996,4.018593774112303,1.7361442452185467,0.7517542098345047,,0.1457500077624483,0.0284169312542575,4.162244433509826,,0.0139856036878471,0.0139856036878471,0.0139856036878471,0.028589590803574,0.0424435558684028,0.971410409196426,0.971410409196426,0.0661753491532026,33.9777653996709,25.74868070957213,25.74868070957213,25.74868070957213,8.229084690098764,0.3396663488791224,-0.4845807398928215,0.0390107089337832,-12.421736316439375,-0.404022945245849,0.737935297488213,4.345567386013365,4.345567386013365,4.256270255232045,4.345567386013365,4.345567386013365,4.256270255232045,4.345567386013365,4.345567386013365,0.3056552312326123,0.3056552312326123,0.2364881012451095,0.2364881012451095,0.2316285036300593,5.176830516828663,3.779935080281818,15.11711429565288,7761.71,1.3845835518204108,22.338889033473293,1.8168977712385543,23.723472585293703,1.0123684600429546,0.0139856036878471,16.294454010428673,22.65564933500479,21.114486472697383,46.379121920298495,1.5434910317846386,2.414168641778532,2.414168641778532,2.13295790682992,3.561108063631377,1.1469394218528446,68317.78,0.3327060315690429,0.0622407948763867,-0.0880189803535561,0.2352661639778792,-0.0345698741164461,0.0611142735900806,0.0432156899711905,1.3505151378451865,-0.0603062107275721,-0.0603062107275721,-0.0615714432582476,,14.008266304890244,0.7606495667222969,0.0294310113757417,0.0661753491532026,2.030153814868684,1.7701032853434728,1.7103133160612165,0.0386919452311824,0.028589590803574,0.028589590803574,0.028589590803574,0.0391550285896845,33.9777653996709,0.7361442452185468,0.7361442452185468,0.7361442452185468,0.971410409196426,0.7015743711021007,-0.7103133160612166,1
117,214,7739,2271,496605.81,475926.39,0.0,0.0,0.0,0.0,0.0,0.0,0.0,20679.42,0.0,0.0,0.0,0.0,0.0,0.0,0.0,0.0,0.0,0.0,0.0,0.0,20679.42,20679.42,0.0,0.0,475926.39,0.0,0.0,0.0,0.0,0.0,0.0,0.0,0.0,0.0,0.0,0.0,0.0,0.0,0.0,0.0,0.0,0.0,0.0,0.0,0.0,0.0,0.0,0.0,0.0,SFJMI,0.0,0.0,0.0,0.0,0.0,0.0416415184510225,128441.35,0.0,0.0,0.0,251268.58,0.0,0.0,0.0,251268.58,0.0,0.0,0.0,0.0,0.0,0.0,0.0,0.0,122827.23,5949.08,SFJMI,128441.35,,,5949.08,122827.23,0.0,475926.39,0.0,0.0,1.9562904002488293,1.9562904002488293,0.0,0.0,0.0,0.5059718894549381,0.0,0.0,24.014494120241284,2512.6858,0.0,0.0119794812710709,,0.0,0.0,5949.08,5949.08,257217.66,0.0463174826486953,0.0463174826486953,2.0026078828975247,0.0,0.0119794812710709,0.0119794812710709,0.517951370726009,0.5059718894549381,0.0,2512.6858,6.211071200256101,0.9562904002488296,6.211071200256101,0.0437095997511705,59.4908,,0.0,0.0,2.043450879031944,1.9583584815489767,59.4908,,2512.6858,0.527956812817209,0.0,,0.0,0.0,0.0,0.0416415184510225,0.0416415184510225,0.9583584815489776,0.9583584815489776,0.0434508790319444,23.014494120241284,0.0,0.0,0.0,0.0,0.0,0.0,0.0,0.0,0.0,0.0,59.4908,59.4908,2572.1766,59.4908,59.4908,2572.1766,59.4908,59.4908,2572.1766,2572.1766,0.0125000002626456,0.0125000002626456,0.5404568130798546,0.2586384359860792,0.2586384359860792,1284.4135,1284.4135,0.0,0.0,0.0,0.0,0.9562904002488296,0.0,1284.4135,0.0,0.0,0.0,inf,206.7942,206.7942,206.7942,206.7942,0.0,20679.42,0.0416415184510225,0.0,-0.161002823467676,0.0,0.0,0.0,0.0,206.7942,0.0,0.0,0.0,,1284.4135,23.014494120241284,0.0434508790319444,0.0434508790319444,0.0434508790319444,1.0434508790319443,23.014494120241284,0.0018879788886486,0.0416415184510225,0.0416415184510225,0.0416415184510225,0.0416415184510225,23.014494120241284,0.9583584815489776,0.0,0.0,0.9583584815489776,0.9583584815489776,-22.014494120241288,0
117,214,8621,7760,806586.29,155105.25,0.0,0.0,155105.25,155105.25,0.0,0.0,0.0,651481.04,0.0,259795.1,0.0,0.0,0.0,0.0,0.0,0.0,0.0,391685.94,391685.94,0.0,705841.55,50400.0,262647.12,392794.43,100744.74,0.0,0.0,0.0,0.0,0.0,0.0,0.0,0.0,0.0,0.0,100744.74,0.0,0.0,0.0,0.0,39039.95,0.0,0.0,0.0,0.0,0.0,0.0,0.0,0.0,SFJMA,259201.7,0.0,39652.04,0.0,0.0,0.8750973810873973,2631294.69,0.0,0.0,0.0,367002.51,62068.7,0.0,65.29,429005.92,0.0,0.0,0.0,3211.49,3154.79,425794.43,33000.0,392794.43,2264292.18,62039.88,SFJMA,2693363.39,,,62039.88,2267568.96,100744.74,0.0,0.1580902271044829,0.1618193627715639,0.1394760196928,0.1362617875339873,0.1492780080820214,0.4869837671056868,0.4901519091032404,0.4550071263918954,0.55649094332857,0.55649094332857,1.1427299653867076,2.765901992356804,7.793540277777778,0.604813540780615,,0.1492780080820214,429005.92,491045.8,491045.8,491045.8000000001,0.1866175620184906,0.1823169505545258,0.1866175620184906,0.1630398608070767,0.6087951234579005,0.6087951234579005,0.6087951234579007,0.5318785173003623,3.898907575720578,4.258345597000896,4.77777602456929,0.8617692912229454,8.375768588057364,0.1382307087770545,151.90279589847705,,0.0808092735774508,0.0808092735774508,5.200251377693534,1.0,4.84228069872432,,4.258345597000896,2.129172798500448,0.0800270690267767,,0.0012204980355127,0.0011989497079097,0.0011989497079097,0.8750973810873973,0.3881136139817105,0.1249026189126026,0.1249026189126026,4.550726361615742,0.1427299653867075,0.0553097929698244,0.0,0.0,0.1427299653867075,1551.0525,0.6032436458295775,0.5318082210398096,1.134325536845021,0.91559209719064,125.5073142744842,155.65086741114305,155.65086741114305,155.65086741114308,152.90279589847702,152.90279589847702,152.90279589847705,155.65086741114305,155.65086741114305,12.57803352719458,12.57803352719458,4.874158194264037,4.874158194264037,4.874158194264038,6.341991974699466,3.2622606193814674,16.964575280333836,26312.9469,0.0,36.03747305855735,35.95515958723726,36.03747305855735,0.8617692912229454,0.0012204980355127,10.128346108144456,13.974804965687824,5.500332081770742,50.01227802424517,6.466650665831288,6.466650665831288,6.466650665831288,6.466650665831288,10.354555284970708,3.887904619139421,550736.3,0.6827989848426509,0.0382871368922954,-0.2093024023850403,0.1249026189126026,-0.360706850100316,0.0,0.0,2.1198871726218087,0.7999140406047665,0.7999140406047665,0.7999140406047663,,6.717868632200584,0.2380809885119603,7.006237248713928,4.550726361615742,0.3249406451425725,4.550726361615742,0.1546395578910477,29.42795765635844,0.8750973810873973,0.8750973810873973,0.8750973810873973,1.7012315125788635,0.1427299653867075,0.0,0.0484014549763795,0.0484014549763795,0.1249026189126026,-0.360706850100316,0.8453604421089522,0
117,214,8622,4290,0.0,0.0,0.0,0.0,0.0,0.0,0.0,0.0,0.0,0.0,0.0,0.0,0.0,0.0,0.0,0.0,0.0,0.0,0.0,0.0,0.0,0.0,0.0,0.0,0.0,0.0,0.0,0.0,0.0,0.0,0.0,0.0,0.0,0.0,0.0,0.0,0.0,0.0,0.0,0.0,0.0,0.0,0.0,0.0,0.0,0.0,0.0,0.0,0.0,0.0,0.0,SFJMA,0.0,0.0,0.0,0.0,0.0,,0.0,0.0,0.0,0.0,0.0,0.0,0.0,0.0,0.0,0.0,0.0,0.0,0.0,0.0,0.0,0.0,0.0,0.0,0.0,SFJMA,0.0,,,0.0,0.0,0.0,0.0,0.0,0.0,0.0,0.0,0.0,0.0,0.0,0.0,0.0,0.0,0.0,0.0,0.0,0.0,,0.0,0.0,0.0,0.0,0.0,0.0,0.0,0.0,0.0,0.0,0.0,0.0,0.0,0.0,0.0,0.0,0.0,0.0,0.0,0.0,,0.0,0.0,0.0,0.0,0.0,,0.0,0.0,0.0,,0.0,0.0,0.0,0.0,0.0,0.0,0.0,0.0,0.0,0.0,0.0,0.0,0.0,0.0,0.0,0.0,0.0,0.0,0.0,0.0,0.0,0.0,0.0,0.0,0.0,0.0,0.0,0.0,0.0,0.0,0.0,0.0,0.0,0.0,0.0,0.0,0.0,0.0,0.0,0.0,0.0,0.0,0.0,0.0,0.0,0.0,,0.0,0.0,0.0,0.0,0.0,0.0,0.0,0.0,0.0,0.0,0.0,0.0,0.0,0.0,0.0,0.0,0.0,,0.0,0.0,0.0,0.0,0.0,0.0,0.0,0.0,0.0,0.0,0.0,,0.0,0.0,0.0,0.0,0.0,0.0,0.0,1
117,214,4941,3979,687963.48,494.28,0.0,0.0,494.28,494.28,0.0,0.0,0.0,687469.2,0.0,243143.67,0.0,0.0,0.0,0.0,212103.26,0.0,0.0,420003.73,420003.73,24321.8,548928.68,10000.0,359145.57,179783.11,139034.8,0.0,0.0,0.0,0.0,0.0,0.0,0.0,0.0,0.0,0.0,125124.02,0.0,0.0,0.0,0.0,54000.0,0.0,46687.11,0.0,13910.78,0.0,13910.78,0.0,13910.78,SFJIN,0.0,0.0,0.0,0.0,0.0,0.7979038073358197,1596345.45,0.0,0.0,0.0,154431.44,48239.02,0.0,805.47,201864.99,39.09,0.0,2.81,636.97,307.15,201267.11,21484.0,179783.11,1441914.01,11950.84,SFJIN,1644623.56,,,11950.84,1443356.45,139034.80000000002,-2.9103830456733704e-11,0.1223788317856762,0.1260799221120967,0.0967406146332549,0.0939030149056436,0.1126216822304971,0.2613265314606525,0.2616848577485537,0.2244762178364468,0.3275163360019738,0.3275163360019738,1.2532839056614784,408.4021000242777,17.978310999999998,0.3099262623649731,,0.1126216822304971,201904.08,213854.92,213854.92,213815.83,0.1339653143371943,0.1300327474330964,0.1339408271561772,0.1264789397558028,0.3108521400002221,0.3108521400002221,0.3107953201236786,0.2934239910525483,1.2930799339445949,1.4519026171864884,2.910731803110819,0.9041629742484624,12.381974551861369,0.0958370257515376,334.73782124746845,,0.0056879629629629,0.0056879629629629,1391.849720806021,1.0,1.5335581451550255,,1.4519026171864884,0.7259513085932443,0.2532619791157358,,0.0003990176437061,0.000192408228432,0.000192408228432,0.7979038073358197,0.5365772758751672,0.2020961926641803,0.2020961926641802,1110.5621914704218,0.2532839056614786,0.0983734353249679,0.0,0.0,0.2532839056614787,-16983331480535.04,0.3666543894190406,0.2930013959461918,1.251374206716663,0.8906106502172566,586.3267458896305,696.2556405664984,696.2556405664984,696.1283737587498,335.73782124746845,335.73782124746845,335.6764525801843,696.2556405664984,696.2556405664984,3.9595524074074073,3.9595524074074073,1.5381395161499136,1.5381395161499136,1.537858363517623,5.957407595730329,2.320392719101892,3229.637958242292,15963.4545,0.0,55.59413192802348,48.49682748806031,55.59413192802348,0.9041629742484624,0.0003990176437061,6.5654411237602845,31.78992491882005,10.674879394055967,87.38405684684352,4.944583658192049,4.944583658192049,4.494861505641418,4.769650475995936,7.965436926582408,3.0208532683903595,548434.3999999999,0.7971853389659578,0.087095684709096,-0.3435562146025473,0.2020961926641804,-0.4084067514746566,0.0,0.0,2.2555980996749776,0.84067792314528,0.84067792314528,0.840831616630069,,3.8007887453761424,0.0007189849377979,3.9481387393659726,1110.5621914704218,20.23144776240188,1110.5621914704218,0.2022414967826922,5491.267663350598,0.7979038073358197,0.7979038073358197,0.7979038073358197,2.048549007826735,0.2532839056614786,-4.2304324724814904e-17,0.0784925385864959,0.0784925385864959,0.2020961926641803,-0.4084067514746567,0.7977585032173079,0
117,214,9329,4245,651128.34,0.0,0.0,0.0,0.0,0.0,0.0,0.0,0.0,651128.34,0.0,262389.0,0.0,0.0,0.0,0.0,262389.0,0.0,0.0,139420.69,139420.69,249318.65,132683.33,50000.0,149573.71,-66890.38,518445.01,0.0,0.0,0.0,0.0,0.0,0.0,0.0,0.0,0.0,0.0,457945.01,0.0,0.0,0.0,0.0,0.0,0.0,452512.84,0.0,60500.0,0.0,60500.0,0.0,60500.0,SFJIN,0.0,0.0,0.0,0.0,0.0,0.2037744663363907,2830412.2,0.0,0.0,0.0,-109766.0,50953.15,0.0,913.87,-59726.72,1884.89,0.0,0.54,9048.55,1548.55,-66890.38,0.0,-66890.38,2940178.2,1564.74,SFJIN,2883250.24,,,1564.74,2950140.62,518445.01,0.0,-0.0231996443014256,-0.0236327344829844,-0.0387809238527165,-0.0380951343084624,-0.0236327344829844,-0.1027299472174717,-0.1008042314668718,-0.1685781331526746,-0.5041355232793752,-0.5041355232793752,4.907386180313684,-597.2672,-1.3378076,-0.1003268265055088,,-0.0236327344829844,-57841.83,-56277.09,-56277.09,-58161.98,-0.0198830014935633,-0.0195186283934897,-0.0205489433659168,-0.0204358326324342,-0.0864301037795406,-0.0864301037795406,-0.0893249094333691,-0.091728030145332,-0.1290211665842825,-0.1152035777140568,21.33208595231972,1.0423007009367753,-420.1070152107048,-0.0423007009367751,-7.219459471407022,,15.4855,15.4855,6511.283399999999,1.0,-0.1260030258561076,,-0.1152035777140568,-0.0576017888570284,-0.0,,0.0031969018505502,0.0005471111239557,0.0005471111239557,0.2037744663363907,0.3065044135538625,0.7962255336636093,0.7962255336636093,1326.8332999999998,3.907386180313684,0.0,0.0,0.0,3.907386180313684,0.0,-0.5041355232793752,-0.100351691035288,5.023687374656187,1.1199406228903914,-42.19549255755384,-36.34179716508993,-36.34179716508993,-37.55899389751704,-6.2194594714070215,-6.2194594714070215,-6.4277679849257625,-36.34179716508993,-36.34179716508993,-581.6198,-581.6198,-0.1085497765712896,-0.1085497765712896,-0.112185436985882,5.531307182919779,4.346934430775967,28304.122000000003,28304.122000000003,0.0,33.7440589042119,33.7440589042119,33.7440589042119,1.0423007009367753,0.0031969018505502,10.787084062212974,66.67367517706431,58.194588675105344,100.4177340812762,1.2559255609384683,1.2559255609384683,1.124680805176989,0.7750285608882607,1.524846444177368,0.2689208832388993,132683.32999999996,0.2037744663363907,0.1831694372996272,-0.0468777409876907,0.7962255336636093,0.5821038598934275,0.0,0.0,0.5056741326808668,1.1885898862219066,1.1885898862219066,1.1500705443659245,,20.301235060592514,0.0,0.2559255609384686,1326.8332999999998,500.0,1326.8332999999998,0.7962255336636093,0.0025592556093846,0.2037744663363907,0.2037744663363907,0.2037744663363907,0.2592951854442668,3.907386180313684,0.0,0.0,0.0,0.7962255336636093,0.5821038598934275,0.2037744663363907,0
117,214,4677,2338,50000.0,0.0,0.0,0.0,0.0,0.0,0.0,0.0,0.0,0.0,0.0,0.0,0.0,0.0,0.0,0.0,0.0,0.0,0.0,0.0,0.0,0.0,0.0,0.0,0.0,0.0,0.0,0.0,0.0,0.0,0.0,0.0,0.0,0.0,0.0,0.0,0.0,0.0,0.0,0.0,0.0,0.0,0.0,0.0,0.0,0.0,0.0,0.0,0.0,0.0,0.0,SFJIN,0.0,0.0,0.0,0.0,0.0,0.0,0.0,0.0,0.0,0.0,0.0,0.0,0.0,0.0,0.0,0.0,0.0,0.0,0.0,0.0,0.0,0.0,0.0,0.0,0.0,SFJIN,0.0,,,0.0,0.0,0.0,0.0,0.0,0.0,0.0,0.0,0.0,0.0,0.0,0.0,0.0,0.0,500.0,0.0,0.0,0.0,,0.0,0.0,0.0,0.0,0.0,0.0,0.0,0.0,0.0,0.0,0.0,0.0,0.0,0.0,0.0,0.0,0.0,0.0,0.0,0.0,,0.0,0.0,0.0,0.0,0.0,,0.0,0.0,0.0,,0.0,0.0,0.0,0.0,0.0,0.0,1.0,0.0,0.0,0.0,0.0,0.0,0.0,0.0,0.0,0.0,0.0,0.0,0.0,0.0,0.0,0.0,0.0,0.0,0.0,0.0,0.0,0.0,0.0,0.0,0.0,0.0,0.0,0.0,0.0,0.0,0.0,0.0,0.0,0.0,0.0,0.0,0.0,0.0,0.0,0.0,,0.0,0.0,0.0,0.0,0.0,0.0,0.0,0.0,0.0,0.0,0.0,0.0,0.0,0.0,0.0,0.0,0.0,,0.0,0.0,0.0,0.0,0.0,0.0,0.0,0.0,0.0,0.0,0.0,0.0,0.0,0.0,0.0,0.0,0.0,0.0,0.0,0
117,214,5621,1424,436759.97,382235.3,192744.0,96000.0,189491.3,189491.3,0.0,0.0,0.0,54524.67,599.67,9528.5,0.0,0.0,0.0,0.0,1166.0,0.0,0.0,44373.03,44373.03,23.47,31247.02,30640.45,0.0,0.0,405512.95,0.0,0.0,0.0,0.0,0.0,0.0,0.0,377997.94,377997.94,0.0,13114.97,0.0,0.0,0.0,0.0,0.0,0.0,3950.17,0.0,14400.04,0.0,14400.04,14400.04,0.0,SFJIN,0.0,0.0,0.0,0.0,0.0,0.0715427743984871,515640.59,0.0,0.0,0.0,25516.54,1889.95,0.0,5.3,27401.19,1.37,0.0,1.37,20935.07,20935.07,0.0,1427.0,0.0,490124.05,51706.73,SFJIN,517531.91,,,51706.73,511064.42,13114.97,392397.98,0.0,0.0,0.0494851268399952,0.049304413996515,0.0,0.0,0.0388229191425212,0.0584223412232581,0.0,0.0,13.977651948889845,0.1446039475163239,0.0,0.1216543036212774,,0.0,20935.07,72641.8,72641.8,79107.92,0.1408768072350549,0.1403619730423965,0.153416782026411,0.0406001203279982,0.1663197293469912,0.1663197293469912,0.1811244743880717,0.1851231998817425,0.0,2.08930634229434,12.45216917775304,0.9911252719651104,-39.28387910720776,0.0088747280348896,2.5380249504778347,,0.0553840848973938,0.0553840848973938,2.16923436951009,1.8984293592656856,4.051380216653183,,2.08930634229434,0.0654547599214118,7.114086287561592,,0.0406001203279982,0.0406001203279982,0.0406001203279982,0.0715427743984871,0.0715427743984871,0.928457225601513,0.9284572256015128,0.0817481273969201,12.977651948889848,12.097087658279094,12.097087658279094,12.097087658279094,0.4197190644099821,0.4829059007898052,0.0,0.0479326665399303,0.0,0.0,1.0,3.469861815604152,3.469861815604152,3.778727274377396,3.469861815604152,3.469861815604152,3.778727274377396,3.469861815604152,3.469861815604152,0.2092813521682155,0.2092813521682155,0.1791355861754846,0.1791355861754846,0.1950811188643913,4.975163672508713,1.1806040512366551,2.721183452749546,2.6752614348565973,0.4233178772834775,6.726340143238141,0.8231004467666131,7.149658020521619,0.9911252719651104,0.0406001203279982,54.115610012069055,9.258094053456883,2.78849630514929,16.407752073978504,4.157437645682758,4.157437645682758,1.981633661045371,4.109924002876102,7.540825484160467,3.383387838477709,41409.7,0.0948111155882715,0.0254343243226837,-0.0803072931089462,0.0300278663358274,-0.0715680514402453,0.0457240847672545,0.014481389626102,4.0885668388267575,0.0,0.0,0.0,,11.620585522331922,7.010318448511472,0.077055541629435,0.0817481273969201,0.0801612252976111,1.1083356246793534,7.437238042889577,0.0109917320012468,0.0715427743984871,0.0715427743984871,-1.739656741093546,-2.484462328065955,12.977651948889848,2.651051639900749,0.865459213214984,2.5537645701338856,2.739656741093546,2.4398713192907504,-6.437238042889576,1
117,214,3312,1391,8456.94,0.0,0.0,0.0,0.0,0.0,0.0,0.0,0.0,8456.94,0.0,0.0,0.0,0.0,0.0,0.0,0.0,0.0,0.0,0.0,0.0,0.0,8456.94,10000.0,0.0,0.0,0.0,0.0,0.0,0.0,0.0,0.0,0.0,0.0,0.0,0.0,0.0,0.0,0.0,0.0,0.0,0.0,0.0,0.0,0.0,0.0,0.0,0.0,0.0,0.0,0.0,SFJMI,0.0,0.0,0.0,0.0,0.0,1.0,0.0,0.0,0.0,0.0,0.0,0.0,0.0,0.0,0.0,0.0,0.0,0.0,0.0,0.0,0.0,0.0,0.0,0.0,0.0,SFJMI,0.0,,,0.0,0.0,0.0,0.0,0.0,0.0,0.0,0.0,0.0,0.0,0.0,0.0,0.0,0.0,1.0,0.0,0.0,0.0,,0.0,0.0,0.0,0.0,0.0,0.0,0.0,0.0,0.0,0.0,0.0,0.0,0.0,0.0,0.0,0.0,0.0,0.0,0.0,0.0,,0.0,0.0,84.5694,1.0,0.0,,0.0,0.0,0.0,,0.0,0.0,0.0,1.0,1.0,0.0,0.0,84.5694,0.0,0.0,0.0,0.0,0.0,0.0,0.0,0.0,0.0,0.0,0.0,0.0,0.0,0.0,0.0,0.0,0.0,0.0,0.0,0.0,0.0,0.0,0.0,0.0,0.0,0.0,0.0,0.0,0.0,0.0,0.0,0.0,0.0,0.0,0.0,0.0,0.0,0.0,inf,84.5694,84.5694,84.5694,84.5694,0.0,8456.94,1.0,0.0,-84.5694,0.0,0.0,0.0,0.0,84.5694,0.0,0.0,0.0,,0.0,0.0,84.5694,84.5694,100.0,84.5694,0.0,0.8456940000000001,1.0,1.0,1.0,1.0,0.0,0.0,0.0,0.0,0.0,0.0,1.0,0
117,214,6201,1293,561350.0,16260.45,0.0,0.0,0.0,0.0,0.0,0.0,0.0,545089.55,0.0,139890.72,0.0,0.0,0.0,0.0,0.0,0.0,0.0,0.0,0.0,0.0,446553.97,50000.0,0.0,0.0,114796.03,0.0,0.0,0.0,0.0,0.0,0.0,0.0,0.0,72000.0,0.0,0.0,0.0,0.0,0.0,0.0,0.0,0.0,0.0,0.0,0.0,0.0,0.0,0.0,0.0,SFJMI,0.0,0.0,0.0,0.0,72000.0,0.7955000801638906,564867.45,0.0,0.0,0.0,1178941.41,75593.3,0.0,1197.2,1253337.51,0.0,0.0,0.0,0.0,0.0,0.0,1573.0,0.0,614073.96,3684.12,SFJMI,640460.75,,,3684.12,615271.1599999999,0.0,114796.03,0.0,0.0,2.0871116046782303,1.840770742000973,0.0,0.0,0.0,2.1001895608800214,0.0,0.0,1.2570708978357086,12533.3751,0.0,0.0093651376146788,,0.0,0.0,3684.12,3684.12,1257021.63,0.0065220964670561,0.0057522962960649,2.2253391127422906,0.0,0.0065629642825331,0.0065629642825331,2.2392832101184648,2.232720245835931,0.0,12533.3751,1.036283762915653,1.0892310399545946,1.26494777327811,-0.0892310399545946,52.5712,,0.0,0.0,41.582245878804095,1.2044999198361095,52.5712,,12533.3751,10.917951692231863,13.69571172048574,,0.0,0.0,0.0,0.7955000801638906,0.7955000801638906,0.2044999198361093,0.2044999198361094,27.46258375383215,0.2570708978357084,0.161234710330758,0.161234710330758,0.0,0.0,0.0,0.0,0.0,0.0,0.0,0.0,36.8412,36.8412,12570.216300000002,36.8412,36.8412,12570.216300000002,36.8412,36.8412,17.45863375,17.45863375,0.0320927474582526,0.0320927474582526,10.95004443969012,1.0062660550458715,1.0062660550458715,5648.674499999999,5648.674499999999,0.0,90.39308744024817,0.0,90.39308744024817,1.0892310399545946,0.0,4.037919384502417,0.0,0.0,90.39308744024817,inf,5450.8955000000005,5450.8955000000005,5450.8955000000005,5450.8955000000005,0.0,545089.55,0.9710333125501024,0.0,-0.9649866530634756,0.0,0.0,0.0,0.0,3.896538312191116,0.0,0.0,0.0,,5648.674499999999,0.0298307865193893,3.8899774669908007,27.46258375383215,3.0749456503356303,34.52241481631812,0.2106003132879725,130.40143827459607,0.7955000801638906,0.7955000801638906,0.7955000801638906,0.7955000801638906,0.2570708978357084,0.2044999198361093,0.1282622249933196,0.1282622249933196,0.2044999198361093,0.2044999198361093,0.7893996867120273,0
117,214,4120,4656,5104630.13,4055981.0,0.0,0.0,0.0,0.0,0.0,4055981.0,0.0,1048649.13,0.0,596642.82,0.0,0.0,0.0,0.0,0.0,0.0,0.0,450967.1,450967.1,1039.21,4637501.75,175000.0,4359605.23,102896.52,467128.38,0.0,0.0,0.0,0.0,0.0,0.0,0.0,0.0,0.0,0.0,467128.38,0.0,0.0,0.0,0.0,0.0,0.0,0.0,0.0,0.0,0.0,0.0,0.0,0.0,SFJMA,114002.68,113081.42,146528.36,317979.36,0.0,0.9084892797120248,1094.5,6811.64,0.0,104985.42,-110702.56,30848.65,0.0,37602.86,-117456.77,222836.76,222624.66,212.1,2137.47,0.0,103242.52,346.0,102896.52,0.0,0.0,SFJMA,254779.91,,,0.0,151537.39,467128.38,0.0,0.4052223740875016,94.32847875742348,-101.14441297396073,-3.4656118760986314,94.01235267245318,0.0201574878844356,0.0201238319689971,-0.021686695643118,0.0221879204681701,0.0221879204681701,1.1007284536334676,-1174.5677,0.5879801142857143,0.0202252694849019,,94.01235267245318,105379.99,105379.99,328004.65,-117456.77,96.28139789858383,1.287403900880568,-107.31545911375058,96.28139789858383,0.0206440010963144,0.0642563009751306,-0.0230098492953886,-0.0230098492953886,0.2202746063084414,-0.2514443031699337,0.0018821340425083,138.4535312928278,0.0002614334029219,-137.4535312928278,48.30127206463717,,0.0,0.0,1.2585438960389608,1.0,0.2210153020460885,,-0.2514443031699337,-0.1257221515849668,0.0,,1.952919141160347,0.0,0.0,0.9084892797120248,0.8883317918275894,0.0915107202879751,0.091510720287975,1.143373637598401,0.1007284536334676,0.0,0.0,0.0,0.1007284536334676,0.0,0.0222625296044362,0.0202252694849019,1.1007284536334676,-0.8760373710259528,1028.9652,1053.7999,3280.0465000000004,-1174.5677,49.301272064637175,153.4546215853322,-54.95130691892752,1053.7999,3280.0465000000004,-1174.5677,-1174.5677,0.2255910677060554,0.7021723878133888,-0.2514443031699337,0.0002351910726978,0.000214413184134,10.945,10.945,0.0,198426.66649611696,37914.09366834171,198426.66649611696,138.4535312928278,1.952919141160347,0.0018344308576444,155353.79654636822,48731.22251256282,353780.4630424852,2.6424960971279057,2.244884222191766,2.244884222191766,2.2426595446844826,3.210287137767138,0.9654029155753712,581520.7499999999,0.1139202518479041,426.7961443581544,-531.3117862037459,0.0915107202879751,0.0031660041155616,0.0,0.0,0.9746547356423396,0.976433191918124,0.3137044551045236,-0.8760373710259528,,0.0024270063159818,3.867815157582785,9.927681443803522,1.143373637598401,0.0431461587221439,1.143373637598401,0.4454572712991237,2.566741439114657,0.9084892797120248,0.9084892797120248,0.9084892797120248,0.9965271916131838,0.1007284536334676,0.0,0.0,0.0,0.0915107202879751,0.0031660041155616,0.5545427287008764,0
117,214,1721,10695,14527607.41,5164869.83,0.0,0.0,5164869.83,5164869.83,0.0,0.0,0.0,9362737.58,3571721.35,3091653.5,0.0,0.0,0.0,0.0,3090058.58,0.0,0.0,2440715.67,2440715.67,258647.06,12387301.46,100000.0,9519030.43,2765804.39,2140305.95,0.0,0.0,0.0,0.0,0.0,0.0,0.0,0.0,0.0,0.0,2140305.95,0.0,0.0,0.0,0.0,0.0,0.0,747397.28,0.0,0.0,0.0,0.0,0.0,0.0,SFJIN,0.0,0.0,0.0,0.0,0.0,0.8526731973410342,27534291.68,0.0,0.0,0.0,3273991.61,219275.46,42167.0,69826.72,3423440.35,16966.67,0.0,2217.08,138.63,138.63,3440268.39,674464.0,2765804.39,24260300.07,327736.54,SFJIN,27770533.81,,,327736.54,24330265.42,2140305.95,0.0,0.1238819683315262,0.1249448662047441,0.118905968166892,0.1179665155648168,0.1004494476249407,0.190382649526733,0.1902667636514828,0.2253634420039713,0.2232773941064642,0.2232773941064642,1.1727822606813347,0.6628318743126969,27.658043900000003,0.2593685817395034,,0.1004494476249407,3440407.02,3768143.56,3810310.56,3751176.89,0.1368527508821683,0.1372069613810567,0.1362365494487999,0.1249499010173919,0.2593781242605867,0.2622806669030162,0.2582102327061714,0.235650665204753,1.2922472088628263,1.5995098037268922,3.8123298482508448,0.883635057794957,2.7682153717190223,0.116364942205043,27180.299574406698,,1.3863,1.3863,2.8127731943246284,1.0,1.7604982736229835,,1.5995098037268922,0.7997549018634461,0.0,,5.034812647848001e-06,5.034812647848001e-06,5.034812647848001e-06,0.8526731973410342,0.6622905478143011,0.1473268026589658,0.1473268026589658,2.398376312999935,0.1727822606813348,0.0,0.0,0.0,0.1727822606813348,51648.6983,0.2777254110678598,0.2368185567591683,1.1727350038294992,0.8079020246402132,19951.98023515833,27181.29957440669,27485.46894611556,27058.911418884803,27181.29957440669,27485.46894611556,27058.911418884803,27181.29957440669,27485.46894611556,37511.7689,37511.7689,1.7605630447366647,1.780264433689959,1.752635827602124,2.278029146970749,1.8953080781248888,5.331071757136617,275342.9168,47.217723503101936,40.87128469033492,40.850200041172805,88.08900819343685,0.883635057794957,5.034812647848001e-06,8.906008283269777,28.29458534304305,9.88050148817193,116.3835935364799,4.374485610339961,4.374485610339961,4.374485610339961,2.5848496893633364,5.514843917524968,1.1403583071850076,7222431.63,0.4971521755900753,0.0777323773160523,-0.2623067887105349,0.1473268026589658,-0.0206785406241921,1.668790085828617,0.4945316941684916,1.0838999444853383,0.7339965545261763,0.7258737434777495,0.7373164399080098,,11.281236900486652,0.5516409902412324,5.787631184223919,2.398376312999935,0.0193615721773185,2.398376312999935,0.2285983059668324,10.491662669398426,0.8526731973410342,0.8526731973410342,0.8526731973410342,1.0248541747921704,0.1727822606813348,0.0,0.0,0.0,0.1473268026589658,-0.0206785406241921,0.7714016940331677,0
117,214,2041,10304,26992600.99,15882167.56,1234806.66,0.0,13759763.11,13213241.1,0.0,255000.0,632597.79,11110433.43,5872603.6,3342245.89,0.0,0.0,0.0,0.0,3280131.41,0.0,0.0,1220610.45,1220610.45,674973.49,14777126.78,1501464.0,21567.77,546944.27,12215474.21,941742.14,686815.0,254927.14,237518.26,17408.88,0.0,0.0,2205677.63,0.0,2205677.63,8943540.64,0.0,0.0,0.0,0.0,1962991.72,1020615.48,0.0,4018715.57,124513.8,0.0,124513.8,77904.72,46609.08,SFJIN,0.0,0.0,0.0,0.0,0.0,0.5474510139083859,36601850.19,16419622.08,10318054.94,9194957.11,669216.06,845118.91,184153.1,480959.46,1033375.51,2743.76,0.0,2743.76,209030.0,182750.2,827089.27,280145.0,546944.27,0.0,0.0,SFJIN,37449712.85999999,,1864992.01,1864992.01,36622623.59,9694373.6,2521100.6099999994,0.0220853300822878,0.022596925174727,0.0182836675339116,0.0178710340538615,0.0149430771166161,0.0202627479360965,0.0256644213966873,0.0247925740927273,0.0370128969009224,0.0370128969009224,1.826647452638286,0.0782075724025046,0.3642739819269726,0.0306413327973252,,0.0149430771166161,1036119.27,2901111.2800000003,3085264.3800000004,2898367.52,0.0792613287290218,0.0823841932122093,0.0791863663982719,0.0283078386644803,0.107478018923585,0.1143003736891826,0.1073763703273265,0.0401189440664347,0.056418732407837,0.1065953874523672,25.84767212131145,1.0005675505443623,2.6999451259466745,-0.0005675505443622,12.878923025403054,,0.0352168373845071,0.0930977946254404,1.858291790997828,1.0933996916760262,0.2776952272604802,,0.1065953874523672,0.0471648876323253,1.9276107554969515,,0.0057109134897532,0.0049929224629723,0.0049929224629723,0.5474510139083859,0.5271882659722893,0.4525489860916142,0.4525489860916141,0.9304225461779474,0.8266474526382862,0.1328398780916461,0.0,0.1492629563810238,0.6560391437610716,5.457839744840649,0.055970912499676,0.0374117140609797,1.496079875101297,0.5292793033192745,3.9928518272483418,15.874736552955891,16.882413151941833,15.859722834776653,13.878923025403054,14.759911878677704,13.865796871262498,15.874736552955891,16.882413151941833,0.5585292800356846,1.476505219288444,0.2374947734427741,0.2525701685387128,0.2372701599768675,1.4916891184009824,1.355995674650248,2.660063977656662,29.64176609640249,58.40217637369659,33.238142269987804,32.620422930592845,91.6403186436844,1.0005675505443623,0.0057109134897532,10.951273902232249,96.40911516992362,0.0,188.049433813608,1.146070276268288,1.146070276268288,1.1315369020323012,0.4706705691639529,1.271979437639993,0.1259091613717053,1416059.8299999982,0.0524610366568456,0.2648602065107792,-0.0386882035375053,0.359149294415588,0.3139291079484816,0.6057744256936827,4.147143698017341,0.1536715093975993,0.1885292280136182,0.1772763052481097,0.1887077005334368,,29.98651223246532,1.4294822663817537,1.209705536269967,0.9304225461779474,0.0945377256805619,1.0891603633225992,1.0994597363786196,0.8462543150898425,0.5474510139083859,0.5474510139083859,0.5257562020451151,0.5519101208284216,0.8266474526382862,0.0978771931206735,0.1922484177024098,0.2014646426443455,0.4742437979548849,0.4268557943718934,-0.0994597363786195,0
117,113,4211,9829,5140231.84,967747.82,0.0,0.0,967747.82,947881.61,0.0,0.0,0.0,4172484.02,330211.51,551544.67,0.0,0.0,155326.94,0.0,0.0,0.0,0.0,3267634.32,3267634.32,23093.52,2970193.12,1178300.0,1377802.22,68796.36,2170038.72,0.0,0.0,0.0,0.0,0.0,0.0,0.0,0.0,0.0,0.0,2170038.72,0.0,0.0,0.0,0.0,0.0,0.0,1242862.57,0.0,0.0,0.0,0.0,0.0,0.0,SFJIN,0.0,0.0,0.0,0.0,0.0,0.5778325204880254,11042049.97,9706446.64,0.0,1253881.79,81721.54,26954.22,0.0,8144.72,100531.04,5756.92,0.0,5756.92,10881.6,10881.6,95406.36,26610.0,68796.36,0.0,0.0,SFJIN,11074761.11,,,0.0,10979354.75,2170038.72,0.0,0.0086147555737209,0.0086402760591745,0.0074009391573148,0.0073829170716033,0.0062303974521861,0.013383902154888,0.014191451489083,0.0158984151967744,0.0231622514834994,0.0231622514834994,1.7306052611151426,0.1060586458682324,0.0583861155902571,0.0185607114561587,,0.0062303974521861,106287.96,106287.96,106287.96,100531.04,0.0096257452455633,0.0095973140137557,0.0091043819103455,0.0096257452455633,0.0206776587726829,0.0206776587726829,0.0195576859428192,0.0195576859428192,0.0317028260214638,0.0463268415782,5.514282946954906,0.9943221394423738,-37.12347169793563,0.0056778605576262,8.767677547419497,,108.816,108.816,5.311540603625437,1.0,0.0439652800296577,,0.0463268415782,0.0231634207891,0.0,,0.0009854691863887,0.0009854691863887,0.0009854691863887,0.5778325204880254,0.5644486183331373,0.4221674795119747,0.4221674795119746,3.0691808946673733,0.7306052611151426,0.0,0.0,0.0,0.7306052611151426,9677.4782,0.0321212648960684,0.0206776587726829,1.5534285215356969,0.6843295364297436,7.322265108072343,9.767677547419495,9.767677547419495,9.238626672548154,9.767677547419495,9.767677547419495,9.238626672548154,9.767677547419495,9.767677547419495,1005.3104,1005.3104,0.0489797527668077,0.0489797527668077,0.0463268415782,5.896648827132912,2.148161856061341,11.410048921629192,110420.4997,10.885387221264311,18.18161124297104,5.120336016736935,29.06699846423535,0.9943221394423738,0.0009854691863887,20.020227862958045,71.53509504358819,40.970832110805965,100.60209350782354,1.9227693872669696,1.9227693872669696,1.9227693872669696,1.7599589144658208,3.428564786161972,1.505795398895002,2002445.3,0.389563226393306,0.196524986383484,-0.1813472412677371,0.4221674795119747,-0.2135303687002568,0.1521684875742678,0.1649041349593919,2.270973932952758,0.6472639045852417,0.6472639045852417,0.6843295364297436,,3.379218385122116,0.2319356564006685,1.368728167209846,3.0691808946673733,1.2175692630338346,3.0691808946673733,0.5200831709836004,5.901327068251076,0.5778325204880254,0.5778325204880254,0.5778325204880254,1.5861353485077776,0.7306052611151426,0.0,0.0,0.0,0.4221674795119747,-0.2135303687002568,0.4799168290163997,0
117,214,6820,6340,3257979.71,450.18,0.0,0.0,0.0,0.0,0.0,0.0,0.0,3257529.53,300.0,2643922.9,0.0,0.0,0.0,0.0,0.0,0.0,0.0,0.0,0.0,0.0,1372673.87,550000.0,0.0,0.0,1885305.84,0.0,0.0,0.0,0.0,0.0,0.0,0.0,0.0,0.0,0.0,0.0,0.0,0.0,0.0,0.0,0.0,0.0,0.0,0.0,0.0,0.0,0.0,0.0,0.0,SFJMI,0.0,0.0,0.0,0.0,0.0,0.4213267092446073,0.0,0.0,0.0,0.0,37460.85,126.9,0.0,3725.23,41059.18,0.0,0.0,0.0,0.0,0.0,41059.18,0.0,41059.18,37460.85,0.0,SFJIN,126.9,,,0.0,41186.08,0.0,1885305.84,323.5553979511426,410.5918,374.6085,295.19976359338057,410.5918,0.0126026506162618,0.0126026506162618,0.0114981839466397,0.0299118245763649,0.0299118245763649,2.373455036337218,410.5918,0.0746530545454545,0.0126026506162618,,410.5918,41059.18,41059.18,41059.18,41059.18,410.5918,323.5553979511426,410.5918,410.5918,0.0126026506162618,0.0126026506162618,0.0126026506162618,0.0126026506162618,410.5918,410.5918,0.0,411.8608,0.0,-411.8608,410.5918,,0.0,0.0,11424.95346305922,1.5786732907553926,410.5918,,410.5918,0.0217785248042301,0.0,,0.0,0.0,0.0,0.4213267092446073,0.4213267092446073,0.5786732907553928,0.5786732907553926,3049.166711093341,1.3734550363372182,0.0,0.0,0.0,0.0,0.0,0.0299118245763649,0.0126026506162618,2.373455036337218,1.0,410.5918,410.5918,410.5918,410.5918,410.5918,410.5918,410.5918,410.5918,410.5918,410.5918,410.5918,0.0217785248042301,0.0217785248042301,0.0217785248042301,0.0,0.0,0.0,0.0,1092.0,9623879.356,0.0,9624971.356,411.8608,0.0,0.0,0.0,0.0,9624971.356,inf,32575.2953,32575.2953,32572.2953,32575.2953,0.0,3257529.53,0.9998618223438844,0.0,-32575.2953,0.0,0.0,3.0,9.209433014717752e-05,1.2319421066960732,1.0,1.0,1.0,,0.0,0.0001381967518188,0.7280908173498258,3049.166711093341,1221.733528810698,7237.06008707628,0.5787532615245395,5268.5089031918205,0.4213267092446073,0.4213267092446073,0.4213267092446073,0.4213267092446073,1.3734550363372182,0.5786732907553928,0.0,0.0,0.5786732907553928,0.5786732907553928,0.4212467384754607,0
117,214,7112,1941,345488.99,0.0,0.0,0.0,0.0,0.0,0.0,0.0,0.0,345488.99,0.0,33495.14,0.0,0.0,0.0,0.0,33495.14,0.0,0.0,311948.25,311948.25,45.6,319581.23,5000.0,0.0,105145.05,25907.76,0.0,0.0,0.0,0.0,0.0,0.0,0.0,0.0,0.0,0.0,25907.76,0.0,0.0,0.0,0.0,0.0,0.0,22706.08,0.0,0.0,0.0,0.0,0.0,0.0,SFJIN,0.0,0.0,0.0,0.0,0.0,0.9250113295940342,253719.67,0.0,0.0,0.0,108905.09,6505.57,0.0,2.61,115408.05,0.0,0.0,0.0,0.0,0.0,115408.05,10263.0,105145.05,144814.58,0.0,SFJIN,260225.24,,,0.0,144817.18999999997,25907.76,0.0,0.4434929140616798,0.4548644178829335,0.4292339257732756,0.4185031782466604,0.4144142627964162,0.304336905207891,0.304336905207891,0.3152201463786154,0.329008840725721,0.329008840725721,1.0810678399354057,1154.0805,21.02901,0.3340426275233836,,0.4144142627964162,115408.05,115408.05,115408.05,115408.05,0.4548644178829335,0.4434929140616798,0.4548644178829335,0.4548644178829335,0.3340426275233836,0.3340426275233836,0.3340426275233836,0.3340426275233836,4.05843847557643,4.454574613938064,0.7939129278650064,0.5707763611705784,33.23992333269583,0.4292236388294216,1154.0805,,0.0,0.0,3454.8899,1.0,4.454574613938064,,4.454574613938064,2.227287306969032,0.0,,0.0,0.0,0.0,0.9250113295940342,0.6206744243861433,0.0749886704059657,0.0749886704059657,3195.8123,0.0810678399354054,0.0,0.0,0.0,0.0810678399354054,0.0,0.3611227417830515,0.3340426275233836,1.0810678399354057,0.9110720612643572,1051.4505,1154.0805,1154.0805,1154.0805,1154.0805,1154.0805,1154.0805,1154.0805,1154.0805,1154.0805,1154.0805,4.454574613938064,4.454574613938064,4.454574613938064,7.564522130400226,0.7343784529863022,2537.1967,2537.1967,0.0,48.18596090716971,48.18596090716971,48.18596090716971,0.5707763611705784,0.0,7.574820406781402,37.27078945041983,32.66486670111151,85.45675035758953,13.335347787689866,13.335347787689866,13.335347787689866,13.3335876972768,25.37607419553061,12.04072640784074,319581.23,0.9250113295940342,0.1021117519189584,-1.2595839731306602,0.0749886704059657,-0.8279293936400115,0.0,0.0,9.541122383724922,0.9110720612643572,0.9110720612643572,0.9110720612643572,,0.8133389752947805,0.0,12.335347787689866,3195.8123,50.0,3195.8123,0.0749886704059657,0.1233534778768986,0.9250113295940342,0.9250113295940342,0.9250113295940342,9.528150839844322,0.0810678399354054,0.0,0.0,0.0,0.0749886704059657,-0.8279293936400115,0.9250113295940342,0
117,214,8020,1617,2243982.39,222691.87,0.0,0.0,59945.1,59945.1,1130.08,161616.69,0.0,2021290.52,784952.7,757775.76,0.0,0.0,0.0,0.0,751922.31,0.0,0.0,456688.47,456688.47,21873.59,1142549.83,100000.0,403035.25,639514.58,1101432.56,0.0,0.0,0.0,0.0,0.0,0.0,0.0,0.0,0.0,0.0,1101432.56,0.0,0.0,0.0,0.0,0.0,0.0,978824.99,0.0,0.0,0.0,0.0,0.0,0.0,SFJIN,0.0,0.0,0.0,0.0,0.0,0.5091616739470045,3744898.39,2851485.4,0.0,195754.16,697658.83,79.23,0.0,31.86,697706.2,15907.69,0.0,5365.99,9966.31,2273.9,703647.58,64133.0,639514.58,0.0,0.0,SFJIN,3760885.31,,,0.0,3057237.73,1101432.56,0.0,0.187096261119433,0.1878949724988399,0.1862957969334917,0.1862918555972572,0.1707695412264576,0.284990908507085,0.283874771004776,0.310902096696044,0.5597257670591049,0.5597257670591049,1.9640127118131907,11.639086430750805,6.3951458,0.3135709010621959,,0.1707695412264576,713613.89,713613.89,713613.89,697706.2,0.1905562756804197,0.1897462515282073,0.1863084461418457,0.1905562756804197,0.3180122505328573,0.3180122505328573,0.3109232064873735,0.3109232064873735,0.5806207326937928,0.6334533999975449,4.07117028155086,0.8163740138220412,5.46013904326087,0.1836259861779587,70.60261822078583,,22.739,22.739,10.076624665283022,1.0,0.6388476294908151,,0.6334533999975449,0.3167266999987724,0.0,,0.0026613031815797,0.0006071993851881,0.0006071993851881,0.5091616739470045,0.2241707654399195,0.4908383260529954,0.4908383260529954,5.130631082311178,0.9640127118131908,0.0,0.0,0.0,0.9640127118131908,599.451,0.6158572357408691,0.3145842334350939,1.95768627377168,0.9165958106721712,282.24129469193895,313.8281762610493,313.8281762610493,306.8324024803201,71.60261822078583,71.60261822078583,70.00647180350602,313.8281762610493,313.8281762610493,6977.062,6977.062,0.6478961272036483,0.6478961272036483,0.6334533999975449,2.095289615263728,1.6688626464666685,62.472135170347535,37448.9839,76.2965381285018,73.6549694850332,73.08602059026761,149.951507613535,0.8163740138220412,0.0026613031815797,4.941961181233879,107.0580320444956,95.14071124370344,257.0095396580306,1.8351468745394632,1.8351468745394632,1.8351468745394632,1.102622415665649,2.249778225187024,0.4146313506475602,919857.96,0.4099220939073412,0.2941154726497132,-0.2456296177371049,0.4908383260529954,0.2873213679720544,0.7126652402576513,0.8533412049834302,0.5962539642264718,0.8961633019783288,0.8961633019783288,0.9165958106721712,,8.200115912713978,0.1101731135611322,1.0373307195494563,5.130631082311178,0.449050968946464,5.130631082311178,0.5449155126893882,9.415461595118382,0.5091616739470045,0.5091616739470045,0.5091616739470045,0.6392624163349697,0.9640127118131908,0.0,0.0,0.0,0.4908383260529954,0.2873213679720544,0.4550844873106118,0
117,214,8010,6868,2699722.9,281491.8,0.0,0.0,281491.8,281491.8,0.0,300000.0,317963.82,1800267.28,0.0,669749.66,0.0,0.0,0.0,0.0,302260.58,0.0,0.0,1106986.17,1106986.17,23531.45,2095035.38,50000.0,1474131.75,570903.63,604687.52,0.0,0.0,0.0,0.0,0.0,0.0,0.0,0.0,0.0,0.0,604687.52,0.0,0.0,0.0,0.0,0.0,0.0,323682.82,0.0,0.0,0.0,0.0,0.0,0.0,SFJIN,0.0,0.0,0.0,0.0,0.0,0.7760186721385369,5768471.88,0.0,0.0,0.0,640628.92,70037.7,0.0,4.47,710662.15,9714.42,0.0,9694.42,25.94,25.94,720350.63,149447.0,570903.63,5127842.96,45761.75,SFJIN,5848224.0,,,45761.75,5127873.37,604687.52,0.0,0.1231742542693303,0.1248772023137607,0.1110569546539941,0.1097247356062401,0.0989696477466403,0.2114674917192427,0.2085666500069322,0.2372943237989351,0.2725030972985287,0.2725030972985287,1.288628786784498,2.524628248496049,11.4180726,0.2837744495925859,,0.0989696477466403,720376.57,766138.32,766138.32,756423.9,0.1328147793623291,0.13100358672992,0.1311307250404764,0.1248816991719477,0.2837840579860992,0.2837840579860992,0.2801857553603001,0.2632352194367799,0.9441300028814884,1.1752551962706292,4.824832330717944,0.8889483171061242,5.838243502062007,0.1110516828938758,29534.016191210485,,0.2594,0.2594,9.5907692515377,1.0,1.2669558319973264,,1.1752551962706292,0.5876275981353146,0.0,,4.49685818699007e-06,4.49685818699007e-06,4.49685818699007e-06,0.7760186721385369,0.5645511804192942,0.2239813278614631,0.2239813278614631,7.442616019365396,0.2886287867844981,0.0,0.0,0.0,0.2886287867844981,2814.918,0.34383697615646,0.2668335220625791,1.288582384621905,0.8033404199168339,22009.62104857363,29535.01619121048,29535.01619121048,29160.520431765613,29535.01619121048,29535.01619121048,29160.520431765613,29535.01619121048,29535.01619121048,7564.239,7564.239,1.266998730187122,1.266998730187122,1.2509335400208028,3.621735953813283,2.1366903544063724,20.49250415109783,57684.7188,0.0,42.37840297836384,19.12553514952733,42.37840297836384,0.8889483171061242,4.49685818699007e-06,8.612877653420533,38.261596726376,20.481027169365348,80.63999970473984,2.977186101012966,2.977186101012966,2.977186101012966,2.938271042868555,4.807860843564293,1.830674742551326,1195579.76,0.4428527683341131,0.1048262924010301,-0.2072610883560379,0.2239813278614631,-0.186055631857625,0.0,0.0,1.7851143963253373,0.7451704412853283,0.7451704412853283,0.7547403380564787,,5.210970142472512,0.1563611154450354,3.464657878171522,7.442616019365396,0.1776250675863382,7.442616019365396,0.3358876355293198,22.1580529680311,0.7760186721385369,0.7760186721385369,0.7760186721385369,1.315368284374279,0.2886287867844981,0.0,0.0,0.0,0.2239813278614631,-0.186055631857625,1.0073746271720274,0
117,214,7112,9078,148862.04,136759.68,0.0,0.0,0.0,0.0,136759.68,0.0,0.0,12102.36,0.0,4966.66,0.0,0.0,0.0,0.0,0.0,0.0,0.0,2268.58,2268.58,4867.12,114173.86,50000.0,27452.48,-335197.13,34688.18,0.0,0.0,0.0,0.0,0.0,0.0,0.0,0.0,0.0,0.0,34688.18,17221.56,0.0,0.0,0.0,0.0,0.0,2217.9,0.0,0.0,0.0,0.0,0.0,0.0,SFJIN,0.0,0.0,0.0,0.0,0.0,0.7669776660322537,17924.0,0.0,0.0,0.0,-334440.56,0.0,0.0,785.8,-335226.36,45.23,0.0,45.23,16.0,16.0,-335197.13,0.0,-335197.13,352364.56,0.0,SFJIN,17969.23,,,0.0,353166.36,34688.18,0.0,-18.65395067011775,-18.70102265119393,-18.65881276500781,-18.65881276500781,-18.70102265119393,-2.25173005824722,-2.251889106853567,-2.2466477014556565,-2.93584827560354,-2.93584827560354,1.3038189301824428,-3352.2636,-6.7039426,-2.25173005824722,,-18.70102265119393,-335181.13,-335181.13,-335181.13,-335226.36,-18.700129993305065,-18.65306025912073,-18.70265342557465,-18.700129993305065,-2.251622576178588,-2.251622576178588,-2.251926414551352,-2.251926414551352,-9.663151252097975,-9.663993902245664,-0.7935952734946086,19.70354608346351,0.1601711733351634,-18.70354608346351,-20949.820625,,0.16,0.16,1.0884936261915794,1.0,-9.663151252097975,,-9.663993902245664,-4.831996951122832,-0.0,,0.000892657888864,0.000892657888864,0.000892657888864,0.7669776660322537,3.0187077242794738,0.2330223339677462,0.2330223339677462,0.834850300907402,0.3038189301824428,0.0,0.0,0.0,0.3038189301824428,0.0,-2.93584827560354,-2.251622576178588,1.3038811684799356,0.9999128051863224,-20948.820625,-20948.820625,-20948.820625,-20951.6475,-20948.820625,-20948.820625,-20951.6475,-20948.820625,-20948.820625,-3352.2636,-3352.2636,-9.66268999987892,-9.66268999987892,-9.663993902245664,0.1222701203723549,0.120406787385152,179.24,179.24,0.0,100.86276723945548,0.0,100.86276723945548,19.70354608346351,0.000892657888864,3.608863904515309,704.4464137469315,394.77591162686906,805.309180986387,0.3488900253631064,0.3488900253631064,0.3488900253631064,0.2085794065874888,0.4142892478071781,0.0653992224440717,-22585.82,-0.151723165959569,1.935292345458603,1.2600881499665253,0.2330223339677462,0.2177828545141528,0.0,-0.0,-4.547486640921666,1.0000477353841488,1.0000477353841488,0.9999128051863224,,7.900977704114468,11.30024887707852,3.291434142696446,0.834850300907402,0.3656048332373986,0.834850300907402,2.8662327017209863,0.2912709426579805,0.7669776660322537,0.7669776660322537,0.7669776660322537,0.7788468871667261,0.3038189301824428,0.0,0.0,0.0,0.2330223339677462,0.2177828545141528,-1.8662327017209857,1
117,216,4110,3262,6060207.71,0.0,0.0,0.0,0.0,0.0,0.0,0.0,0.0,6060207.71,2676452.14,151339.63,0.0,0.0,0.0,0.0,90017.97,0.0,0.0,3230549.26,3230549.26,1866.68,1538509.85,27450.0,2109524.61,-598464.76,4521697.86,0.0,0.0,0.0,0.0,0.0,0.0,0.0,1708320.79,0.0,0.0,2813377.07,0.0,0.0,0.0,0.0,0.0,0.0,111473.18,0.0,0.0,0.0,0.0,0.0,0.0,SFJIN,0.0,0.0,0.0,0.0,0.0,0.2538708116326263,-31880.31,0.0,0.0,0.0,-925343.9,122304.41,0.0,2106.77,-805146.26,209310.27,209310.27,0.0,2628.77,54.86,-598464.76,0.0,-598464.76,893463.59,5998.55,SFJIN,299734.37,,,5998.55,898199.13,2813377.07,1708320.7900000005,-1.996650434182773,18.77223778564261,29.025561545668783,-10.23337694265135,18.77223778564261,-0.0987531762339545,-0.0987458437130037,-0.1526917796023859,-0.3889898787453327,-0.3889898787453327,3.939011316697127,-8051.4626,-21.80199489981785,-0.0977633504248322,,18.77223778564261,-595835.99,-589837.44,-380527.1699999999,-799147.71,18.50162184746635,-1.2695480001175703,25.06712481779505,18.68978030640229,-0.0973295748636972,-0.0627911101746708,-0.1318680395527235,-0.1328578653618458,-0.2127211337511896,-0.286184979818578,-0.0098189014256684,-28.174102761234128,0.0188413519280854,29.174102761234128,-225.3777279868532,,0.5486,0.5486,77685.285,1.2818914584694987,-0.2105889808791254,,-0.286184979818578,-0.1097666032976707,-0.0,,-0.082457479240321,-0.0017208113722859,-0.0017208113722859,0.2538708116326263,0.3526239878665809,0.7461291883673737,0.7461291883673735,15385.0985,2.9390113166971275,0.0,0.0,1.110373644991613,1.828637671705514,0.0,-0.3889898787453327,-0.0987441237389535,3.9393724306439952,0.7432994348132475,-10907.945679912506,-10751.685016405394,-6936.331935836673,-14567.038096974116,-224.3777279868532,-144.7548359118523,-304.000620061854,-10751.685016405394,-6936.331935836673,-7991.4771,-7991.4771,-0.1304460090573145,-0.084155815311375,-0.176736202803254,-0.0112664869500416,-0.0052605969177251,-318.80310000000003,-318.80310000000003,-30558.943089323788,-1727.951369356195,-1027.7986970641127,-32286.894458679984,-28.174102761234128,-0.082457479240321,-0.2106540765297232,-32122.311655062324,-1272.7679724569805,-64409.20611374231,2.15406877898525,2.15406877898525,2.15406877898525,1.2020745196448197,3.302350427559289,1.1482816485740392,3246830.64,0.535762270102125,-88.24810894247891,101.84438733500396,0.464237729897875,-0.0688379359195264,0.9513307578070224,0.8243276095238524,1.1481859005481156,1.0146266062730775,1.5727254377131603,0.7488787773664521,,-0.0098683869008702,0.0,0.3402504761784327,15385.0985,274.5,32468.306400000005,0.7461291883673737,0.0034025047617843,0.2538708116326263,0.2538708116326263,0.2538708116326263,0.5437086762185026,2.9390113166971275,0.2818914584694986,0.0,0.0,0.7461291883673737,0.2130535225499722,0.2538708116326263,1
117,214,6920,2737,389352.4,0.0,0.0,0.0,0.0,0.0,0.0,0.0,0.0,389352.4,0.0,126409.2,0.0,0.0,0.0,0.0,125209.2,0.0,0.0,256080.68,256080.68,6862.52,367920.36,50000.0,253723.01,64197.35,21432.04,0.0,0.0,0.0,0.0,0.0,0.0,0.0,0.0,0.0,0.0,20854.26,0.0,0.0,0.0,0.0,0.0,0.0,6723.47,0.0,577.78,0.0,577.78,0.0,577.78,SFJIN,0.0,0.0,0.0,0.0,0.0,0.944954647768962,572279.58,0.0,0.0,0.0,36926.1,42158.41,0.0,0.0,79084.51,1428.5,0.0,1423.87,2.02,0.0,71750.35,7013.0,64737.35,535353.48,0.0,SFJIN,615866.49,,,0.0,535355.5,21432.04,3.637978807091713e-12,0.1165030914411336,0.1253763938248504,0.0645245808001746,0.0600973582378915,0.1131218940224985,0.1662692974282423,0.1633071102168626,0.0948397903801286,0.1759547908683281,0.1759547908683281,1.0582518455896273,790.8451,1.294747,0.1842812578014158,,0.1131218940224985,71752.37000000001,71752.37000000001,71752.37000000001,79084.51,0.1253799235681273,0.1165063713727954,0.1381920878602727,0.1253799235681273,0.1842864459035054,0.1842864459035054,0.2031180750394758,0.2031180750394758,3.0205874009193714,3.690013176533825,1.5554441727552122,0.9354789489431024,5.116963675146424,0.0645210510568976,35519.97524752475,,0.0,0.0,3893.524,1.0,3.347807768182591,,3.690013176533825,1.8450065882669124,0.0,,3.5297432768787595e-06,0.0,0.0,0.944954647768962,0.7800722687210866,0.055045352231038,0.055045352231038,3679.2036,0.058251845589627,0.0,0.0,0.0,0.058251845589627,0.0,0.1950159811759262,0.1842812578014158,1.0582518455896273,0.8185844484589966,647.3735,717.5237000000001,717.5237000000001,790.8451,35520.97524752476,35520.97524752476,39150.74752475247,717.5237000000001,717.5237000000001,790.8451,790.8451,3.3479020195930955,3.3479020195930955,3.690013176533825,4.294081144897056,1.4698242003901862,5722.7958,5722.7958,0.0,80.40291914661711,79.63965584793364,80.40291914661711,0.9354789489431024,3.5297432768787595e-06,4.527198811478911,13.631907956597018,4.2764815756662165,94.03482710321413,18.16683806114584,18.16683806114584,17.689940217593787,17.846638957374104,30.115335730989685,11.948497669843842,367920.36,0.944954647768962,0.0374502965840577,-0.6429031768004024,0.0550453522310379,-0.602663910637253,0.0,0.0,2.910550497906798,0.9022329157907952,0.9022329157907952,0.8185844484589966,,2.2347628099081898,0.0,17.166838061145835,3679.2036,500.0,3679.2036,0.055045352231038,0.1716683806114583,0.944954647768962,0.944954647768962,0.944954647768962,2.760678409493026,0.058251845589627,9.343666064705684e-18,0.0,0.0,0.055045352231038,-0.602663910637253,0.944954647768962,0
117,214,4299,3192,1115396.16,403000.0,0.0,0.0,0.0,0.0,400000.0,3000.0,0.0,712396.16,0.0,260145.13,0.0,0.0,246369.0,0.0,9680.1,0.0,0.0,452251.03,452251.03,0.0,848590.84,20000.0,580464.83,248126.01,266805.32,0.0,0.0,0.0,0.0,0.0,0.0,0.0,0.0,0.0,0.0,266805.32,0.0,0.0,2890.5,0.0,0.0,0.0,101097.59,0.0,0.0,0.0,0.0,0.0,0.0,SFJIN,0.0,0.0,0.0,0.0,0.0,0.7607977061710522,2493539.15,0.0,0.0,0.0,269280.24,3327.86,0.0,3016.71,269591.39,8126.08,6823.67,1302.41,260.46,3.67,277457.01,29331.0,248126.01,2224258.91,6514.14,SFJIN,2504993.09,,,6514.14,2227536.08,266805.32,0.0,0.1107615869710842,0.1112703644536722,0.1079911819311118,0.1078472497419876,0.099507565381518,0.2224554995778361,0.221512355394876,0.241421164655973,0.2923977001684345,0.2923977001684345,1.3144098515133629,2695.9139,12.4063005,0.2545921890209843,,0.099507565381518,277717.47000000003,284231.61000000004,291055.28,276105.53,0.1139872257469869,0.1161900530432201,0.1107283717602749,0.1113748183981791,0.2548257024661086,0.2609434122491511,0.2475403268377757,0.2417001238376148,0.9299889897247926,1.010442333008952,5.596028746910506,0.8933230825752225,6.291417332011135,0.1066769174247774,1090.2677954388391,,0.0366999999999999,0.0366999999999999,2.7677324069478906,1.0,1.0643384097438535,,1.010442333008952,0.505221166504476,0.0,,0.0001044539445069,1.471803641021638e-06,1.471803641021638e-06,0.7607977061710522,0.5383422065932162,0.2392022938289477,0.2392022938289477,2.1056844665012404,0.314409851513363,0.0,0.0,0.0,0.314409851513363,0.0,0.3269620610092845,0.248755276331595,1.314392465683576,0.9203780951609768,67610.26702997276,77447.30517711173,79306.61580381473,75233.1144414169,1091.2677954388391,1117.4663288028871,1060.0688397450665,77447.30517711173,79306.61580381473,2761.0553000000004,2761.0553000000004,1.0653146271596086,1.0908900916968225,1.0348576632579891,3.760171095579033,2.2355636852829046,24935.3915,24935.3915,0.0,37.97527194229134,37.37734472707197,37.97527194229134,0.8933230825752225,0.0001044539445069,9.58518481587566,38.947508195329526,15.179895916212104,76.92278013762086,2.670097282917747,2.670097282917747,2.670097282917747,2.670097282917747,4.365157298962404,1.6950600160446576,445590.84,0.3994911009914182,0.1069986488882679,-0.1786981527841662,0.2392022938289477,-0.1662599501866673,0.0,0.0,1.7128548206918193,0.8729712011975022,0.8525047544232834,0.8986636739945049,,5.51361740403333,0.5656964798911887,3.180561916831344,2.1056844665012404,0.0496277915632754,2.1056844665012404,0.3745181894298812,5.622382372687068,0.7607977061710522,0.7607977061710522,0.7607977061710522,1.2796457390858018,0.314409851513363,0.0,0.0,0.0,0.2392022938289477,-0.1662599501866673,0.6254818105701186,0
117,214,8621,2261,919521.81,593186.69,8578.48,0.0,584608.21,584608.21,0.0,0.0,0.0,326335.12,0.0,86746.85,0.0,0.0,0.0,0.0,86746.85,0.0,0.0,227035.2,227035.2,12553.07,371553.65,5000.0,594376.78,-228094.13,548239.16,0.0,0.0,0.0,0.0,0.0,0.0,0.0,395000.0,395000.0,0.0,128491.58,0.0,0.0,0.0,0.0,60000.0,0.0,38639.7,0.0,24747.58,0.0,24747.58,0.0,24747.58,SFJIN,0.0,0.0,0.0,0.0,0.0,0.4040726886075709,1128952.2,0.0,0.0,0.0,-563814.85,361581.84,290579.89,123.55,-202356.56,0.0,0.0,0.0,11072.57,11072.57,-213429.13,14665.0,-228094.13,1692767.05,19982.59,SFJIN,1490534.04,,,19982.59,1703963.1700000002,153239.16,395000.0,-0.1431897053488292,-0.1890506347390084,-0.4994142798959955,-0.3782636524020611,-0.2020405558357564,-0.2480573353665205,-0.2383035898843987,-0.6131609319848541,-0.6138928523512015,-0.6138928523512015,2.4748022526491127,-0.3461404690159928,-45.618826,-0.2103773264497119,,-0.2020405558357564,-202356.56,-182373.97,108205.92,-182373.97,-0.1615426853324702,0.072595403456871,-0.1615426853324702,-0.1792428058513017,-0.1983356653606726,0.1176762952474178,-0.1983356653606726,-0.2221395704165263,-1.4884846014556592,-1.320527729334982,6.522117558376291,1.5093315465437778,7.811820566854958,-0.5093315465437777,-17.47078952763451,,0.0243353186813186,0.0243353186813186,2.2164907476261817,1.429865823410975,-1.262383192390248,,-1.320527729334982,-0.2884715809891316,-2.3520710166229906,,0.0098078288877066,0.0098078288877066,0.0098078288877066,0.4040726886075709,0.6521300239740915,0.5962220297961176,0.595927311392429,0.6263688249647005,1.4755316224184585,1.224587620118925,1.0631035383450007,1.0631035383450007,0.4124280840734575,1.4800207848101266,-0.5744234513642915,-0.2200671673029702,2.61021877276892,1.1271892050349146,-19.59992666562505,-16.470789527634505,9.772430429430568,-16.470789527634505,-16.470789527634505,9.772430429430568,-16.470789527634505,-16.470789527634505,9.772430429430568,-0.400821912087912,-0.400821912087912,-0.3326540373365521,0.1973699215502957,-0.3326540373365521,1.6507366274473148,1.227760111530144,1.931126146859963,131.6028247428449,0.0,28.046006066510174,28.046006066510174,28.046006066510174,1.5093315465437778,0.0098078288877066,13.014330779734363,49.54354435909687,12.492548843077678,77.58955042560704,2.129580454500012,2.129580454500012,1.833479954742696,2.0476622946771568,3.611154746606547,1.481574292106535,173095.96,0.1882456273658152,0.1357357379701284,-0.1533244365881921,0.1666509247888312,-0.0802548011340807,0.0,0.0,1.9954149343751384,1.250694548130964,-2.107963501442435,1.250694548130964,,4.972586629738472,1.817722499496836,0.6777218358498871,0.6263688249647005,0.0084290495459363,1.292263739093674,1.6799882280521938,0.372841198828472,0.4040726886075709,0.4040726886075709,0.3984607582559499,0.5307367379884781,1.4755316224184585,0.4336164358325122,0.4948224120970007,0.4994822235539064,0.6018367355519251,0.3526058640771868,-0.6791577933751045,0
117,214,5610,2556,92834.83,0.0,0.0,0.0,0.0,0.0,0.0,0.0,0.0,92834.83,54227.38,2502.0,0.0,0.0,0.0,0.0,2435.0,0.0,0.0,36105.45,36105.45,0.0,50123.56,5000.0,35065.97,-47666.04,42711.27,0.0,0.0,0.0,0.0,0.0,0.0,0.0,0.0,0.0,0.0,42711.27,0.0,0.0,0.0,0.0,0.0,0.0,35178.3,0.0,0.0,0.0,0.0,0.0,0.0,SFJIN,0.0,0.0,0.0,0.0,0.0,0.5399219237004043,910831.39,0.0,0.0,0.0,-63013.22,15347.56,0.0,0.38,-47666.04,0.0,0.0,0.0,0.0,0.0,-47666.04,0.0,-47666.04,973844.61,0.0,SFJIN,926178.95,,,0.0,973844.99,42711.27,0.0,-0.051465259494399,-0.0523324520029991,-0.0691820908807282,-0.068035685760295,-0.0523324520029991,-0.5134499626918043,-0.5134499626918043,-0.6787670101835701,-0.9509707610552802,-0.9509707610552802,1.852119641940836,-476.6604,-9.533208,-0.5134499626918043,,-0.0523324520029991,-47666.04,-47666.04,-47666.04,-47666.04,-0.0523324520029991,-0.051465259494399,-0.0523324520029991,-0.0523324520029991,-0.5134499626918043,-0.5134499626918043,-0.5134499626918043,-0.5134499626918043,-1.1160061501332086,-1.1160061501332086,18.17172184098656,1.0691825080819843,64.97533476338822,-0.0691825080819842,-476.6604,,0.0,0.0,928.3483,1.0,-1.1160061501332086,,-1.1160061501332086,-0.5580030750666043,-0.0,,0.0,0.0,0.0,0.5399219237004043,1.0533718863922086,0.4600780762995957,0.4600780762995958,501.2356,0.8521196419408358,0.0,0.0,0.0,0.8521196419408358,0.0,-0.9509707610552802,-0.5134499626918043,1.852119641940836,1.0,-476.6604,-476.6604,-476.6604,-476.6604,-476.6604,-476.6604,-476.6604,-476.6604,-476.6604,-476.6604,-476.6604,-1.1160061501332086,-1.1160061501332086,-1.1160061501332086,16.05572615107022,9.811311013334112,9108.3139,9108.3139,21.67115290130701,0.9998864883214006,0.9731109508643526,22.67103938962841,1.0691825080819843,0.0,364.0413229416467,17.068913577956504,14.05847596007863,39.73995296758492,2.173544125473206,2.173544125473206,2.173544125473206,0.9039171628471832,3.0188819016620205,0.8453377761888139,50123.560000000005,0.5399219237004043,0.0468926197196607,-0.0550305584000569,0.4600780762995957,0.071156698407268,1.2696269626260237,1.081874072791318,0.8835555756117907,1.0,1.0,1.0,,25.22697792161572,0.0,1.1735441254732064,501.2356,50.0,501.2356,0.4600780762995957,0.011735441254732,0.5399219237004043,0.5399219237004043,0.5399219237004043,0.8835555756117904,0.8521196419408358,0.0,0.0,0.0,0.4600780762995957,0.071156698407268,0.5399219237004043,1
117,215,6110,1418,184745.97,7000.0,0.0,0.0,7000.0,0.0,0.0,0.0,0.0,177745.97,69000.0,94411.31,0.0,0.0,0.0,0.0,1986.45,0.0,0.0,14334.66,14334.66,0.0,13014.95,10000.0,1785.73,1229.22,171731.02,0.0,0.0,0.0,0.0,0.0,0.0,0.0,100000.0,0.0,0.0,71731.02,0.0,0.0,0.0,0.0,0.0,0.0,60278.76,0.0,0.0,0.0,0.0,0.0,0.0,SFJIN,0.0,0.0,0.0,0.0,0.0,0.0704478154516713,36390.0,0.0,0.0,0.0,1717.05,1.44,0.0,1.54,1716.95,21.07,0.0,21.07,386.8,0.0,1351.22,122.0,1229.22,34672.95,0.0,SFJIN,36412.51,,,0.0,35061.28999999999,71731.02,100000.0,0.0371086750130655,0.0371316295685627,0.0471846661170651,0.0471827990318602,0.0337790601813685,0.0066535686813628,0.0065611893996929,0.0092941134250452,0.0944467708289313,0.0944467708289313,14.194904321568655,17.1695,0.122922,0.0073139349128968,,0.0337790601813685,1738.02,1738.02,1738.02,1716.95,0.0477609233305853,0.047731397808061,0.0471819181093707,0.0477609233305853,0.0094076206371375,0.0094076206371375,0.0092935721412488,0.0092935721412488,0.0171365191795683,0.0239359484920192,0.3432534750995025,0.9634869469634512,-27.57423979510652,0.0365130530365486,3.493329886246122,,0.0,0.0,40.67799571428571,1.5412837963393733,0.018837317523158,,0.0239359484920192,0.0070522287581259,0.0,,0.0106292937620225,0.0,0.0,0.0704478154516713,0.0637942467703084,0.9295521845483288,0.9295521845483288,1.859278571428572,13.194904321568655,0.0,0.0,7.683471699852861,5.511432621715796,0.07,0.1038206063027518,0.0073139349128968,14.194904321568655,0.7159323218497918,12.2922,17.3802,17.3802,17.1695,4.493329886246122,4.493329886246122,4.438857290589452,17.3802,17.3802,17.1695,17.1695,0.0101205944039696,0.0101205944039696,0.0099979025338578,0.213542164542952,0.196973173487898,5.198571428571428,363.9,690.189612530915,944.3725430063204,19.869958779884584,1634.5621555372354,0.9634869469634512,0.0106292937620225,0.3854411086976761,717.5073173948888,602.9532464962901,2352.069472932124,2.477951240620864,2.477951240620864,2.477951240620864,1.5160243085906209,2.6777903060628443,0.1998390654419803,106014.95,0.5738417460472885,1.971173948887057,-2.913298983237153,0.3882683882089552,0.3106771963686136,0.9619269320302428,0.6508516015901531,0.6487613984613427,0.7072530810922775,0.7072530810922775,0.7159323218497918,,2.53860224100188,0.0393820461864761,0.0757868322216918,1.859278571428572,1.4285714285714286,16.144992857142853,0.9661598516129508,1.924400572353124,0.0704478154516713,0.0704478154516713,0.0704478154516713,0.0763737453811017,13.194904321568655,0.5412837963393734,0.0,0.0,0.9295521845483288,0.851960992707987,0.0338401483870492,0
117,234,3511,1524,2032991.43,1581449.0,0.0,0.0,1581449.0,0.0,0.0,0.0,0.0,451542.43,0.0,75265.0,0.0,45000.0,0.0,0.0,0.0,0.0,0.0,376277.43,43910.42,0.0,1445500.49,139050.0,1595125.0,9197.4,587490.94,0.0,0.0,0.0,0.0,0.0,0.0,0.0,0.0,0.0,0.0,586690.94,0.0,0.0,0.0,0.0,0.0,0.0,30615.0,0.0,800.0,0.0,800.0,0.0,800.0,SFJIN,0.0,0.0,0.0,0.0,0.0,0.7110214379998641,0.0,0.0,0.0,0.0,-1249.6,0.5,0.0,0.0,-1249.1,10446.5,0.0,10446.5,0.0,0.0,9197.4,0.0,9197.4,1249.6,0.0,SFJIN,10447.0,,,0.0,1249.6,587490.94,0.0,0.8803867138891548,91.974,-12.496,-2499.2,91.974,0.004524072194441,0.0003618977380539,-0.0006146607317474,0.006362778887747,0.006362778887747,1.4064273544452413,-12.491,0.0661445523193096,0.004524072194441,,91.974,9197.4,9197.4,9197.4,-1249.1,91.974,0.8803867138891548,-12.491,91.974,0.004524072194441,0.004524072194441,-0.0006144147887529,-0.0006144147887529,0.0156553903622752,-0.0021261604476828,-0.0,12.496,0.0,-12.496,91.974,,0.0,0.0,1.2855244968380264,1.0,0.0156553903622752,,-0.0021261604476828,-0.0010630802238414,0.0,,0.0,0.0,0.0,0.7110214379998641,0.7064973658054231,0.2889785620001359,0.2889785620001359,0.9140354763258252,0.4064273544452413,0.0,0.0,0.0,0.4064273544452413,15814.49,0.006362778887747,0.004524072194441,1.406427354445241,-7.363221519494036,91.974,91.974,91.974,-12.491,91.974,91.974,-12.491,91.974,91.974,-12.491,-12.491,0.0156553903622752,0.0156553903622752,-0.0021261604476828,0.0,0.0,0.0,0.0,0.0,273964.6,0.0,273964.6,12.496,0.0,0.0,2138467.0216,111438.6,2412431.6216,0.7267316868122262,0.7685947122861163,0.7675495223502847,0.7685947122861163,1.409076810614305,0.6404820983281887,-135948.50999999995,-0.0668711672827858,5874.9094,1359.4850999999994,0.2889785620001359,0.1038929662384262,0.0,-0.0,-1.80626466485086,1.0,1.0,-7.363221519494036,,0.0,3.5023264591103875,2.4604643094581173,0.9140354763258252,0.087925693462135,0.9140354763258252,1.3010758258088837,0.702522833945951,0.7110214379998641,0.7110214379998641,0.7110214379998641,0.7267177569605373,0.4064273544452413,0.0,0.0,0.0,0.2889785620001359,0.1038929662384262,-0.3010758258088836,0
117,214,6832,2353,83540.33,5300.0,0.0,0.0,0.0,0.0,0.0,5300.0,0.0,78240.33,0.0,37020.43,0.0,0.0,0.0,0.0,37020.43,0.0,0.0,41020.14,41020.14,199.76,4986.81,5000.0,1401.68,-1414.87,78553.52,0.0,0.0,0.0,0.0,0.0,0.0,0.0,67000.0,0.0,0.0,11553.52,0.0,0.0,0.0,0.0,0.0,0.0,2469.67,0.0,0.0,0.0,0.0,0.0,0.0,SFJIN,0.0,0.0,0.0,0.0,0.0,0.0596934438731568,142017.79,0.0,0.0,0.0,-3237.28,2428.89,0.0,46.0,-854.39,0.0,0.0,0.0,1.48,0.0,-855.87,559.0,-1414.87,145255.07,0.0,SFJIN,144446.68000000002,,,0.0,145302.55000000002,11553.52,67000.0,-0.0059251621428751,-0.0060264985112076,-0.0227948906964402,-0.0224115915990592,-0.0099626251049252,-0.0169363707325551,-0.0169363707325551,-0.0387511038081846,-0.2837224598490818,-0.2837224598490818,16.752258457811706,-8.5439,-0.282974,-0.0102449918500441,,-0.0099626251049252,-854.39,-854.39,-854.39,-854.39,-0.0060160772815856,-0.0059149161476054,-0.0060160772815856,-0.0060160772815856,-0.010227275855865,-0.010227275855865,-0.010227275855865,-0.010227275855865,-0.1224622452724364,-0.0739506228404849,2.1296233842944354,1.0231292150089084,-3.9412896337918255,-0.0231292150089084,-578.2905405405405,,0.0,0.0,28.403835849056605,1.8020078445943413,-0.0740787223287794,,-0.0739506228404849,-0.0094819450289344,-0.0,,1.0421229622007214e-05,0.0,0.0,0.0596934438731568,0.076629814605712,0.9403065561268432,0.9403065561268432,0.9409075471698114,15.752258457811706,0.0,0.0,13.435442697836892,2.3168157599748134,0.0,-0.1716267513701143,-0.0102449918500441,16.752258457811706,1.6560001872681094,-14.148699999999998,-8.5439,-8.5439,-8.5439,-577.2905405405405,-577.2905405405405,-577.2905405405405,-8.5439,-8.5439,-8.5439,-8.5439,-0.0108765336040956,-0.0108765336040956,-0.0108765336040956,3.3400083583822178,1.699990770924654,1420.1779,1420.1779,0.0,94.88555285925798,94.88555285925798,94.88555285925798,1.0231292150089084,1.0421229622007214e-05,3.836200443917048,29.612355466170825,6.329910358413548,124.4979083254288,6.771990700669579,6.771990700669579,6.771990700669579,6.754700731898158,10.32243593294511,3.5504452322755315,66686.81,0.7982588768801846,0.0813526249070627,-0.4695665944386262,0.1382987115325017,-0.3527232894579181,0.0,0.0,1.8013515780340743,1.6560001872681094,1.6560001872681094,1.6560001872681094,,3.4621478620014465,0.0677400005853758,0.0634829604071211,0.9409075471698114,0.9433962264150944,13.582416981132075,1.0040029227893084,0.9371561833264328,0.0596934438731568,0.0596934438731568,0.0596934438731568,0.1172809905129774,15.752258457811706,0.8020078445943414,0.0,0.0,0.9403065561268432,0.4492845551364234,-0.0040029227893082,1
117,214,2892,11765,2861537.95,491994.77,0.0,0.0,491994.77,491994.77,0.0,0.0,0.0,2369543.18,893970.08,105169.64,0.0,0.0,0.0,0.0,0.0,0.0,0.0,1365986.7,1365736.7,4416.76,2083267.52,50400.0,1841019.84,180600.05,778270.43,0.0,0.0,0.0,0.0,0.0,0.0,0.0,527439.4,527439.4,0.0,250831.03,0.0,0.0,0.0,0.0,0.0,0.0,0.0,0.0,0.0,0.0,0.0,0.0,0.0,SFJMA,84636.57,0.0,106893.52,0.0,0.0,0.7280237258429509,2650674.04,0.0,0.0,0.0,66636.25,140072.36,0.0,1797.21,204911.4,4785.85,0.0,59.45,9858.2,8259.02,199839.05,19239.0,180600.05,2584037.79,44720.57,SFJMA,2795532.25,,,44720.57,2595693.2,250831.03,527439.4,0.071485152782623,0.0753917860077582,0.0251393604020809,0.0238775726809143,0.0681336321534276,0.0631129319812096,0.065433939710637,0.02328686572198,0.0866907625958667,0.0866907625958667,1.3735816079924292,0.4164910126991797,3.5833343253968253,0.0854643986112432,,0.0681336321534276,209697.25,254417.82,254417.82,249631.97,0.0959823109747587,0.0910087229363925,0.0941767890856923,0.0791109155013266,0.088909469119569,0.088909469119569,0.0872369943582261,0.0716088353816869,0.7200068109595531,0.8169300265601109,1.2510779437404933,0.9792577890867336,3.695448095210464,0.0207422109132663,24.80773569211418,,0.0156587088488269,0.0156587088488269,6.888238568064454,1.1843202533798305,0.974997471405352,,0.8169300265601109,0.1991168101151075,2.156690462636473,,0.0037191294935683,0.0031158187975463,0.0031158187975463,0.7280237258429509,0.6649107938617413,0.271976274157049,0.271976274157049,4.2343285884929225,0.3735816079924291,0.2531789100230392,0.2531789100230392,0.2531789100230392,0.1204026979693899,0.9327986684347056,0.0959257743335815,0.0727224568173209,1.319066744053318,0.8813567717559881,22.867007223617325,30.804843673946788,30.804843673946788,30.225374196938617,25.80773569211418,25.80773569211418,25.322266742407333,30.804843673946788,30.804843673946788,0.4732903343967098,0.4732903343967098,0.3269015629952688,0.3269015629952688,0.3207522223348508,1.7720763637548769,0.9263109860206468,5.387606132479823,26506.7404,123.10041682831738,14.481946109073448,11.654525446667144,137.58236293739083,0.9792577890867336,0.0037191294935683,25.2037949354966,34.53963956654587,14.719325805899544,172.1220025039367,9.446770521175152,9.446770521175152,9.446770521175152,5.865128967496566,14.89261468168432,5.445844160509168,2118712.1500000004,0.7404102923045282,0.0946291494973859,-0.7993107104183962,0.0876560207772187,-0.3897050081058683,3.5640330464695693,0.4219403187922436,2.120536405058544,0.7098561335051137,0.7098561335051137,0.7234652276308999,,1.9408382596733325,0.2076327513896581,2.6767913050480407,4.2343285884929225,0.1024401133369771,5.306371285206954,0.328447456272985,12.89195123183908,0.7280237258429509,0.7280237258429509,0.7280237258429509,1.3927435346106307,0.3735816079924291,0.1843202533798302,0.1843202533798302,0.1843202533798302,0.271976274157049,-0.2053847547260381,0.6715525437270149,0
117,214,7311,3741,67196.32,0.0,0.0,0.0,0.0,0.0,0.0,0.0,0.0,67196.32,6652.72,58177.52,0.0,0.0,0.0,0.0,8231.97,0.0,0.0,2366.08,2366.08,0.0,38206.65,5000.0,0.0,-20822.33,28989.67,0.0,0.0,0.0,0.0,0.0,0.0,0.0,0.0,0.0,0.0,28989.67,0.0,0.0,0.0,0.0,0.0,1331.52,20107.32,0.0,0.0,0.0,0.0,0.0,0.0,SFJIN,0.0,0.0,0.0,0.0,0.0,0.5685824759451112,0.0,0.0,0.0,0.0,-20822.33,0.0,0.0,0.0,-20822.33,0.0,0.0,0.0,0.0,0.0,-20822.33,0.0,-20822.33,20822.33,0.0,SFJIN,0.0,,,0.0,20822.33,28989.67,0.0,-208.2233,-208.2233,-208.2233,-208.2233,-208.2233,-0.3098730704300473,-0.3098730704300473,-0.3098730704300473,-0.5449922984611318,-0.5449922984611318,1.7587597970510371,-208.2233,-4.164466,-0.3098730704300473,,-208.2233,-20822.33,-20822.33,-20822.33,-20822.33,-208.2233,-208.2233,-208.2233,-208.2233,-0.3098730704300473,-0.3098730704300473,-0.3098730704300473,-0.3098730704300473,-0.7182672310516126,-0.7182672310516126,0.0,208.2233,0.0,-208.2233,-208.2233,,0.0,0.0,671.9632,1.0,-0.7182672310516126,,-0.7182672310516126,-0.3591336155258063,-0.063946734107086,,0.0,0.0,0.0,0.5685824759451112,0.8784555463751585,0.4314175240548886,0.4314175240548887,382.0665,0.7587597970510368,0.0,0.0,0.0,0.7587597970510368,0.0,-0.5449922984611318,-0.3098730704300473,1.7587597970510371,1.0,-208.2233,-208.2233,-208.2233,-208.2233,-208.2233,-208.2233,-208.2233,-208.2233,-208.2233,-15.638015200672916,-208.2233,-0.7182672310516126,-0.7182672310516126,-0.7182672310516126,0.0,0.0,0.0,0.0,24215.900800000003,211766.1728,29964.3708,235982.0736,208.2233,0.0,0.0,105522.3988,73190.6448,341504.4724,2.3179401490254983,2.3179401490254983,2.3179401490254983,2.088454266640497,2.3995581874509098,0.0816180384254115,38206.65000000001,0.5685824759451114,289.8967,-382.0665000000001,0.4314175240548886,0.3962060719991808,0.2294858823850013,0.1741246615445216,0.5893337738684912,1.0,1.0,1.0,,0.0,0.0,1.3179401490254978,382.0665,50.0,382.0665,0.4314175240548886,0.0131794014902549,0.5685824759451112,0.5685824759451112,0.5685824759451112,0.589333773868491,0.7587597970510368,0.0,0.0198153708417365,0.0198153708417365,0.4314175240548886,0.3962060719991808,0.5685824759451112,0
117,214,4941,3550,1105928.7,612323.97,0.0,0.0,291090.69,291090.69,0.0,321233.28,0.0,493604.73,69777.36,391751.7,0.0,0.0,0.0,0.0,342629.12,0.0,0.0,32075.67,32075.67,0.0,558965.88,350000.0,0.0,43787.97,546962.82,0.0,0.0,0.0,0.0,0.0,0.0,0.0,500797.06,500797.06,0.0,46165.76,0.0,0.0,0.0,0.0,0.0,0.0,29587.12,0.0,0.0,0.0,0.0,0.0,0.0,SFJIN,0.0,0.0,0.0,0.0,0.0,0.5054266879953473,2454307.05,0.0,0.0,0.0,20336.62,65380.58,0.0,13553.58,72163.62,170.34,0.0,170.34,19624.99,19624.99,52708.97,8921.0,43787.97,2433970.43,59306.65,SFJIN,2519857.97,,,59306.65,2467149.0,46165.76,500797.06,0.0209174368664913,0.0214761107417264,0.008286094439569,0.0080710877641606,0.0178412762168449,0.0395938454260206,0.0538427445639126,0.0183887261448228,0.0783374648914169,0.0783374648914169,1.9785263100495507,0.2479076881503836,0.1251084857142857,0.1012864753396851,,0.0178412762168449,72333.96,131640.61000000002,131640.61000000002,131470.27,0.0536365692304066,0.0522412816782685,0.0535671647115221,0.0294722536856177,0.1190317332392224,0.1190317332392224,0.1188777088432554,0.0652516025671456,0.948494511949982,1.5631416010480492,5.485233103410729,1.005232413768277,4.658099549809437,-0.0052324137682773,5.707805201429402,,0.0391875104059117,0.0391875104059117,2.6239798517115047,1.4528294274305384,2.426378770759974,,1.5631416010480492,0.121666064380172,4.470778807455603,,0.0079961429438912,0.0079961429438912,0.0079961429438912,0.5054266879953473,0.4658328425693266,0.4945733120046527,0.4945733120046527,0.9128597072559482,0.9785263100495508,0.8959349361359945,0.8959349361359945,0.8959349361359945,0.0825913739135562,0.5812547901139836,0.0942972941389553,0.0654056269631125,1.4417306051073724,0.6067873258021147,3.2312352770625616,6.7078052014294025,6.7078052014294025,6.699125451783669,6.7078052014294025,6.7078052014294025,6.699125451783669,6.7078052014294025,6.7078052014294025,0.2625220483522806,0.2625220483522806,0.2406756093586032,0.2406756093586032,0.2403641805123061,2.285514852996224,2.219227197919721,8.431417198536991,24543.0705,10.377159777135466,58.26058744361266,50.95516830300431,68.63774722074812,1.005232413768277,0.0079961429438912,6.264955710466603,6.865686345153922,4.40014170191134,75.50343356590204,10.69200918602878,10.69200918602878,10.69200918602878,9.18055654233787,11.38680268666648,0.694793500637702,447438.97,0.4045821127528384,0.0188100995757641,-0.1823076578784223,0.041743884574114,0.0127405048806491,1.5114526436909086,0.1559483296682897,0.9694708497878768,0.3326326883474635,0.3326326883474635,0.3330636652682009,,76.51615850892593,1.240514794094457,1.0219449285419435,0.9128597072559482,0.5715928448791577,1.7307226107774287,1.108098822310718,0.8238071270145041,0.5054266879953473,0.5054266879953473,0.5054266879953473,0.520523632549605,0.9785263100495508,0.4528294274305386,0.4528294274305387,0.4528294274305387,0.4945733120046527,0.4655699323111879,-0.108098822310718,0
117,214,4642,2527,1205074.77,22500.11,22500.11,0.0,0.0,0.0,0.0,0.0,0.0,1182574.66,103644.54,433489.71,0.0,0.0,0.0,0.0,341563.24,0.0,0.0,627846.95,627846.95,17593.46,1123841.8,5000.0,1590267.64,-471425.84,81232.97,0.0,0.0,0.0,0.0,0.0,0.0,0.0,0.0,0.0,0.0,81232.97,0.0,0.0,0.0,0.0,0.0,0.0,10609.92,0.0,0.0,0.0,0.0,0.0,0.0,SFJIN,0.0,0.0,0.0,0.0,0.0,0.9325909296067996,1809858.96,0.0,0.0,0.0,-572596.9,138693.33,75402.12,28844.17,-462747.74,0.0,0.0,0.0,8678.1,222.18,-471425.84,0.0,-471425.84,2382455.86,9999.96,SFJIN,1948552.29,,,9999.96,2419978.13,81232.97,0.0,-0.2419364583744375,-0.2604765622178647,-0.3163765313513711,-0.2938576003007853,-0.2604765622178647,-0.3912004895762609,-0.3910511496311553,-0.4751546661291398,-0.4194770473922575,-0.4194770473922575,1.0722814990508451,-4627.4774,-94.285168,-0.3829022824865879,,-0.2604765622178647,-462747.7400000001,-452747.78,-377345.66,-452747.78,-0.2501563878767658,-0.1936543668530445,-0.2501563878767658,-0.2556816581994875,-0.3757009865869153,-0.3131304956289144,-0.3757009865869152,-0.3913053066772122,-5.803380573183524,-5.696550797047061,1.643321937626823,1.337108682767192,3.6489470808013422,-0.3371086827671919,-53.171302474043856,,2.2218,2.2218,53.55861682453997,1.0,-5.680278340186256,,-5.696550797047061,-2.8482753985235303,-0.0,,0.0047949040183772,0.000122760947074,0.000122760947074,0.9325909296067996,1.3237914191830604,0.0674090703932005,0.0674090703932005,49.9482802528521,0.072281499050845,0.0,0.0,0.0,0.072281499050845,0.0,-0.4194770473922575,-0.3910161192736613,1.072787096786353,1.0187534141171604,-2120.8194256908814,-2037.7521829147536,-1698.3781618507517,-2037.7521829147536,-52.171302474043856,-43.48252036736152,-52.17130247404385,-2037.7521829147536,-1698.3781618507517,-4527.4778,-4527.4778,-5.573448564049794,-4.645227916694417,-5.5734485640497935,3.2626078116775528,1.5018644527758225,18098.5896,80.43778274861766,20.84505665568548,87.18372974212312,68.69541887396574,108.0287863978086,1.337108682767192,0.0047949040183772,4.17509093814476,16.337627259087636,2.133873945625022,124.36641365689624,14.557816364463836,14.557816364463836,14.557816364463836,13.06534354216028,22.28678343288445,7.7289670684206175,1101341.69,0.9139197976902296,0.0448835913711198,-0.608523489587277,0.0674090703932005,-0.4535934147886939,1.275892534767595,0.0941075244323131,2.0504030230803565,1.0412548903055914,1.2493209541617625,1.0412548903055914,,2.882643548718362,0.0190263758907196,13.834798850762198,49.9482802528521,0.2222211358077805,49.9482802528521,0.0686916207049456,727.1378916417962,0.9325909296067996,0.9325909296067996,0.9313083792950544,1.9853734907167333,0.072281499050845,0.0,0.0,0.0,0.0686916207049456,-0.4622236536000188,0.9313083792950544,0
117,214,4617,3044,491312.93,0.0,0.0,0.0,0.0,0.0,0.0,0.0,0.0,491312.93,0.0,285317.79,0.0,0.0,0.0,0.0,283526.54,0.0,0.0,204984.21,204984.21,1010.93,370680.91,5000.0,208320.87,148283.17,120632.02,0.0,0.0,0.0,0.0,0.0,0.0,0.0,0.0,0.0,0.0,120632.02,0.0,0.0,0.0,0.0,0.0,0.0,109720.38,0.0,0.0,0.0,0.0,0.0,0.0,SFJIN,0.0,0.0,0.0,0.0,0.0,0.7544700889512514,2563516.75,0.0,0.0,0.0,167296.39,1161.09,0.0,1923.99,166533.49,200.48,0.0,0.0,6.8,6.8,166727.17,18444.0,148283.17,2396220.36,129157.54,SFJIN,2564878.32,,,129157.54,2398151.15,120632.02,0.0,0.0650039296990899,0.0650384554733258,0.0652605020037415,0.065230957039033,0.0578436516944935,0.3018100297095784,0.3018212404871983,0.3405088280497727,0.4000291517575049,0.4000291517575049,1.325433591926814,1665.3348999999998,29.656634000000004,0.602232695158257,,0.0578436516944935,166733.97,295891.51,295891.51,295691.03,0.1154240595463244,0.1153627864888343,0.1153458544790081,0.0650411080793601,0.6022465356244543,0.6022465356244543,0.6018384861151527,0.3389560498641873,1.2292189917734944,1.3805081768505574,6.915696710683052,0.9354926781734506,15.471139437297184,0.0645073218265494,43512.45735294118,,0.068,0.068,4913.1293,1.0,2.45278749373508,,1.3805081768505574,0.6902540884252787,0.0,,2.6526060342691344e-06,2.6526060342691344e-06,2.6526060342691344e-06,0.7544700889512514,0.4526600592416731,0.2455299110487485,0.2455299110487485,3706.8091,0.3254335919268138,0.0,0.0,0.0,0.3254335919268138,0.0,0.4497862325847857,0.3393640993734889,1.3253795360651013,0.890410511423258,21807.348529411767,43513.45735294118,43513.45735294118,43483.975,43513.45735294118,43513.45735294118,43483.975,43513.45735294118,43513.45735294118,2956.9103,2956.9103,2.4528438635115286,2.4528438635115286,2.451181949867041,8.953054901373498,5.217686312468919,25635.1675,25635.1675,0.0,40.62426873161643,40.369226025146894,40.62426873161643,0.9354926781734506,2.6526060342691344e-06,8.984777114669226,17.17589218014667,15.622265272891234,57.8001609117631,4.072823533917446,4.072823533917446,4.072823533917446,4.06444325478426,5.772075606460042,1.6992520725425968,370680.91,0.7544700889512514,0.0470572388497169,-0.1445985909785843,0.2455299110487485,-0.1716872991720368,0.0,0.0,1.2991861110378011,0.5011403334958817,0.5011403334958817,0.5014801091531252,,12.505923017192398,0.0,3.072823533917445,3706.8091,50.0,3706.8091,0.2455299110487485,0.0307282353391744,0.7544700889512514,0.7544700889512514,0.7544700889512514,1.2945991236925167,0.3254335919268138,0.0,0.0,0.0,0.2455299110487485,-0.1716872991720368,0.7544700889512514,0
117,214,5520,1433,204697.76,94028.88,0.0,0.0,93028.88,68589.86,0.0,1000.0,0.0,110668.88,0.0,12772.49,0.0,0.0,0.0,0.0,5466.0,0.0,0.0,97896.39,97896.39,0.0,192323.62,100000.0,64426.31,27897.31,12374.14,0.0,0.0,0.0,0.0,0.0,0.0,0.0,0.0,0.0,0.0,12374.14,0.0,0.0,0.0,0.0,0.0,0.0,11838.14,0.0,0.0,0.0,0.0,0.0,0.0,SFJIN,0.0,0.0,0.0,0.0,0.0,0.939549216366608,155492.79,0.0,0.0,0.0,31346.19,2.6,0.0,1.55,31347.24,35.07,0.0,35.07,0.0,0.0,31382.31,3485.0,27897.31,124146.6,14633.44,SFJIN,155530.46000000002,,,14633.44,124148.15,12374.14,0.0,0.2017759736581502,0.201824856316489,0.2015925625876286,0.2015891918081944,0.1794122415579526,0.1362853701965278,0.1361465963281669,0.1531340157312908,0.1450539980476657,0.1450539980476657,1.064340199087351,0.4570244056482985,0.2789731,0.2247985029245068,,0.1794122415579526,31382.31,46015.75,46015.75,45980.68,0.2959349433501064,0.2958632669124748,0.2957094023459222,0.201824856316489,0.2247985029245068,0.2247985029245068,0.2246271771610984,0.1531391452451653,2.254484756112344,2.533286353637505,1.5819034670624288,0.7984174057202267,1.6466943910141176,0.2015825942797733,460.1575,,0.0,0.0,2.1769669063377126,1.0,3.718702875512965,,2.533286353637505,1.2666431768187527,0.0,,0.0,0.0,0.0,0.939549216366608,0.8032638461700802,0.0604507836333919,0.060450783633392,2.0453675509056364,0.0643401990873508,0.0,0.0,0.0,0.0643401990873508,930.2888,0.1631744972354409,0.1533104710085738,1.064340199087351,0.8899446968855951,278.9731,460.1575,460.1575,459.8068,460.1575,460.1575,459.8068,460.1575,460.1575,459.8068,459.8068,3.718702875512965,3.718702875512965,3.715868739160863,1.4559063240480905,0.7596213558956385,1.671446436848428,1554.9279,0.0,29.89969091171365,12.795602934386862,29.89969091171365,0.7984174057202267,0.0,12.174038891398624,28.96717564846575,27.712429367303777,58.8668665601794,8.943561330322755,8.943561330322755,8.943561330322755,8.943561330322755,16.854930524464734,7.911369194141977,98294.74,0.4801945072579202,0.0795801528804004,-0.6321498250819219,0.0604507836333919,-0.4177976837655673,0.0,0.0,7.695816555738153,0.6062556841950854,0.6062556841950854,0.6067180824642002,,1.58834038721959,0.8496415613856397,15.542382743366408,2.0453675509056364,1.0635030428949064,2.0453675509056364,0.1118122818266526,18.29287013457661,0.939549216366608,0.939549216366608,0.939549216366608,1.8007598591666003,0.0643401990873508,0.0,0.0,0.0,0.0604507836333919,-0.4177976837655673,0.8881877181733473,0
117,214,4110,4655,109650.81,0.0,0.0,0.0,0.0,0.0,0.0,0.0,0.0,109650.81,12006.28,97476.0,0.0,0.0,0.0,0.0,36319.68,0.0,0.0,168.53,168.53,0.0,60000.0,0.0,48985.81,0.0,665.0,0.0,0.0,0.0,0.0,0.0,0.0,0.0,0.0,0.0,0.0,665.0,0.0,0.0,0.0,0.0,0.0,0.0,0.0,0.0,0.0,0.0,0.0,0.0,0.0,SFJIN,0.0,0.0,0.0,0.0,0.0,0.5471915802537163,0.0,0.0,0.0,0.0,0.0,0.0,0.0,0.0,0.0,0.0,0.0,0.0,0.0,0.0,0.0,0.0,0.0,0.0,0.0,SFJIN,0.0,,,0.0,0.0,665.0,0.0,0.0,0.0,0.0,0.0,0.0,0.0,0.0,0.0,0.0,0.0,1.8275135,0.0,0.0,0.0,,0.0,0.0,0.0,0.0,0.0,0.0,0.0,0.0,0.0,0.0,0.0,0.0,0.0,0.0,0.0,0.0,0.0,0.0,0.0,0.0,,0.0,0.0,606.65,0.5532562869348617,0.0,,0.0,0.0,0.0,,0.0,0.0,0.0,0.5471915802537163,0.5471915802537163,0.0060647066811453,0.4528084197462836,600.0,0.0110833333333333,0.0,0.0,0.0,0.0110833333333333,0.0,0.0,0.0,0.0,0.0,0.0,0.0,0.0,0.0,0.0,0.0,0.0,0.0,0.0,0.0,0.0,0.0,0.0,0.0,0.0,0.0,0.0,0.0,43702.859200000006,354812.64,132203.6352,398515.4992,0.0,0.0,0.0,2420.6,0.0,400936.0992,164.88843609022555,164.88843609022555,164.88843609022555,146.83387969924812,165.14186466165413,0.2534285714285714,108985.81,0.9939352933188548,6.65,-1089.8581,0.0060647066811453,0.0045277367308093,18.05455639097745,0.1101636992925959,0.9954652935616612,0.0,0.0,0.0,,0.0,0.0,90.22556390977444,600.0,0.0,600.0,0.0060647066811453,0.9022556390977444,0.5471915802537163,0.5471915802537163,0.5471915802537163,0.5480338918772975,0.0110833333333333,0.0,0.0,0.0,0.0060647066811453,0.0045277367308093,0.5471915802537163,0
117,224,4674,7773,33829.58,33829.58,0.0,0.0,33829.58,33829.58,0.0,0.0,0.0,0.0,0.0,0.0,0.0,0.0,0.0,0.0,0.0,0.0,0.0,0.0,0.0,0.0,7151.94,50000.0,4223.46,0.0,26677.64,0.0,0.0,0.0,0.0,0.0,0.0,0.0,0.0,0.0,0.0,26677.64,0.0,0.0,0.0,0.0,0.0,0.0,0.0,0.0,0.0,0.0,0.0,0.0,0.0,SFJIN,0.0,0.0,0.0,0.0,0.0,0.2114108422274234,0.0,0.0,0.0,0.0,0.0,0.0,0.0,0.0,0.0,0.0,0.0,0.0,0.0,0.0,0.0,0.0,0.0,0.0,0.0,SFJIN,0.0,,,0.0,0.0,26677.64,0.0,0.0,0.0,0.0,0.0,0.0,0.0,0.0,0.0,0.0,0.0,4.730126371306247,0.0,0.0,0.0,,0.0,0.0,0.0,0.0,0.0,0.0,0.0,0.0,0.0,0.0,0.0,0.0,0.0,0.0,0.0,-0.0,0.0,0.0,0.0,0.0,,0.0,0.0,1.0,1.0,0.0,,0.0,0.0,0.0,,0.0,0.0,0.0,0.2114108422274234,0.2114108422274234,0.7885891577725764,0.7885891577725765,0.2114108422274234,3.730126371306247,0.0,0.0,0.0,3.730126371306247,338.29580000000004,0.0,0.0,0.0,0.0,0.0,0.0,0.0,0.0,0.0,0.0,0.0,0.0,0.0,0.0,0.0,0.0,0.0,0.0,0.0,0.0,0.0,0.0,0.0,0.0,0.0,0.0,0.0,0.0,0.0,97106.60959999998,0.0,97106.60959999998,0.0,0.0,0.0,0.0,0.0,0.0,-26677.64,-0.7885891577725764,266.7764,266.7764,0.7885891577725764,0.7885891577725764,0.0,-0.0,-266.7764,0.0,0.0,0.0,,0.0,338.29580000000004,0.268087432021723,0.2114108422274234,1.4779964752740058,0.2114108422274234,266.7764,0.0007924645591867,0.2114108422274234,0.2114108422274234,0.2114108422274234,0.2114108422274234,3.730126371306247,0.0,0.0,0.0,0.7885891577725764,0.7885891577725764,-266.7764,0
117,214,6920,2768,177063.41,0.0,0.0,0.0,0.0,0.0,0.0,0.0,0.0,177063.41,0.0,4395.99,0.0,0.0,0.0,0.0,4395.99,0.0,0.0,172667.42,172667.42,0.0,111460.4,5000.0,0.0,46190.87,6991.06,0.0,0.0,0.0,0.0,0.0,0.0,0.0,0.0,0.0,0.0,6991.06,0.0,0.0,0.0,0.0,0.0,0.0,604.04,0.0,0.0,0.0,0.0,0.0,0.0,SFJIN,0.0,0.0,0.0,0.0,0.0,0.6294942585822785,176020.0,0.0,0.0,0.0,58611.95,0.0,0.0,0.0,58611.95,0.0,0.0,0.0,0.0,0.0,58611.95,0.0,58611.95,117408.05,0.0,SFJIN,176020.0,,,0.0,117408.05,6991.06,0.0,0.3329846040222702,0.3329846040222702,0.3329846040222702,0.3329846040222702,0.3329846040222702,0.3310223721546987,0.3310223721546987,0.3310223721546987,0.5258544738759237,0.5258544738759237,1.5885768398462594,586.1195,11.72239,0.3310223721546987,,0.3329846040222702,58611.95,58611.95,58611.95,58611.95,0.3329846040222702,0.3329846040222702,0.3329846040222702,0.3329846040222702,0.3310223721546987,0.3310223721546987,0.3310223721546987,0.3310223721546987,8.38384307959022,8.38384307959022,1.034971293099672,0.6670153959777299,-2.8758139180767164,0.3329846040222702,586.1195,,0.0,0.0,1184.5146,0.6689776278453012,8.38384307959022,,8.38384307959022,4.19192153979511,0.0,,0.0,0.0,0.0,0.6294942585822785,0.3686223483440197,0.0394833692630227,0.3705057414177215,1114.604,0.0627223659703356,0.0,0.0,0.0,0.0627223659703356,0.0,0.5258544738759237,0.3310223721546987,1.5885768398462594,1.0,586.1195,586.1195,586.1195,586.1195,586.1195,586.1195,586.1195,586.1195,586.1195,586.1195,586.1195,8.38384307959022,8.38384307959022,8.38384307959022,40.04103739999417,0.9941071393575894,1760.2,1760.2,0.0,9.090673559822749,9.090673559822749,9.090673559822749,0.6670153959777299,0.0,40.04103739999409,14.457140324963074,1.249122599704579,23.54781388478582,25.32711920652948,25.32711920652948,25.32711920652948,25.32711920652948,50.02543677210609,24.69831756557661,170072.35,0.9605166307369772,0.0397174184751732,-0.9662103738211568,0.0394833692630227,-0.9356894233540404,0.0,0.0,38.6880657144352,1.0,1.0,1.0,,1.019416401774,0.0,15.94327612693926,1114.604,50.0,1114.604,0.0394833692630227,0.1594327612693926,0.6294942585822785,0.6294942585822785,0.6294942585822785,25.35501673115732,0.0627223659703356,0.0,0.0,0.0,0.0394833692630227,-0.9356894233540404,0.6294942585822785,0
117,215,7111,9553,209108.54,0.0,0.0,0.0,0.0,0.0,0.0,0.0,0.0,209108.54,0.0,189542.21,0.0,0.0,0.0,0.0,0.0,0.0,0.0,0.0,0.0,0.0,30020.99,51000.0,0.0,0.0,179087.55,0.0,0.0,0.0,0.0,0.0,0.0,0.0,0.0,0.0,0.0,0.0,0.0,0.0,0.0,0.0,0.0,0.0,0.0,0.0,0.0,0.0,0.0,0.0,0.0,SFJMI,0.0,0.0,0.0,0.0,0.0,0.1435665420455807,520000.0,0.0,0.0,0.0,1012841.93,1238.0,0.0,6963.03,1007116.9,0.0,0.0,0.0,0.0,0.0,0.0,0.0,0.0,492841.93,4596.0,SFJMI,521238.0,,,4596.0,499804.96,0.0,179087.55,0.0,0.0,1.947772942307692,1.9431467582946755,0.0,0.0,0.0,4.84361819942887,0.0,0.0,6.965411200629959,10071.169,0.0,0.0219790162563422,,0.0,0.0,4596.0,4596.0,1011712.9,0.0088384615384615,0.0088174691791465,1.9456017307692304,0.0,0.0219790162563422,0.0219790162563422,4.838218946007657,4.8162399297513145,0.0,10071.169,2.4867468349212327,0.9611633846153846,17.321214257091455,0.0388366153846153,45.96,,0.0,0.0,3881.9609,1.856433457954419,45.96,,10071.169,5.623600858909511,0.0,,0.0,0.0,0.0,0.1435665420455807,0.1435665420455807,0.8564334579544192,0.8564334579544193,300.2099,5.965411200629958,0.0,0.0,0.0,0.0,0.0,0.0,0.0,0.0,0.0,0.0,45.96,45.96,10117.129,45.96,45.96,10117.129,45.96,45.96,10117.129,10117.129,0.0256634255145039,0.0256634255145039,5.649264284424015,2.4867468349212327,2.4867468349212327,5200.0,5200.0,0.0,132.679547,0.0,132.679547,0.9611633846153846,0.0,2.7434522368394885,0.0,0.0,132.679547,inf,2091.0854,2091.0854,2091.0854,2091.0854,0.0,209108.54,1.0,0.0,-0.4021318076923077,0.0,0.0,0.0,0.0,1.1032294073177684,0.0,0.0,0.0,,5200.0,0.0,0.1676330375841313,300.2099,510.0,2091.0854,0.8564334579544192,0.0016763303758413,0.1435665420455807,0.1435665420455807,0.1435665420455807,0.1435665420455807,5.965411200629958,0.8564334579544192,0.0,0.0,0.8564334579544192,0.8564334579544192,0.1435665420455807,1
117,216,4619,9854,15202040.98,323735.29,3600.0,0.0,192027.3,192027.3,0.0,128107.99,0.0,14878305.69,6808794.84,3968685.49,0.0,0.0,0.0,0.0,0.0,0.0,0.0,4056325.67,4056325.67,44499.69,10274553.32,814000.0,5435016.74,4015000.09,4927487.66,0.0,0.0,0.0,0.0,0.0,0.0,0.0,0.0,0.0,0.0,4905339.0,0.0,0.0,0.0,0.0,0.0,0.0,0.0,0.0,22148.66,0.0,0.0,0.0,0.0,SFJMA,2693875.95,360000.0,4787983.53,0.0,0.0,0.6758667032615775,22636647.23,0.0,0.0,0.0,5024338.85,37671.7,0.0,34779.2,5027231.35,10716.93,0.0,10716.93,26936.19,2076.93,5011012.09,996012.0,4015000.09,17612308.38,124484.35,SFJMA,22685035.86,,,124484.35,17674023.77,4905339.0,22148.66000000015,0.2208950482126326,0.2213672386677026,0.2219559636614966,0.2215872002820064,0.1773672597892051,0.2641092794896544,0.2636489202517595,0.3305042300971352,0.3907712544724036,0.3907712544724036,1.4795816914403828,26.17977417794241,4.932432542997542,0.3378162476180879,,0.1773672597892051,5037948.28,5162432.63,5162432.63,5151715.699999999,0.2280564156673479,0.2275699567706127,0.2275829829239248,0.2225571759285661,0.3395881274620797,0.3395881274620797,0.3388831609372493,0.3307728310170402,0.8184959469671719,1.024848914621395,2.269800745719728,0.7807703848729368,3.640369652597071,0.2192296151270631,190.6541511624324,,20.7693,20.7693,47.02666070171096,1.0014569530518396,1.0469197827102263,,1.024848914621395,0.5112702098625218,0.0,,0.0011899372608635,9.175077823572197e-05,9.175077823572197e-05,0.6758667032615775,0.411757423771923,0.3241332967384225,0.3241332967384225,31.73751406589007,0.4795816914403827,0.0,0.0,0.0,0.4774260103795928,8.669928564527096,0.4877109431361635,0.329764209068722,1.4789686986149724,0.7986503525444478,1934.141747675656,2485.6074253826564,2485.6074253826564,2480.4474392492766,191.6541511624324,191.6541511624324,191.25628754474928,2485.6074253826564,2485.6074253826564,51517.15699999999,51517.15699999999,1.0476804786153435,1.0476804786153435,1.0455055507942153,2.031629237375035,1.4890531646231624,117.88244291306498,6287.957563888889,109.48623692272824,63.81693824540818,43.317848082222376,173.30317516813642,0.7807703848729368,0.0011899372608635,5.703814849284013,78.87843892507398,76.99134890480863,252.1816140932104,3.194108446036698,3.033084092659039,3.019450624052907,1.6359748347667713,3.8600046520739952,0.8269205594149558,9972966.69,0.6560281414265731,0.2166990080359175,-0.4405673061328172,0.322676343686583,0.0558486410553012,1.388037572938384,0.6827251159704816,0.9253523443916134,0.7777341377140644,0.7777341377140644,0.7793520302372277,,5.580579339922674,0.0217588814711334,2.0851504922896145,31.73751406589007,2.514399959300081,31.805930023878464,0.3311860747230016,95.8298566521397,0.6758667032615775,0.6758667032615775,0.6757899269744705,0.921813590529068,0.4795816914403827,0.0014572981550638,0.0,0.0,0.3242100730255295,0.0573191678769147,0.6688139252769985,0
117,0,7219,1510,4860.0,0.0,0.0,0.0,0.0,0.0,0.0,0.0,0.0,4860.0,0.0,0.0,0.0,0.0,0.0,0.0,0.0,0.0,0.0,4860.0,4860.0,0.0,4860.0,5000.0,0.0,0.0,0.0,0.0,0.0,0.0,0.0,0.0,0.0,0.0,0.0,0.0,0.0,0.0,0.0,0.0,0.0,0.0,0.0,0.0,0.0,0.0,0.0,0.0,0.0,0.0,0.0,SFJIN,0.0,0.0,0.0,0.0,0.0,1.0,0.0,0.0,0.0,0.0,0.0,0.0,0.0,0.0,0.0,0.0,0.0,0.0,0.0,0.0,0.0,0.0,0.0,0.0,0.0,SFJIN,0.0,,,0.0,0.0,0.0,0.0,0.0,0.0,0.0,0.0,0.0,0.0,0.0,0.0,0.0,0.0,1.0,0.0,0.0,0.0,,0.0,0.0,0.0,0.0,0.0,0.0,0.0,0.0,0.0,0.0,0.0,0.0,0.0,0.0,0.0,0.0,0.0,0.0,0.0,0.0,,0.0,0.0,48.6,1.0,0.0,,0.0,0.0,0.0,,0.0,0.0,0.0,1.0,1.0,0.0,0.0,48.6,0.0,0.0,0.0,0.0,0.0,0.0,0.0,0.0,0.0,0.0,0.0,0.0,0.0,0.0,0.0,0.0,0.0,0.0,0.0,0.0,0.0,0.0,0.0,0.0,0.0,0.0,0.0,0.0,0.0,0.0,0.0,0.0,0.0,0.0,0.0,0.0,0.0,0.0,inf,48.6,48.6,48.6,97.2,48.6,4860.0,1.0,0.0,-48.6,0.0,-1.0,0.0,0.0,48.6,0.0,0.0,0.0,,0.0,0.0,48.6,48.6,50.0,48.6,0.0,0.486,1.0,1.0,1.0,inf,0.0,0.0,0.0,0.0,0.0,-1.0,1.0,0
117,214,6202,3589,40011.03,0.0,0.0,0.0,0.0,0.0,0.0,0.0,0.0,40011.03,0.0,1378.27,0.0,0.0,0.0,0.0,71.27,0.0,0.0,38632.76,38632.76,0.0,39678.93,45500.0,0.0,103.48,332.1,0.0,0.0,0.0,0.0,0.0,0.0,0.0,0.0,0.0,0.0,332.1,0.0,0.0,0.0,0.0,0.0,0.0,332.1,0.0,0.0,0.0,0.0,0.0,0.0,SFJIN,0.0,0.0,0.0,0.0,0.0,0.991699788783243,-33.33,0.0,0.0,0.0,-4896.96,5000.44,5000.0,0.0,103.48,0.0,0.0,0.0,0.0,0.0,103.48,0.0,103.48,4863.63,0.0,SFJIN,4967.11,,,0.0,4863.63,332.1,0.0,0.0208330397353793,-3.104710471047105,146.92349234923492,-0.9858770995609116,-3.104710471047105,0.0025862868314062,0.0025862868314062,-0.1223902508883175,0.0026079332280381,0.0026079332280381,1.0083696813396934,1.0348,0.0022742857142857,0.0025862868314062,,-3.104710471047105,103.48,103.48,5103.48,103.48,-3.104710471047105,1.0274545963346895,-3.104710471047105,-3.104710471047105,0.0025862868314062,0.1275518275835438,0.0025862868314062,0.0025862868314062,0.3115928937067148,0.3115928937067148,-0.0008399924090694,-145.92349234923495,-0.0318590668820555,146.92349234923492,1.0348,,0.0,0.0,400.1103,1.0,0.3115928937067148,,0.3115928937067148,0.1557964468533574,0.0,,-0.0,-0.0,-0.0,0.991699788783243,0.9891135019518368,0.0083002112167569,0.0083002112167569,396.7893,0.0083696813396933,0.0,0.0,0.0,0.0083696813396933,0.0,0.0026079332280381,0.0025862868314062,1.0083696813396934,1.0,1.0348,1.0348,51.0348,1.0348,1.0348,51.0348,1.0348,1.0348,51.0348,1.0348,1.0348,0.3115928937067148,15.367299006323394,0.3115928937067148,-0.0241824896428131,-0.0008330202946537,-0.3333,-0.3333,-0.0,-15093.56585658566,-780.4845484548456,-15093.56585658566,-145.92349234923495,-0.0,-0.024182489642813,-3636.858685868588,-3636.858685868588,-18730.42454245425,120.47886178861788,120.47886178861788,120.47886178861788,120.47886178861788,236.8075579644685,116.32869617585064,39678.93,0.991699788783243,-9.963996399639964,1190.4869486948696,0.0083002112167569,-0.9572525376127534,0.0,0.0,28.78893830671784,1.0,0.0202763604442458,1.0,,-0.0008627392917306,0.0,119.47886178861788,396.7893,455.0,396.7893,0.0083002112167569,1.1947886178861788,0.991699788783243,0.991699788783243,0.991699788783243,28.78893830671791,0.0083696813396933,0.0,0.0,0.0,0.0083002112167569,-0.9572525376127534,0.991699788783243,0
117,215,4941,1321,5624802.03,2337843.64,83253.28,0.0,2249676.74,772341.1,0.0,0.0,4913.62,3286958.39,151301.65,2415143.11,0.0,0.0,0.0,0.0,1681035.65,0.0,0.0,686620.68,686620.68,33892.95,1076068.26,200000.0,0.0,-13865.64,4548733.77,0.0,0.0,0.0,0.0,0.0,0.0,0.0,1845038.0,981038.0,0.0,2703695.77,0.0,0.0,0.0,0.0,0.0,0.0,2462326.52,0.0,0.0,0.0,0.0,0.0,0.0,SFJIN,0.0,0.0,0.0,0.0,0.0,0.1913077570127388,14411419.36,0.0,0.0,0.0,-1258166.04,2306442.39,0.0,981996.14,66280.21,73853.09,0.0,0.0,105392.94,4293.34,34740.36,48606.0,-13865.64,15669585.4,202099.54,SFJIN,16791714.84,,,202099.54,16756974.48,2703695.77,1845037.9999999995,0.0020688988784661,0.0024106133568234,-0.0873034090932178,-0.0752587895996926,-0.0009621286879268,-0.0024650894246672,-0.0018468267051169,-0.2236818350742914,-0.0128854650912201,-0.0128854650912201,5.2271795750206405,0.0858172768482734,-0.0693281999999999,0.0421063530301705,,-0.0009621286879268,140133.3,342232.84,342232.84,268379.75,0.0237473375419144,0.0203810535886875,0.0186227146192767,0.0097237681105131,0.060843535145716,0.060843535145716,0.0477136348210285,0.0119605931464556,-0.0051284024459601,0.0245146701546232,24.70828554039688,1.162756704347267,37.00477317126993,-0.1627567043472671,2.247208399348192,,0.0043763238528986,0.0043763238528986,3.195183759167058,1.3280183000502863,0.0875985762259043,,0.0245146701546232,0.0091390353583497,4.142199012919698,,0.0073131547536897,0.0002979123632968,0.0002979123632968,0.1913077570127388,0.193772846437406,0.8086922429872611,0.8086922429872613,0.4602823908274721,4.22717957502064,0.91168751692388,0.91168751692388,1.7146105582558488,2.5125690167647914,1.2193118732513917,0.0322845318381568,0.0069395686802509,4.652238968400743,-0.2091972852831938,-2.229569519301988,79.7124942352574,79.7124942352574,62.51071426907722,3.247208399348191,3.247208399348191,2.5464680081986515,79.7124942352574,79.7124942352574,0.2735671299174955,0.2735671299174955,0.075236946654717,0.075236946654717,0.0590009799584291,2.968410479457422,2.5621202814137085,6.405995627620704,173.10332229552998,3.821538963251709,61.00107630481165,42.45917499967887,64.82261526806336,1.162756704347267,0.0073131547536897,5.967107829067736,68.28926670551067,62.19282298922707,133.11188197357404,1.2157279034393726,1.2157279034393726,1.2157279034393726,1.147231069566677,1.4696842426172825,0.2539563391779098,583262.6200000001,0.1036947819477301,0.1876078755645897,-0.0404722536642636,0.4806739429369748,0.3586037480504891,0.055961048457756,0.2594057030433391,0.2272648252908432,-0.0405152234952087,-0.0405152234952087,-0.0516642555930542,,20.988909567943683,0.7112483221912645,0.2365643527209551,0.4602823908274721,0.0855489206284129,1.249487437919501,1.3838732439810408,0.3326044439614716,0.1913077570127388,0.1913077570127388,0.1791583950244956,0.2044963314976569,4.22717957502064,0.3329462724657975,0.1744128939592208,0.1770331804804568,0.8208416049755043,0.6969374924293501,-0.3838732439810411,0
117,214,2511,7216,20325109.68,6749713.49,0.0,0.0,6734500.27,6650426.56,0.0,0.0,15213.22,13575396.19,425711.4,3614554.79,0.0,0.0,0.0,0.0,0.0,0.0,0.0,9464175.51,9464175.51,70954.49,10880647.13,50000.0,681361.17,874749.25,9444462.55,0.0,0.0,0.0,0.0,0.0,0.0,0.0,1942525.64,1942525.64,0.0,3049280.83,0.0,0.0,0.0,0.0,515422.17,0.0,0.0,0.0,4452656.08,0.0,0.0,0.0,0.0,SFJMA,3437879.83,0.0,1192026.26,0.0,0.0,0.535330303319672,11835248.0,0.0,0.0,0.0,76759.37,1013015.59,0.0,180011.29,909763.67,233989.62,0.0,5652.64,67398.04,67398.04,1076355.25,201606.0,874749.25,11758488.63,456178.09,SFJMA,13082253.21,,,456178.09,12005897.96,3049280.83,6395181.720000001,0.0822759835574226,0.0909448834532238,0.0064856579262217,0.0059742991309536,0.0739105129017997,0.0430378612352954,0.0454985502444776,0.0037765783904001,0.0803949654417292,0.0803949654417292,1.8680055916857952,0.1367977921103454,17.494985,0.0754009874548436,,0.0739105129017997,1143753.29,1599931.38,1599931.38,1365941.76,0.13518359564582,0.122297845357176,0.1154130238757988,0.0966395710508136,0.0787169862888533,0.0787169862888533,0.0672046439849765,0.0447605786302453,0.2868706750109336,0.2983535202954724,1.124369968903704,1.014418790379382,8.355443083286053,-0.014418790379382,22.738544622365875,,0.0274204520233486,0.0274204520233486,3.958729720837381,1.314644389166219,0.502588454602917,,0.2983535202954724,0.0728175409346369,1.6038462236651896,,0.0056946875975898,0.0056946875975898,0.0056946875975898,0.535330303319672,0.4922924420843765,0.4646696966803281,0.464669696680328,1.612016146480908,0.8680055916857953,0.2259008844449126,0.1785303407776261,0.1785303407776261,0.2802481133307371,1.0530584688373794,0.0989238266014789,0.0562729209341221,1.7579294793900544,0.96151262008517,13.97885294587202,23.738544622365875,23.738544622365875,20.26678758017296,23.738544622365875,23.738544622365875,20.26678758017296,23.738544622365875,23.738544622365875,0.5557244765095317,0.5557244765095317,0.1694041743010564,0.1694041743010564,0.1446288502673982,1.0897081056518363,0.5822968823457784,1.75740552758193,118352.48,13.128973807730942,111.47316037230485,106.02449039935624,124.60213418003578,1.014418790379382,0.0056946875975898,3.2743307786461857,94.04006599185756,36.762185710007934,218.6422001718933,4.451999322738667,4.451999322738667,1.8095854914354377,4.289119641368027,7.55573952826116,3.1037402055224934,10526115.36,0.5178872599323656,0.257644016416048,-0.8893869701758679,0.1500253075141093,-0.3156142712633076,0.1396104274200287,0.0404433530737972,2.6053024392434896,0.5467417296359297,0.5467417296359297,0.6404001075419203,,1.2505313312812814,0.497201952379999,1.152066311068172,1.612016146480908,0.0074077218350196,2.5594906918041644,0.6957043770816093,2.317099330671325,0.535330303319672,0.535330303319672,0.535330303319672,1.001815033558941,0.8680055916857953,0.3146443891662188,0.1209315889900772,0.1209315889900772,0.4646696966803281,-0.0009698820970888,0.3042956229183909,0
117,214,4120,3863,482358.13,1946.56,0.0,0.0,1946.56,1946.56,0.0,0.0,0.0,480411.57,111041.3,348066.8,0.0,0.0,0.0,0.0,312138.62,0.0,0.0,12823.26,12823.26,8480.21,69789.25,50000.0,652.44,31753.97,412568.88,0.0,0.0,0.0,0.0,0.0,0.0,0.0,0.0,0.0,0.0,350786.01,0.0,0.0,0.0,0.0,242062.02,0.0,78375.51,0.0,61782.87,0.0,61782.87,0.0,61782.87,SFJIN,0.0,0.0,0.0,0.0,0.0,0.1446834740817989,1990268.96,0.0,0.0,0.0,70171.58,1425.54,0.0,6949.31,64647.81,0.0,0.0,0.0,26138.84,18877.12,38508.97,6755.0,31753.97,1920097.38,1338.75,SFJIN,1991694.5,,,1338.75,1953185.53,412568.88,0.0,0.0193347774972517,0.0193486261273953,0.0352573352699024,0.0352321001037056,0.0159546124861435,0.0658306930578738,0.0975301011304608,0.1454761009211143,0.4549980118714559,0.4549980118714559,6.911639400050867,33.21131123623212,0.6350794000000001,0.0826102381647428,,0.0159546124861435,64647.81,65986.56,65986.56,65986.56,0.0331545943418622,0.0331308641962911,0.0331545943418622,0.0324819465606296,0.1367999332777909,0.1367999332777909,0.1367999332777909,0.1340245058168709,0.0769664692111533,0.1566957982870642,29.336527782138354,0.9813676288254024,34.93784554608811,0.0186323711745975,1.5244639777434654,,0.0779846421177514,0.0779846421177514,247.8002887144501,1.0,0.0965844054936959,,0.1566957982870642,0.0783478991435321,6.074676794556877,,0.0131333204332343,0.0094847080366464,0.0094847080366464,0.1446834740817989,0.0788527810239251,0.8553165259182011,0.8553165259182011,35.85260664967944,5.911639400050867,3.468471433637702,0.0,0.0,5.911639400050867,19.4656,0.5517894231561451,0.1189698823983748,4.638059751193658,0.4911840014379451,2.6821406019562306,3.4955840721465985,3.4955840721465985,3.4955840721465985,2.524463977743465,2.524463977743465,2.524463977743465,3.4955840721465985,3.4955840721465985,0.2726018728588648,0.2726018728588648,0.1599407109910955,0.1599407109910955,0.1599407109910955,4.238809696924107,4.126122970084489,1022.4544632582608,19902.6896,20.30832717202201,63.65788631904303,57.0869867156045,83.96621349106505,0.9813676288254024,0.0131333204332343,5.718066072374613,75.45466232865331,14.334085600169336,159.42087581971836,1.1644396688378436,1.1644396688378436,1.012774950234715,0.8747389284426882,1.1955211697014083,0.0310815008635648,67842.69,0.1406479662735237,0.2072930283754211,-0.0340871969384479,0.8553165259182011,0.8287320045792531,0.2691460877999329,1.636746715084558,0.147770623084193,0.4812187512123681,0.4812187512123681,0.4812187512123681,,155.20772096955065,0.0040518591173813,0.1691578143266646,35.85260664967944,25.68633897747822,35.85260664967944,0.8587821479819897,41.74819741412619,0.1446834740817989,0.1446834740817989,0.1446834740817989,0.1486348607080023,5.911639400050867,0.0,0.5018304967721804,0.5018304967721804,0.8553165259182011,0.8287320045792531,0.1412178520180103,1
117,225,7311,4916,14511553.72,8311739.43,66199.48,66199.48,303295.06,303295.06,396.0,7853528.0,88320.89,6199814.29,0.0,4559627.44,897263.05,0.0,0.0,0.0,2881011.05,0.0,0.0,1538534.66,770093.25,101652.19,9637222.44,157500.0,8016314.52,230587.12,4874331.28,281955.77,21391.0,68153.06,0.0,68153.06,0.0,192411.71,311769.96,311769.96,0.0,4116974.15,242965.28,0.0,0.0,0.0,742749.36,0.0,1976953.28,0.0,163631.4,0.0,163631.4,134009.14,29622.26,SFJIN,0.0,0.0,0.0,0.0,0.0,0.6641068644991378,11558097.63,0.0,0.0,0.0,-28972.54,169459.41,95200.04,40347.96,100138.91,930992.78,873000.0,57980.78,713637.57,93535.63,317494.12,86907.0,230587.12,11587070.17,255114.54,SFJIN,12658549.82,,,255114.54,12341055.7,4428552.18,445779.10000000056,0.0250813975150907,0.027469409773449,-0.0025066875992463,-0.0024704667733596,0.0199502658120391,0.0158898987971358,0.0178744849452274,-0.0019965153669292,0.0239267196991252,0.0239267196991252,1.5057817551007986,0.3301699341888391,1.4640452063492064,0.0394588113063884,,0.0199502658120391,1031131.69,1286246.23,2254446.27,355253.45,0.1112852885635298,0.1780967253008765,0.0307363254207085,0.0892129243936832,0.0886360106449028,0.1553552647428024,0.0244807314815907,0.0069641722111905,0.0520682856671229,0.0226121102179268,6.52534572085438,1.0677410846546032,1.4271568362646525,-0.0677410846546031,0.8023802054031434,,0.0886997783976115,0.0886997783976115,1.7995430374072736,1.0307189091258795,0.1292992916705342,,0.0226121102179268,0.010764287269702,1.8416056089686104,,0.0617435146202342,0.0080926492398905,0.0080926492398905,0.6641068644991378,0.648216965702002,0.3358931355008621,0.3358931355008622,1.1594711938653737,0.5057817551007986,0.1094214984208666,0.0323506032927055,0.0323506032927055,0.4595257822024496,0.6803707486510687,0.0329445669617645,0.0283243102655171,1.1631198307367865,2.302672557550306,3.4652329812714147,13.751403930245615,24.102540069490097,3.798054816116597,1.802380205403144,3.15909134380355,0.4978065406505995,13.751403930245615,24.102540069490097,0.3368866205315233,0.3368866205315233,0.2638815780284839,0.4625139615048897,0.0728825000995828,0.8492942457132007,0.7964755430750664,38.10842692261457,174.59499122953838,0.0,143.59667492789643,118.98945799093408,143.59667492789643,1.0677410846546032,0.0617435146202342,2.5348776368448207,139.46871233687614,69.91205488199358,283.06538726477254,1.3999641503603104,1.3999641503603104,1.3500798001633898,1.3770103302700614,1.7473767126302666,0.3474125622699561,1771262.1100000003,0.1220587501639349,0.383155803123286,-0.1532485852518275,0.3051742263749825,0.1991528664512981,0.0,0.0,0.3884664116329645,0.1792713670383313,0.1022810448261426,0.6490777781327669,,15.0086987906984,1.3406432904621728,1.9771373520595013,1.1594711938653737,0.0189491022097645,1.2131036619852265,0.7862060139223945,1.4747676478341258,0.6641068644991378,0.6641068644991378,0.6610140608848971,0.6984187317410397,0.5057817551007986,0.0310017596611499,0.072667568225079,0.0733366694775041,0.3389859391151028,0.231988366192395,0.2137939860776055,0
117,0,4120,2196,193174.49,1000.0,0.0,0.0,0.0,0.0,0.0,0.0,0.0,192174.49,0.0,0.0,0.0,0.0,0.0,0.0,0.0,0.0,0.0,0.0,0.0,0.0,172253.49,50000.0,0.0,0.0,20921.0,0.0,0.0,0.0,0.0,0.0,0.0,0.0,0.0,0.0,0.0,0.0,0.0,0.0,0.0,0.0,0.0,0.0,0.0,0.0,0.0,0.0,0.0,0.0,0.0,SFJMI,0.0,0.0,0.0,0.0,0.0,0.8916989505187771,0.0,0.0,0.0,0.0,12431.0,51440.84,0.0,10.0,63861.84,0.0,0.0,0.0,0.0,0.0,0.0,36178.0,0.0,12431.0,0.0,SFJMI,51440.84,,,0.0,12441.0,0.0,20921.0,0.0,0.0,124.31,0.2416562404501948,0.0,0.0,0.0,0.0643511469863334,0.0,0.0,1.1214547235008128,638.6184,0.0,0.1872814572980107,,0.0,0.0,0.0,0.0,63861.84,0.0,0.0,638.6184,0.0,0.0,0.0,0.3305914771665761,0.3305914771665761,0.0,638.6184,0.0,124.41,0.0,-124.41,361.78,,0.0,0.0,214.09549,1.1083010494812229,361.78,,638.6184,3.052523301945413,0.0,,0.0,0.0,0.0,0.8916989505187771,0.8916989505187771,0.1083010494812229,0.1083010494812229,172.25349,0.1214547235008126,0.0,0.0,0.0,0.0,0.0,0.0,0.0,0.0,0.0,0.0,0.0,0.0,638.6184,0.0,0.0,638.6184,0.0,0.0,638.6184,638.6184,0.0,0.0,3.052523301945413,0.0,0.0,0.0,0.0,0.0,0.0,0.0,0.0,124.41,0.0,0.0,0.0,0.0,0.0,inf,1921.7449,1921.7449,1921.7449,1921.7449,0.0,192174.49,0.9948233330394712,0.0,-1921.7449,0.0,0.0,0.0,0.0,1921.7449,0.0,0.0,0.0,,0.0,0.0052036042869165,8.233520864203431,172.25349,50.0,193.17449,0.1088646052865809,1582.2726729826536,0.8916989505187771,0.8916989505187771,0.8916989505187771,0.8916989505187771,0.1214547235008126,0.1083010494812229,0.0,0.0,0.1083010494812229,0.1083010494812229,0.8911353947134191,0
117,0,4941,1304,2694303.22,47500.0,0.0,0.0,47500.0,0.0,0.0,0.0,0.0,2646803.22,45000.0,2070417.52,0.0,0.0,0.0,0.0,2067949.52,0.0,0.0,523135.18,410135.18,8250.52,164980.37,10000.0,131667.87,23312.5,2529322.85,0.0,0.0,0.0,0.0,0.0,0.0,0.0,0.0,0.0,0.0,2519322.85,0.0,0.0,0.0,0.0,0.0,48000.0,2405226.12,0.0,10000.0,0.0,10000.0,0.0,10000.0,SFJIN,0.0,0.0,0.0,0.0,0.0,0.0612330374604236,9965209.64,9451229.63,111712.33,315193.29,87074.39,41942.58,0.0,76139.7,52877.27,277.14,0.0,277.14,10698.91,336.39,42455.5,19143.0,23312.5,0.0,0.0,SFJIN,10007429.36,,,0.0,9964973.86,2529322.85,0.0,0.0042423981696734,0.0042603719875179,0.0087378382538473,0.0087012156991052,0.0023393888179155,0.0086525153616525,0.0086703279447515,0.0323179623412987,0.1413046897640004,0.1413046897640004,16.331053324707664,528.7727,2.33125,0.015757506313636,,0.0023393888179155,53154.41,53154.41,53154.41,52877.27,0.0053339981716631,0.0053114948992255,0.0053061874170466,0.0053339981716631,0.0197284439277031,0.0197284439277031,0.0196255824539303,0.0196255824539303,0.0092168937626922,0.0209057020933488,84.82446590864492,0.999976339684912,-27.823749288750307,2.366031508808199e-05,3.968207976326561,,0.007008125,3.3639,56.72217305263158,1.0,0.0167853226012646,,0.0209057020933488,0.0104528510466744,1.1305955647678156,,0.0010736261841451,3.375643986953796e-05,3.375643986953796e-05,0.0612330374604236,0.052580522098771,0.9387669625395764,0.9387669625395764,3.473270947368421,15.331053324707662,0.0,0.0,0.0,15.331053324707662,475.0,0.2573366758724083,0.0158823586307409,16.2026737876529,0.4408794175644847,70.3020006540028,158.01423942447755,158.01423942447755,157.19037426796277,4.9682079763265605,4.9682079763265605,4.942304402971891,158.01423942447755,158.01423942447755,1.1016097916666665,528.7727,0.0210152729217624,0.0210152729217624,0.0209057020933488,4.362730528354648,3.698622176608615,209.7938871578948,99652.0964,1.648234266349062,75.8340689358543,75.7436724432021,77.48230320220337,0.999976339684912,0.0010736261841451,4.813140124509766,92.64259093399264,88.09724687337335,170.12489413619602,1.046447360407154,1.046447360407154,1.0423263902815667,1.0253940891729183,1.2532755160140985,0.2068281556069443,117480.37000000013,0.043603247447405,0.2538153176273771,-0.011789051534695,0.9387669625395764,0.7446035231327823,0.0177913230808,0.3830427159873599,0.055535311062376,0.4385807311190172,0.4385807311190172,0.4408794175644847,,24.297378342428463,0.0179461773512577,0.0652270903257763,3.473270947368421,0.2105263157894736,3.473270947368421,0.955614240940813,3.6345952148525393,0.0612330374604236,0.0612330374604236,0.0612330374604236,0.072227772699245,15.331053324707662,0.0,0.0178153667499977,0.0178153667499977,0.9387669625395764,0.7446035231327823,0.0443857590591868,0
117,214,4791,1645,107468.78,0.0,0.0,0.0,0.0,0.0,0.0,0.0,0.0,107468.78,1304.1,2215.32,0.0,0.0,0.0,0.0,0.0,0.0,0.0,0.0,0.0,0.0,98558.59,100000.0,0.0,0.0,8910.19,0.0,0.0,0.0,0.0,0.0,0.0,0.0,0.0,0.0,0.0,0.0,0.0,0.0,0.0,0.0,0.0,0.0,0.0,0.0,0.0,0.0,0.0,0.0,0.0,SFJMI,0.0,0.0,0.0,0.0,0.0,0.9170904331471892,116144.8,0.0,0.0,0.0,228567.32,0.0,0.0,0.0,228567.32,0.0,0.0,0.0,0.0,0.0,0.0,0.0,0.0,112422.52,0.0,SFJMI,116144.8,,,0.0,112422.52,0.0,8910.19,0.0,0.0,1.967951384823083,1.967951384823083,0.0,0.0,0.0,2.1268252975422257,0.0,0.0,1.0904050068086404,2285.6732,0.0,0.0,,0.0,0.0,0.0,0.0,228567.32,0.0,0.0,1.967951384823083,0.0,0.0,0.0,2.1268252975422257,2.1268252975422257,0.0,2285.6732,1.0807306084613597,0.967951384823083,1.1784340664776152,0.032048615176917,0.0,,0.0,0.0,1163.7897,1.0829095668528106,0.0,,2285.6732,25.652350847737253,0.0,,0.0,0.0,0.0,0.9170904331471892,0.9170904331471892,0.0829095668528106,0.0829095668528106,985.5859,0.0904050068086404,0.0,0.0,0.0,0.0,0.0,0.0,0.0,0.0,0.0,0.0,0.0,0.0,2285.6732,0.0,0.0,2285.6732,0.0,0.0,2285.6732,2285.6732,0.0,0.0,25.652350847737253,1.0807306084613597,1.0807306084613597,1161.448,1161.448,4.098302291622182,6.961928558144661,0.0,11.060230849766842,0.967951384823083,0.0,52.42800137226224,0.0,0.0,11.060230849766842,inf,1074.6878,1074.6878,1061.6468,1074.6878,0.0,107468.78,1.0,0.0,-0.9252999703817992,0.0,0.0,13.041,0.0121346869295436,30.535934898363934,0.0,0.0,0.0,,1161.448,0.0,11.061334270088516,985.5859,1000.0,1074.6878,0.0829095668528106,0.1106133427008851,0.9170904331471892,0.9170904331471892,0.9170904331471892,0.9170904331471892,0.0904050068086404,0.0829095668528106,0.0,0.0,0.0829095668528106,0.0829095668528106,0.9170904331471892,0
117,214,6820,2896,17397506.12,14983175.68,0.0,0.0,6467807.8,6422751.0,0.0,8515367.88,0.0,2414330.44,0.0,2048765.01,0.0,0.0,0.0,0.0,0.0,0.0,0.0,364176.95,34176.95,1388.48,4964315.57,3300000.0,2333197.7,-145341.86,12433190.55,0.0,0.0,0.0,0.0,0.0,0.0,0.0,9039715.89,3039715.89,0.0,3393474.66,0.0,0.0,0.0,0.0,2034429.14,0.0,0.0,0.0,0.0,0.0,0.0,0.0,0.0,SFJMA,316580.44,0.0,29359.14,0.0,0.0,0.2853463902100929,932170.15,0.0,0.0,0.0,41176.02,85746.48,0.0,60489.1,66433.4,2118.5,0.0,2105.01,213893.76,213863.6,-145341.86,0.0,-145341.86,890994.13,534390.0,SFJMA,1020035.13,,,534390.0,1165376.99,3393474.66,9039715.89,-0.1424871121840676,-0.1559177366921693,0.04417221469707,0.0404512695700825,-0.1559177366921693,-0.0083541778343113,0.0015049627066893,0.0023667771527704,-0.0292773209016605,-0.0292773209016605,3.5045125304151443,0.0103434494035344,-0.0440429878787878,0.022362293613609,,-0.1559177366921693,68551.90000000002,602941.9,602941.9,600823.4,0.646815283668974,0.5910991516537278,0.6445426299050662,0.0735401149672085,0.0346568005690691,0.0346568005690691,0.0345350302425989,0.0038185587946785,-0.0428298056010826,0.0195768074484457,-0.9520253819197336,1.2501762580576088,0.2026395782829692,-0.2501762580576088,1.8188849454981764,,0.0421477113357163,0.0421477113357163,1.7644605238987627,1.5195983739076275,0.1146459540676222,,0.0195768074484457,0.0041975614646871,13.042460580842258,,0.2294578516593778,0.2294254970511553,0.2294254970511553,0.2853463902100929,0.2937005680444043,0.7146536097899071,0.7146536097899071,0.3313259936360834,2.5045125304151443,1.022123786945317,0.6123131874148766,1.8209390121426143,0.68357351827253,0.715487951026744,-0.0292773209016605,0.0039385955393473,-7.433441847271296,-2.187782952550976,0.320399263829843,2.819282477242504,2.819282477242504,2.809376630712286,2.8188849454981764,2.8188849454981764,2.808980495737697,2.819282477242504,2.819282477242504,0.1184087952645689,0.1184087952645689,0.0484945435023514,0.0484945435023514,0.0483241528056529,0.0536861416882301,0.0535806766539019,0.1441245904060414,9321.7015,0.0,800.0153873624895,123.62043577559312,800.0153873624895,1.2501762580576088,0.2294578516593778,0.4549912486059101,1325.1065551069191,11.464352253716768,2125.1219424694086,0.711462639888992,0.711462639888992,0.711462639888992,0.7110534781479699,0.8187794718938611,0.107316832004869,-979144.2200000002,-0.0562807228373028,3.640402623920108,1.0503921628470942,0.1950552358822794,0.1741225259014307,0.0,-0.0,-0.4779192416996619,-0.2410545029297184,-0.2410545029297184,-0.2419044597796956,,27.27481972499009,6.205934130540971,0.3992792960130414,0.3313259936360834,0.2202470337716817,0.9346504211849436,5.149746838299401,0.0643383071128788,0.2853463902100929,0.2853463902100929,0.2853463902100929,0.2859080491647444,2.5045125304151443,0.5195983739076276,0.2916593329527163,0.2916593329527163,0.7146536097899071,0.6937208998090584,-4.1497468382994,0
117,216,4941,2148,414934.94,0.0,0.0,0.0,0.0,0.0,0.0,0.0,0.0,414934.94,0.0,0.0,0.0,0.0,0.0,0.0,0.0,0.0,0.0,0.0,0.0,0.0,414934.94,500000.0,0.0,0.0,0.0,0.0,0.0,0.0,0.0,0.0,0.0,0.0,0.0,0.0,0.0,0.0,0.0,0.0,0.0,0.0,0.0,0.0,0.0,0.0,0.0,0.0,0.0,0.0,0.0,SFJMI,0.0,0.0,0.0,0.0,0.0,1.0,0.0,0.0,0.0,0.0,0.0,0.0,0.0,0.0,0.0,0.0,0.0,0.0,0.0,0.0,0.0,0.0,0.0,0.0,0.0,SFJIN,0.0,,,0.0,0.0,0.0,0.0,0.0,0.0,0.0,0.0,0.0,0.0,0.0,0.0,0.0,0.0,1.0,0.0,0.0,0.0,,0.0,0.0,0.0,0.0,0.0,0.0,0.0,0.0,0.0,0.0,0.0,0.0,0.0,0.0,0.0,0.0,0.0,0.0,0.0,0.0,,0.0,0.0,4149.3494,1.0,0.0,,0.0,0.0,0.0,,0.0,0.0,0.0,1.0,1.0,0.0,0.0,4149.3494,0.0,0.0,0.0,0.0,0.0,0.0,0.0,0.0,0.0,0.0,0.0,0.0,0.0,0.0,0.0,0.0,0.0,0.0,0.0,0.0,0.0,0.0,0.0,0.0,0.0,0.0,0.0,0.0,0.0,0.0,0.0,0.0,0.0,0.0,0.0,0.0,0.0,0.0,inf,4149.3494,4149.3494,4149.3494,4149.3494,0.0,414934.94,1.0,0.0,-4149.3494,0.0,0.0,0.0,0.0,4149.3494,0.0,0.0,0.0,,0.0,0.0,4149.3494,4149.3494,5000.0,4149.3494,0.0,41.493494,1.0,1.0,1.0,1.0,0.0,0.0,0.0,0.0,0.0,0.0,1.0,0
117,224,8621,1763,292589.94,276403.18,0.0,0.0,0.0,0.0,0.0,0.0,0.0,16186.76,0.0,0.0,0.0,0.0,0.0,0.0,0.0,0.0,0.0,0.0,0.0,0.0,291147.5,130000.0,0.0,0.0,1442.44,0.0,0.0,0.0,0.0,0.0,0.0,0.0,0.0,0.0,0.0,0.0,0.0,0.0,0.0,0.0,0.0,0.0,0.0,0.0,0.0,0.0,0.0,0.0,0.0,SFJMI,0.0,0.0,0.0,0.0,0.0,0.9950700970785256,0.0,0.0,0.0,0.0,26850.18,0.0,0.0,10.35,26839.83,0.0,0.0,0.0,0.0,0.0,0.0,0.0,0.0,26850.18,5258.64,SFJMI,0.0,,,5258.64,26860.53,0.0,1442.44,0.0,0.0,268.5018,268.5018,0.0,0.0,0.0,0.09176726992049,0.0,0.0,1.0049543272739765,268.3983,0.0,0.0179727300261929,,0.0,0.0,5258.64,5258.64,32098.47,52.586400000000005,52.586400000000005,320.98470000000003,0.0,0.0179727300261929,0.0179727300261929,0.1097046262082695,0.0917318961820765,0.0,268.3983,0.0,268.6053,0.0,-268.6053,52.586400000000005,,0.0,0.0,1.063780742319969,1.0049299029214744,52.586400000000005,,268.3983,18.60724189567677,0.0,,0.0,0.0,0.0,0.9950700970785256,0.9950700970785256,0.0049299029214743,0.0049299029214743,1.053343525208357,0.0049543272739762,0.0,0.0,0.0,0.0,0.0,0.0,0.0,0.0,0.0,0.0,52.586400000000005,52.586400000000005,320.98470000000003,52.586400000000005,52.586400000000005,320.98470000000003,52.586400000000005,52.586400000000005,320.98470000000003,320.98470000000003,3.645655971825518,3.645655971825518,22.252897867502288,0.0,0.0,0.0,0.0,0.0,0.0,0.0,0.0,268.6053,0.0,0.0,0.0,0.0,0.0,inf,161.8676,161.8676,161.8676,161.8676,0.0,16186.76,0.0553223395172096,0.0,-161.8676,0.0,0.0,0.0,0.0,161.8676,0.0,0.0,0.0,,0.0,17.075880534461497,201.8437508665872,1.053343525208357,0.4703274397928417,1.0585621337641629,0.0891123362550627,11.820400737709452,0.9950700970785256,0.9950700970785256,0.9950700970785256,0.9950700970785256,0.0049543272739762,0.0049299029214743,0.0,0.0,0.0049299029214743,0.0049299029214743,0.9108876637449376,0
117,214,8122,1739,4524761.25,46591.52,0.0,0.0,46591.52,46591.52,0.0,0.0,0.0,4478169.73,0.0,4403483.88,0.0,0.0,0.0,0.0,1669136.37,0.0,215197.0,69597.03,69597.03,5088.82,3181451.64,5000.0,1964980.52,1211471.12,1343309.61,0.0,0.0,0.0,0.0,0.0,0.0,0.0,0.0,0.0,0.0,1329158.41,0.0,0.0,0.0,0.0,167.0,0.0,536245.21,0.0,14151.2,0.0,0.0,0.0,0.0,SFJIN,0.0,0.0,0.0,0.0,0.0,0.7031203336971648,2397832.25,0.0,0.0,0.0,1418563.69,0.0,0.0,0.0,1418563.69,23160.61,0.0,0.0,13964.18,0.0,1427760.12,216289.0,1211471.12,979268.56,12259.44,SFJIN,2420992.86,,,12259.44,993232.74,1329158.41,14151.200000000186,0.5897415657805782,0.5954378668482752,0.5916025568510891,0.5916025568510891,0.5052359772039934,0.2677425510572519,0.2677425510572519,0.3135112797387928,0.3807919330812145,0.3807919330812145,1.4222316608904984,30.446821438751087,242.294224,0.3182531586611338,,0.5052359772039934,1441724.3,1453983.74,1453983.74,1430823.13,0.6063742532447798,0.600573328415351,0.5967152748070679,0.601261535288801,0.3213393281247712,0.3213393281247712,0.3162206912022153,0.3135112797387928,0.9114572882249604,1.067264578343224,0.761455582827184,0.4142211115894367,0.7705476477900103,0.5857788884105632,103.12238599044126,,0.0,0.0,97.41928252179795,1.0031275020311845,1.0834070259541149,,1.067264578343224,0.5308066099889195,0.0001159706469542,,0.0058236684405258,0.0,0.0,0.7031203336971648,0.4353777826399128,0.2968796663028353,0.2968796663028353,68.28392033571775,0.4222316608904984,5.249176127662277e-05,0.0,0.0,0.4177836284822483,3.292407711006797,0.4487763076606124,0.3155437471977113,1.4222316608904984,0.8540124976693857,12114.711200000002,14539.8374,14539.8374,14308.2313,104.12238599044126,104.12238599044126,102.46381312758784,14539.8374,14539.8374,8567.803173652694,8567.803173652694,1.082389144822689,1.082389144822689,1.065147691454392,0.5382141109940949,0.529935640250632,51.46499298584807,23978.3225,0.0,668.4654993359105,253.3812107498346,668.4654993359105,0.4142211115894367,0.0058236684405258,0.544530720525767,201.7712712138224,81.40405002893759,870.2367705497329,3.207272133951288,3.369176838748664,3.333683982205711,3.365348235655373,3.421538565895995,0.0523617271473307,3149011.3200000003,0.6959508239246878,0.5543166791588527,-1.313274237595228,0.2937521642716508,0.2783707935971207,0.0,0.0,0.7151181668456569,0.8332081622866018,0.8332081622866018,0.846695230597789,,34.45308298356984,0.0104041433909652,2.3683681083767425,68.28392033571775,0.1073156660267791,68.58764942633339,0.2999684449209119,227.63701146539304,0.7031203336971648,0.7031203336971648,0.7031203336971648,0.7141042356458861,0.4222316608904984,0.0031275020311845,3.6908024705170906e-05,3.6908024705170906e-05,0.2968796663028353,0.2814982956283052,0.700031555079088,0
117,214,2229,2463,3711377.53,2684681.06,0.0,0.0,0.0,0.0,0.0,0.0,0.0,1026696.47,231966.94,379340.66,0.0,0.0,0.0,0.0,0.0,0.0,0.0,0.0,0.0,0.0,1800465.15,1550000.0,0.0,0.0,1910912.32,0.0,0.0,0.0,0.0,0.0,0.0,0.0,0.0,1413339.28,0.0,0.0,0.0,0.0,0.0,0.0,0.0,0.0,0.0,0.0,0.0,0.0,0.0,0.0,0.0,SFJMI,0.0,0.0,0.0,0.0,1413339.28,0.485120453375165,2031275.81,0.0,0.0,0.0,3990776.53,14033.99,0.0,49617.07,3955193.4500000007,0.0,0.0,0.0,0.0,0.0,0.0,5379.0,0.0,1959500.72,297385.85,SFJMI,2045309.8,,,297385.85,2009117.79,0.0,1910912.32,0.0,0.0,1.9646650200594864,1.951184378034076,0.0,0.0,0.0,1.075281751247764,0.0,0.0,2.061343719982584,39551.9345,0.0,0.0815774864057012,,0.0,0.0,297385.85,297385.85,4252579.300000001,0.1464034812682577,0.1453989268520592,2.093550899914473,0.0,0.0801281593144742,0.0801281593144742,1.145822343759246,1.0656941844447716,0.0,39551.9345,1.9784579662575448,0.989091574915176,1.1281950167155417,0.0109084250848239,3027.6485,,0.0,0.0,2.094211440520238,1.514879514291827,3027.6485,,39551.9345,2.069793265030601,4.668108864024341,,0.0,0.0,0.0,0.485120453375165,0.485120453375165,0.514879530458331,0.514879546624835,0.6706439646875595,1.0613436866578618,0.7849856355175773,0.7849856355175773,0.0,0.0,0.0,0.0,0.0,0.0,0.0,0.0,2973.8585,2973.8585,42525.793000000005,2973.8585,2973.8585,42525.793000000005,2973.8585,2973.8585,3.008887788075911,3.008887788075911,0.1556250629018918,0.1556250629018918,2.2254183279324926,0.5473104780046454,0.5473104780046454,20312.7581,20312.7581,41.68214512434921,68.16373247707804,0.0,109.84587760142723,0.989091574915176,0.0,5.354753719255933,0.0,0.0,109.84587760142723,inf,10266.9647,10266.9647,7947.295300000001,10266.9647,0.0,1026696.47,0.2766348779397821,0.0,-0.5054441474395346,0.0,0.0,2319.6694,0.2259352659506076,1.6795087612193926,0.0,0.0,0.0,,20312.7581,2.6148731766848288,0.9422018640813408,0.6706439646875595,0.5773497727882805,1.3824277026038987,1.8612242038779,0.3603241153270297,0.485120453375165,0.485120453375165,0.485120453375165,0.485120453375165,1.0613436866578618,0.514879530458331,0.3808125873952791,0.3808125873952791,0.514879530458331,0.514879530458331,-0.861224262317762,0
117,214,4773,1281,5000.0,0.0,0.0,0.0,0.0,0.0,0.0,0.0,0.0,5000.0,0.0,0.0,0.0,0.0,0.0,0.0,0.0,0.0,0.0,5000.0,5000.0,0.0,5000.0,5000.0,0.0,0.0,0.0,0.0,0.0,0.0,0.0,0.0,0.0,0.0,0.0,0.0,0.0,0.0,0.0,0.0,0.0,0.0,0.0,0.0,0.0,0.0,0.0,0.0,0.0,0.0,0.0,SFJIN,0.0,0.0,0.0,0.0,0.0,1.0,0.0,0.0,0.0,0.0,0.0,0.0,0.0,0.0,0.0,0.0,0.0,0.0,0.0,0.0,0.0,0.0,0.0,0.0,0.0,SFJIN,0.0,,,0.0,0.0,0.0,0.0,0.0,0.0,0.0,0.0,0.0,0.0,0.0,0.0,0.0,0.0,1.0,0.0,0.0,0.0,,0.0,0.0,0.0,0.0,0.0,0.0,0.0,0.0,0.0,0.0,0.0,0.0,0.0,0.0,0.0,0.0,0.0,0.0,0.0,0.0,,0.0,0.0,50.0,1.0,0.0,,0.0,0.0,0.0,,0.0,0.0,0.0,1.0,1.0,0.0,0.0,50.0,0.0,0.0,0.0,0.0,0.0,0.0,0.0,0.0,0.0,0.0,0.0,0.0,0.0,0.0,0.0,0.0,0.0,0.0,0.0,0.0,0.0,0.0,0.0,0.0,0.0,0.0,0.0,0.0,0.0,0.0,0.0,0.0,0.0,0.0,0.0,0.0,0.0,0.0,inf,50.0,50.0,50.0,100.0,50.0,5000.0,1.0,0.0,-50.0,0.0,-1.0,0.0,0.0,50.0,0.0,0.0,0.0,,0.0,0.0,50.0,50.0,50.0,50.0,0.0,0.5,1.0,1.0,1.0,inf,0.0,0.0,0.0,0.0,0.0,-1.0,1.0,0
117,226,4110,1521,80226.51,0.0,0.0,0.0,0.0,0.0,0.0,0.0,0.0,80226.51,0.0,2180.51,0.0,0.0,0.0,0.0,0.0,0.0,0.0,0.0,0.0,0.0,5436.02,5000.0,0.0,0.0,74790.49,0.0,0.0,0.0,0.0,0.0,0.0,0.0,0.0,0.0,0.0,0.0,0.0,0.0,0.0,0.0,0.0,0.0,0.0,0.0,0.0,0.0,0.0,0.0,0.0,SFJMI,0.0,0.0,0.0,0.0,0.0,0.0677584005586183,97253.4,0.0,0.0,0.0,188367.42,205.47,0.0,804.83,187768.06,0.0,0.0,0.0,0.0,0.0,0.0,5104.0,0.0,91114.02,0.0,SFJMI,97458.87,,,0.0,91918.85,0.0,74790.49,0.0,0.0,1.9368723355687307,1.932788878015926,0.0,0.0,0.0,2.347944837685199,0.0,0.0,14.758317666233747,1877.6806,0.0,0.0636198682954051,,0.0,0.0,0.0,0.0,187768.06,0.0,0.0,1.930709466198611,0.0,0.0,0.0,2.340473990455275,2.340473990455275,0.0,1877.6806,1.2122352075392535,0.9451479331313868,17.8905522790571,0.0548520668686132,51.04,,0.0,0.0,1550.17,1.9322415994413813,51.04,,1877.6806,2.510587375480492,0.0,,0.0,0.0,0.0,0.0677584005586183,0.0677584005586183,0.9322415994413816,0.9322415994413816,54.360200000000006,13.758317666233753,0.0,0.0,0.0,0.0,0.0,0.0,0.0,0.0,0.0,0.0,0.0,0.0,1877.6806,0.0,0.0,1877.6806,0.0,0.0,1877.6806,1877.6806,0.0,0.0,2.510587375480492,1.2122352075392535,1.2122352075392535,972.534,972.534,0.0,8.161212255818308,0.0,8.161212255818308,0.9451479331313868,0.0,44.60121714644738,0.0,0.0,8.161212255818308,inf,802.2651,802.2651,802.2651,802.2651,0.0,80226.51,1.0,0.0,-0.8249224191647798,0.0,0.0,0.0,0.0,36.79254394614104,0.0,0.0,0.0,,972.534,0.0,0.0726833050565653,54.360200000000006,50.0,802.2651000000001,0.9322415994413816,0.0007268330505656,0.0677584005586183,0.0677584005586183,0.0677584005586183,0.0677584005586183,13.758317666233753,0.9322415994413816,0.0,0.0,0.9322415994413816,0.9322415994413816,0.0677584005586183,0
117,214,4120,5469,11944966.51,9027356.77,0.0,0.0,9027356.77,8003547.0,0.0,0.0,0.0,2917609.74,0.0,165237.8,0.0,0.0,0.0,0.0,0.0,0.0,0.0,2752371.94,2752371.94,0.0,2762832.01,50000.0,0.0,-137662.17,9182134.5,0.0,0.0,0.0,0.0,0.0,0.0,0.0,0.0,0.0,0.0,682134.5,0.0,0.0,0.0,0.0,0.0,0.0,681894.5,0.0,8500000.0,0.0,8500000.0,0.0,8500000.0,SFJIN,0.0,0.0,0.0,0.0,0.0,0.2312967564778881,0.0,0.0,0.0,184444.66,-184444.66,0.0,0.0,0.0,-184444.66,46782.49,0.0,46782.49,0.0,0.0,-137662.17,0.0,-137662.17,0.0,0.0,SFJIN,46782.49,,,0.0,184444.66,9182134.5,0.0,-2.942600319050996,-1376.6217,-1844.4466,-1844.4466,-1376.6217,-0.0115247012107361,-0.0146970681544422,-0.0154412036103732,-0.0498264713532112,-0.0498264713532112,4.323450165180329,-0.0230453647613989,-2.7532434,-0.0115247012107361,,-1376.6217,-137662.17,-137662.17,-137662.17,-184444.66,-1376.6217,-2.942600319050996,-1844.4466,-1376.6217,-0.0115247012107361,-0.0115247012107361,-0.0154412036103732,-0.0154412036103732,-0.0149923931085958,-0.0200873402584115,-0.0,1844.4466,0.0,-1844.4466,-1376.6217,,0.0,0.0,1.3231964587569969,1.0,-0.0149923931085958,,-0.0200873402584115,-0.0100436701292057,-0.0,,0.0,0.0,0.0,0.2312967564778881,0.2428214576886243,0.7687032435221118,0.7687032435221118,0.3060510490935211,3.323450165180329,0.0,0.0,0.0,3.323450165180329,90273.5677,-0.0498264713532112,-0.0115247012107361,4.323450165180328,0.7463602903982149,-1376.6217,-1376.6217,-1376.6217,-1844.4466,-1376.6217,-1376.6217,-1844.4466,-1376.6217,-1376.6217,-1844.4466,-1844.4466,-0.0149923931085958,-0.0149923931085958,-0.0200873402584115,0.0,0.0,0.0,0.0,0.0,601465.592,0.0,601465.592,1844.4466,0.0,0.0,33422969.58,2482095.98,34024435.172,0.3177485300395022,0.3177485300395022,0.1650032545561736,0.3177485300395022,0.6175014839959053,0.299752953956403,-6264524.76,-0.5244489178563633,91821.345,62645.2476,0.7687032435221118,0.5382821755604906,0.0,-0.0,-37.91217723789593,1.0,1.0,0.7463602903982149,,0.0,3.094093307352339,0.30089213025577,0.3060510490935211,0.005538719835042,0.3060510490935211,3.1471428046439134,0.0972472709665138,0.2312967564778881,0.2312967564778881,0.2312967564778881,0.3005497511025333,3.323450165180329,0.0,0.0,0.0,0.7687032435221118,0.5382821755604906,-2.1471428046439134,0
117,214,7712,1447,133031.42,0.0,0.0,0.0,0.0,0.0,0.0,0.0,0.0,133031.42,0.0,96165.69,0.0,0.0,0.0,0.0,94129.49,0.0,0.0,36242.91,36242.91,622.82,130883.39,5000.0,135621.78,-9738.39,2148.03,0.0,0.0,0.0,0.0,0.0,0.0,0.0,0.0,0.0,0.0,2148.03,0.0,0.0,0.0,0.0,0.0,0.0,640.0,0.0,0.0,0.0,0.0,0.0,0.0,SFJIN,0.0,0.0,0.0,0.0,0.0,0.9838532130229084,460167.31,0.0,0.0,0.0,-40098.91,31410.36,0.0,3.69,-8692.24,0.0,0.0,0.0,12.15,0.0,-8704.39,1034.0,-9738.39,500266.22,0.0,SFJIN,491577.67,,,0.0,500282.06,2148.03,0.0,-0.0177070492237778,-0.0189157069849225,-0.0871398491996313,-0.0815718704228367,-0.0211627157956961,-0.0732036837613249,-0.0732036837613249,-0.3014243552387849,-0.0744050868486826,-0.0744050868486826,1.0164117845663994,-86.9224,-1.947678,-0.0654310838747718,,-0.0211627157956961,-8692.24,-8692.24,-8692.24,-8692.24,-0.0188893035448345,-0.0176823328854624,-0.0188893035448345,-0.0188893035448345,-0.0653397520675942,-0.0653397520675942,-0.0653397520675942,-0.0653397520675942,-4.533637798354771,-4.046610149765133,3.5158572069381755,1.0871742714622643,4.8622672877398765,-0.0871742714622644,-716.4106995884773,,0.0,0.0,1330.3142,1.0,-4.052266495346899,,-4.046610149765133,-2.0233050748825665,-0.0,,2.640344008791064e-05,0.0,0.0,0.9838532130229084,1.057056896784233,0.0161467869770915,0.0161467869770916,1308.8339,0.0164117845663991,0.0,0.0,0.0,0.0164117845663991,0.0,-0.0665049247272705,-0.0654310838747718,1.0164117845663994,1.1203544770968128,-97.3839,-86.9224,-86.9224,-86.9224,-715.4106995884773,-715.4106995884773,-715.4106995884773,-86.9224,-86.9224,-86.9224,-86.9224,-4.046610149765133,-4.046610149765133,-4.046610149765133,4.754358859331546,3.459087409575873,4601.6731,4601.6731,0.0,76.27764095193986,74.66254795456896,76.27764095193986,1.0871742714622643,2.640344008791064e-05,4.7851506082886734,1.703795408674293,0.5076414489329979,77.98143636061415,61.93182590559722,61.93182590559722,61.93182590559722,61.6418765101046,78.8044533828671,16.87262747726987,130883.39,0.9838532130229084,0.0046679326265049,-0.2844256581372545,0.0161467869770915,-0.256291934642207,0.0,0.0,1.3610196110483896,1.1203544770968128,1.1203544770968128,1.1203544770968128,,12.696753930630845,0.0,60.931825905597215,1308.8339,50.0,1308.8339,0.0161467869770915,0.6093182590559721,0.9838532130229084,0.9838532130229084,0.9838532130229084,1.3522616475860614,0.0164117845663991,0.0,0.0,0.0,0.0161467869770915,-0.256291934642207,0.9838532130229084,0
117,215,4941,8906,10534174.02,4075550.64,0.0,0.0,4075550.64,4045550.64,0.0,0.0,0.0,6458623.38,92000.0,5942903.72,0.0,0.0,0.0,0.0,5406236.43,0.0,0.0,329124.23,329124.23,94595.43,1671217.61,50000.0,0.0,1439791.42,8862956.41,0.0,0.0,0.0,0.0,0.0,0.0,0.0,0.0,0.0,0.0,8862956.41,0.0,0.0,0.0,0.0,188250.19,0.0,7546330.69,0.0,0.0,0.0,0.0,0.0,0.0,SFJIN,0.0,0.0,0.0,0.0,0.0,0.1586472377261905,19359132.45,0.0,0.0,0.0,1956571.61,180541.98,0.0,165078.82,1972034.77,0.0,0.0,0.0,193874.35,131312.82,1778160.42,338369.0,1439791.42,17402560.84,543728.59,SFJIN,19539674.43,,,543728.59,17761514.01,8862956.41,0.0,0.0910025612949785,0.0918512451212657,0.101067112126711,0.1001332758644126,0.074372724279801,0.1366781503007675,0.146775134079283,0.1857356453657674,0.8615224082039201,0.8615224082039201,6.303292854842524,0.4874576900611977,28.7958284,0.2204149091890547,,0.074372724279801,1972034.77,2515763.36,2515763.36,2515763.36,0.1299522778976596,0.1287515495210838,0.1299522778976596,0.1018658648621416,0.2388192330242139,0.2388192330242139,0.2388192330242139,0.1872035497283345,0.1624504683759355,0.222503042864452,-8.051768290185656,0.9174746882833588,14.424579346334305,0.0825253117166414,11.97625683851422,,0.6975441565291381,0.6975441565291381,2.584724114727231,1.0,0.2619768057733231,,0.222503042864452,0.111251521432226,0.0810763086388871,,0.0100146197408758,0.0067829909392453,0.0067829909392453,0.1586472377261905,0.021969087425423,0.8413527622738095,0.8413527622738095,0.4100593410857484,5.303292854842524,0.112642536120715,0.0,0.0,5.303292854842524,40755.5064,1.0639909544754018,0.1812646379654168,5.869820867534012,0.7301044798515393,11.964591423746745,19.15855100819554,19.15855100819554,19.15855100819554,12.976256838514225,12.976256838514225,12.976256838514225,19.15855100819554,19.15855100819554,13.36393530333223,13.36393530333223,0.2838514874293509,0.2838514874293509,0.2838514874293509,1.897014992417788,1.837745647000428,4.750065490537003,193591.3245,1.729829582316846,111.74142021431338,101.65073593057626,113.47124979663025,0.9174746882833588,0.0100146197408758,3.257520794901924,166.64569766089906,141.88984853812497,280.1169474575293,0.72872110402267,0.72872110402267,0.72872110402267,0.70766769685602,0.7658559171453715,0.0371348131227015,-2404333.0300000003,-0.228241248477116,0.4578178507167557,0.1241963211011555,0.8413527622738095,0.8101092846765028,0.0103802834792459,-0.0382642499404502,-0.3984045382583171,0.5723079693791232,0.5723079693791232,0.5723079693791232,,58.82013745994939,0.631024662719999,0.1885620929055206,0.4100593410857484,0.0122682808819178,0.4100593410857484,1.3722671053161797,0.2988188957508151,0.1586472377261905,0.1586472377261905,0.1586472377261905,0.1637637879667807,5.303292854842524,0.0,0.017870427206024,0.017870427206024,0.8413527622738095,0.8101092846765028,-0.3722671053161797,0
117,214,4618,2450,44147.72,0.0,0.0,0.0,0.0,0.0,0.0,0.0,0.0,44147.72,0.0,4920.0,0.0,0.0,0.0,0.0,0.0,0.0,0.0,39227.72,39227.72,0.0,43802.72,50000.0,0.0,1134.0,345.0,0.0,0.0,0.0,0.0,0.0,0.0,0.0,0.0,0.0,0.0,345.0,0.0,0.0,0.0,0.0,0.0,0.0,0.0,0.0,0.0,0.0,0.0,0.0,0.0,SFJMA,4920.0,0.0,0.0,0.0,0.0,0.9921853268979688,4000.0,0.0,0.0,0.0,1134.0,0.0,0.0,0.0,1134.0,0.0,0.0,0.0,0.0,0.0,1134.0,0.0,1134.0,2866.0,0.0,SFJMA,4000.0,,,0.0,2866.0,345.0,0.0,0.2835,0.2835,0.2835,0.2835,0.2835,0.0256864907179804,0.0256864907179804,0.0256864907179804,0.0258888032524007,0.0258888032524007,1.007876223211709,11.34,0.02268,0.0256864907179804,,0.2835,1134.0,1134.0,1134.0,1134.0,0.2835,0.2835,0.2835,0.2835,0.0256864907179804,0.0256864907179804,0.0256864907179804,0.0256864907179804,3.2869565217391306,3.2869565217391306,0.0913185299908316,0.7165,0.8743169398907104,0.2835,11.34,,0.0,0.0,441.4772,1.0,3.2869565217391306,,3.2869565217391306,1.6434782608695653,0.0,,0.0,0.0,0.0,0.9921853268979688,0.9664988361799884,0.007814673102031,0.007814673102031,438.0272,0.0078762232117092,0.0,0.0,0.0,0.0078762232117092,0.0,0.0258888032524007,0.0256864907179804,1.007876223211709,1.0,11.34,11.34,11.34,11.34,11.34,11.34,11.34,11.34,11.34,11.34,11.34,3.2869565217391306,3.2869565217391306,3.2869565217391306,0.8130081300813008,0.0906049055307952,40.0,40.0,0.0,447.72,447.72,447.72,0.7165,0.0,0.8130081300813008,31.395,0.0,479.115,127.96440579710143,127.96440579710143,127.96440579710143,127.96440579710143,241.66794202898552,113.70353623188406,43802.72,0.9921853268979688,0.08625,-10.95068,0.007814673102031,-0.8807412930950907,0.0,0.0,8.902991869918699,1.0,1.0,1.0,,0.1019687098816857,0.0,126.96440579710143,438.0272,500.0,438.0272,0.007814673102031,1.2696440579710144,0.9921853268979688,0.9921853268979688,0.9921853268979688,8.902991869918699,0.0078762232117092,0.0,0.0,0.0,0.007814673102031,-0.8807412930950907,0.9921853268979688,1
117,214,7010,2862,470545.35,58000.0,0.0,0.0,0.0,0.0,0.0,58000.0,0.0,412545.35,0.0,408575.18,0.0,0.0,406071.0,0.0,0.0,0.0,0.0,3970.17,3970.17,0.0,397699.88,5000.0,204543.03,94145.61,72845.47,0.0,0.0,0.0,0.0,0.0,0.0,0.0,0.0,0.0,0.0,72845.47,0.0,0.0,0.0,0.0,0.0,0.0,3690.0,0.0,0.0,0.0,0.0,0.0,0.0,SFJIN,0.0,0.0,0.0,0.0,0.0,0.8451892681544936,120000.0,0.0,0.0,0.0,118295.9,3.02,0.0,12144.65,106154.27,0.0,0.0,0.0,1496.66,0.0,104657.61,10512.0,94145.61,1704.1,0.0,SFJIN,120003.02,,,0.0,15345.41,72845.47,0.0,0.8721248015258283,0.87214675,0.9857991666666668,0.98577435801199,0.78454675,0.2000776545767586,0.2000776545767586,0.2514016980509955,0.2367252662987979,0.2367252662987979,1.1831669398542437,1061.5427,18.829122,0.222417690452153,,0.78454675,106154.27,106154.27,106154.27,106154.27,0.8846189166666667,0.884596654317533,0.8846189166666667,0.8846189166666667,0.2255983828126237,0.2255983828126237,0.2255983828126237,0.2255983828126237,1.2924017100857472,1.4572528669250129,0.3532529949672046,0.1278784166666666,0.3047776100005254,0.8721215833333333,69.92744511111408,,0.0,0.0,8.112850862068965,1.0,1.4367071830273042,,1.4572528669250129,0.7286264334625063,0.0,,0.0124721666666666,0.0,0.0,0.8451892681544936,0.6451116135777349,0.1548107318455065,0.1548107318455064,6.856894482758621,0.1831669398542438,0.0,0.0,0.0,0.1831669398542438,0.0,0.2631572581817223,0.222417690452153,1.1831669398542437,0.8868753937076671,941.4561,1061.5427,1061.5427,1061.5427,70.92744511111408,70.92744511111408,70.92744511111408,1061.5427,1061.5427,1061.5427,1061.5427,1.4572528669250129,1.4572528669250129,1.4572528669250129,0.2571932780479236,0.2550232405866937,1200.0,1200.0,0.0,1242.7495058333332,1235.132625,1242.7495058333332,0.1278784166666666,0.0124721666666666,0.293703596973267,221.57163791666667,11.22375,1464.32114375,5.663294505478515,5.663294505478515,5.663294505478515,5.663294505478515,5.7177957668472725,0.0545012613687577,339699.88,0.7219280352042583,0.6070455833333334,-2.8308323333333334,0.1548107318455065,0.1463733516865059,0.0,0.0,0.8314256387282263,0.8868753937076671,0.8868753937076671,0.8868753937076671,,30.225405964983867,0.1405906041602456,5.459500501541139,6.856894482758621,0.0862068965517241,6.856894482758621,0.176575666166156,38.83261284885284,0.8451892681544936,0.8451892681544936,0.8451892681544936,0.8523811318038821,0.1831669398542438,0.0,0.0,0.0,0.1548107318455065,0.1463733516865059,0.8234243338338441,0
117,215,7022,8034,336094.81,332933.39,0.0,0.0,332933.39,332933.39,0.0,0.0,0.0,3161.42,0.0,0.0,0.0,0.0,0.0,0.0,0.0,0.0,0.0,3161.42,3161.42,0.0,3768.8,50050.0,565.79,-998.23,332326.01,0.0,0.0,0.0,0.0,0.0,0.0,0.0,137000.01,137000.01,0.0,0.0,0.0,0.0,0.0,0.0,0.0,0.0,0.0,0.0,195326.0,0.0,195326.0,195326.0,0.0,SFJIN,0.0,0.0,0.0,0.0,0.0,0.0112135025232909,0.0,0.0,0.0,0.0,-998.23,0.0,0.0,0.0,-998.23,0.0,0.0,0.0,0.0,0.0,-998.23,0.0,-998.23,998.23,0.0,SFJIN,0.0,,,0.0,998.23,0.0,332326.01,-9.9823,-9.9823,-9.9823,-9.9823,-9.9823,-0.0029700845425134,-0.0029700845425134,-0.0029700845425134,-0.2648668011037996,-0.2648668011037996,89.17820261091063,-0.0029982874352133,-0.0199446553446553,-0.0029700845425134,,-9.9823,-998.23,-998.23,-998.23,-998.23,-9.9823,-9.9823,-9.9823,-9.9823,-0.0029700845425134,-0.0029700845425134,-0.0029700845425134,-0.0029700845425134,-9.9823,-9.9823,0.0,9.9823,0.0,-9.9823,-9.9823,,0.0,0.0,2.007671324285017,1.988786497476709,-9.9823,,-9.9823,-0.0030037672946514,-137.24292998607535,,0.0,0.0,0.0,0.0112135025232909,0.0141835870658044,0.9887864974767092,0.9887864974767092,0.0113199820540679,88.17820261091063,36.35109583952452,36.35109583952452,36.35109583952452,0.0,1.0018276631431888,-0.2648668011037996,-0.0029700845425134,89.17820261091063,1.0,-9.9823,-9.9823,-9.9823,-9.9823,-9.9823,-9.9823,-9.9823,-9.9823,-9.9823,-0.0072863498331131,-0.0072863498331131,-0.0030037672946514,-0.0030037672946514,-0.0030037672946514,0.0,0.0,0.0,0.0,0.0,0.0,0.0,0.0,9.9823,0.0,0.0,0.0,0.0,0.0,inf,31.6142,0.0161853516684926,31.6142,63.2284,31.6142,3161.42,0.00940633388537,0.0,-31.6142,0.0,-0.00940633388537,0.0,0.0,31.6142,1.0,1.0,1.0,,0.0,105.31134426934732,0.0113406711680497,0.0113199820540679,0.1503303708889036,1.0094956531695425,105.11922174212852,0.0001076870801216,0.0112135025232909,0.0112135025232909,0.0112135025232909,0.0113199820540679,88.17820261091063,0.9887864974767092,0.4076231049209002,0.4076231049209002,0.9887864974767092,0.9793801635913392,-104.11922174212854,0
117,214,4110,1591,11692226.64,216557.45,0.0,0.0,216557.45,216557.45,0.0,0.0,0.0,11475669.19,7592570.78,922075.54,0.0,0.0,0.0,0.0,0.0,0.0,0.0,2933772.69,2933772.69,27250.18,1861902.2,210000.0,609595.67,316299.2,1725749.2,0.0,0.0,0.0,0.0,0.0,0.0,0.0,0.0,0.0,0.0,1725749.2,0.0,0.0,0.0,0.0,400000.0,0.0,0.0,0.0,8104575.24,0.0,0.0,0.0,0.0,SFJMA,859232.04,0.0,918514.85,0.0,0.0,0.1592427394137477,2235670.37,1239663.83,0.0,619330.34,376676.2,1.53,0.0,6.8,376670.93000000005,4.87,0.0,0.0,3924.6,3924.6,372751.2,56452.0,316299.2,0.0,0.0,SFJMA,2235676.77,,,0.0,1862925.57,1725749.2,0.0,0.1667285740952615,0.1667290513851556,0.1684846769248903,0.16848456162105,0.1414784595458945,0.0270520927911127,0.0273239765047866,0.0322159509559421,0.1698795994762775,0.1698795994762775,6.279721158286402,1.7393579856061292,1.5061866666666668,0.0318802578394084,,0.1414784595458945,376675.8,376675.8,376675.8,376670.93000000005,0.1684844980076378,0.1684840156924831,0.1684823196900892,0.1684844980076378,0.0322159167451786,0.0322159167451786,0.0322155002291334,0.0322155002291334,0.1832822521372167,0.2182651627478663,0.2293014068108265,0.8332738112908836,-2.085765389436181,0.1667261887091163,94.97813789940376,,0.0098114999999999,0.0098114999999999,16.566741989250428,0.3068407336312119,0.2159938419788924,,0.2182651627478663,0.1091325813739331,1.073101843803588,,0.0017554466224821,0.0017554466224821,0.0017554466224821,0.1592427394137477,0.132190646622635,0.1475979942174641,0.8407572605862522,8.597728685852184,0.9268742472080436,0.2148340551936616,0.0,0.0,0.9268742472080436,2165.5745,0.200199129685759,0.0322159167451786,6.21429249613765,0.8397228849064619,81.59399684044234,95.97813789940376,95.97813789940376,95.97689700861235,95.97813789940376,95.97813789940376,95.97689700861235,95.97813789940376,95.97813789940376,0.941677325,0.941677325,0.2182679847106404,0.2182679847106404,0.2182651627478663,0.2552585630709401,0.1912099755534674,10.323682560909356,22356.7037,1236.1821317692732,150.12745217891847,139.8956065960654,1386.3095839481916,0.8332738112908836,0.0017554466224821,2.4246065241032206,280.9773378174708,149.54771950571583,1667.2869217656626,6.64967377067305,6.64967377067305,1.1673744096690262,2.234303935936925,8.349673220187498,1.6999994495144486,9749919.99,0.8338805165343596,0.7719157632348099,-4.361072240716775,0.1475979942174641,-0.1033185147016616,4.399579486984552,0.7787315985964312,1.1450763335992562,0.8397120282216166,0.8397120282216166,0.8397228849064619,,0.7620462136076398,0.0188710084278753,1.078895009773147,8.597728685852184,0.9697195824941602,8.597728685852184,0.1503833172102794,57.17209092967454,0.1592427394137477,0.1592427394137477,0.1592427394137477,0.2125834320336866,0.9268742472080436,0.0,0.0342107634684029,0.0342107634684029,0.1475979942174641,-0.1033185147016616,0.1433768020634272,0
117,214,6622,9819,71492.66,9609.3,0.0,0.0,9609.3,9609.3,0.0,0.0,0.0,61883.36,493.28,15728.18,0.0,0.0,15728.18,0.0,0.0,0.0,0.0,45256.0,45256.0,405.9,65705.87,50160.0,37301.3,5584.51,5786.79,0.0,0.0,0.0,0.0,0.0,0.0,0.0,0.0,0.0,0.0,5786.79,0.0,0.0,742.01,0.0,0.0,0.0,0.0,0.0,0.0,0.0,0.0,0.0,0.0,SFJIN,0.0,0.0,0.0,0.0,0.0,0.9190575647905672,244034.08,0.0,0.0,0.0,5504.83,0.0,0.0,0.0,5504.83,79.68,0.0,0.0,0.0,0.0,5584.51,0.0,5584.51,238529.25,1287.22,SFJIN,244113.76,,,1287.22,238529.25,5786.79,0.0,0.0228766702868367,0.0228841397889999,0.0225576280165458,0.0225576280165458,0.0228841397889999,0.0781130538435694,0.0781130538435694,0.0769985338355014,0.0849925585035248,0.0849925585035248,1.0880711266740706,0.5728648288637049,0.1113339314194577,0.0961179791044283,,0.0228841397889999,5584.51,6871.7300000000005,6871.7300000000005,6792.05,0.0281588948559971,0.0281497036463655,0.027832383083543,0.0228841397889999,0.0961179791044283,0.0961179791044283,0.0950034590963603,0.0769985338355014,0.9650445238206328,0.9512752320371052,4.350249578539294,0.9774423719834542,11.933282705464633,0.0225576280165458,68.71730000000001,,0.0,0.0,7.439944636966271,0.9999999999999998,1.1874856353868035,,0.9512752320371052,0.4756376160185526,0.0,,0.0,0.0,0.0,0.9190575647905672,0.8409445109469977,0.0809424352094326,0.0809424352094328,6.837737400226864,0.0880711266740703,0.0,0.0,0.0,0.0880711266740703,96.093,0.0849925585035248,0.0781130538435694,1.0880711266740706,1.0144745614305983,55.8451,68.71730000000001,68.71730000000001,67.9205,68.71730000000001,68.71730000000001,67.9205,68.71730000000001,68.71730000000001,67.9205,67.9205,1.1874856353868035,1.1874856353868035,1.1737163436032758,9.301263194324276,3.413414468002729,25.395614664959982,2440.3408,0.73577395419525,23.460073773302483,23.460073773302483,24.19584772749773,0.9774423719834542,0.0,15.515722734607564,8.631546708558083,1.1067783647267628,32.82739443605581,10.693901109250552,10.693901109250552,10.693901109250552,10.538516172178358,18.514471753770223,7.820570644519673,56096.57,0.7846479624621604,0.0237130404081266,-0.2298718687160416,0.0809424352094326,-0.5520735974853922,0.0852424228285457,0.0087934075113683,3.458170226354471,0.8126789032747211,0.8126789032747211,0.8222127340051972,,5.392303340993459,0.1552808380152596,11.354459035147292,6.837737400226864,5.219943180044332,6.837737400226864,0.0935112443797492,73.12208756905004,0.9190575647905672,0.9190575647905672,0.9190575647905672,2.504353450477309,0.0880711266740703,0.0,0.0,0.0,0.0809424352094326,-0.5520735974853922,0.9064887556202508,0
117,214,4730,2414,1789044.51,466422.74,389508.07,389508.07,0.0,0.0,0.0,0.0,76914.67,1322621.77,0.0,1035045.59,833441.42,0.0,0.0,0.0,130769.64,0.0,0.0,287576.18,287576.18,0.0,505000.0,0.0,0.0,0.0,2496776.14,183807.43,0.0,183807.43,0.0,183807.43,0.0,0.0,0.0,0.0,0.0,1940069.23,165484.57,0.0,0.0,0.0,0.0,0.0,517422.75,0.0,372899.48,0.0,372899.48,0.0,372899.48,SFJIN,0.0,0.0,0.0,0.0,0.0,0.2822735807730127,0.0,0.0,0.0,0.0,0.0,0.0,0.0,0.0,0.0,0.0,0.0,0.0,0.0,0.0,0.0,0.0,0.0,0.0,0.0,SFJIN,0.0,,,0.0,0.0,2496776.14,0.0,0.0,0.0,0.0,0.0,0.0,0.0,0.0,0.0,0.0,0.0,3.542662396039604,0.0,0.0,0.0,,0.0,0.0,0.0,0.0,0.0,0.0,0.0,0.0,0.0,0.0,0.0,0.0,0.0,0.0,0.0,-0.0,0.0,0.0,0.0,0.0,,0.0,0.0,6.435741404889479,1.6778655439936483,0.0,,0.0,0.0,0.0,,0.0,0.0,0.0,0.2822735807730127,0.2822735807730127,1.3955919632206355,0.7177264192269872,1.0827087890268816,4.944111168316832,0.0,0.0,0.0,4.944111168316832,0.0,0.0,0.0,0.0,0.0,0.0,0.0,0.0,0.0,0.0,0.0,0.0,0.0,0.0,0.0,0.0,0.0,0.0,0.0,0.0,0.0,0.0,0.0,0.0,3767565.9476,3509728.2584,3767565.9476,0.0,0.0,0.0,9088265.1496,2485782.6448000004,12855831.0972,0.5297318204907229,0.5297318204907229,0.4608959147793854,0.5297318204907229,0.6449108208796003,0.1151790003888774,-1174154.37,-0.6563024918815463,24967.761400000003,11741.543700000002,1.3955919632206355,1.2348490759461317,0.0,-0.0,-1.134398698322071,0.0,0.0,0.0,,0.0,0.3526501306567787,0.2022608242323238,1.0827087890268816,0.0,1.0827087890268816,1.887747651393943,0.573545297872516,0.2822735807730127,0.2822735807730127,-0.2712954884623687,-0.3792861919347217,4.944111168316832,0.0,0.0,0.0,2.4719861482702714,2.18726525473735,0.0291672652567937,0
117,214,6920,6543,151859.23,10000.0,0.0,0.0,0.0,0.0,0.0,10000.0,0.0,141859.23,0.0,82595.1,0.0,0.0,0.0,0.0,82595.1,0.0,0.0,52060.44,52060.44,7203.69,137648.8,50000.0,30800.01,56848.79,14210.43,0.0,0.0,0.0,0.0,0.0,0.0,0.0,0.0,0.0,0.0,14210.43,0.0,0.0,0.0,0.0,0.0,0.0,637.62,0.0,0.0,0.0,0.0,0.0,0.0,SFJIN,0.0,0.0,0.0,0.0,0.0,0.9064236661808438,532612.19,0.0,0.0,0.0,38667.13,18184.44,18054.63,2.78,56848.79,0.0,0.0,0.0,0.0,0.0,56848.79,0.0,56848.79,493945.06,0.0,SFJIN,550796.6299999999,,,0.0,493947.84,14210.43,0.0,0.103211942309814,0.1067358033994678,0.0725990330788335,0.0702021905980071,0.1067358033994678,0.3743518915511424,0.3743518915511424,0.2546248258996176,0.4129988056561336,0.4129988056561336,1.1032368607644965,568.4879,1.1369758,0.3743518915511424,,0.1067358033994678,56848.79,56848.79,74903.42,56848.79,0.1067358033994678,0.1359910644333463,0.1067358033994678,0.1067358033994678,0.3743518915511424,0.493242458821897,0.3743518915511424,0.3743518915511424,4.000497521890611,4.000497521890611,4.172480979061298,0.9274061864787588,6.222951228414705,0.0725938135212412,568.4879,,0.0,0.0,15.185923,0.9999999999999998,4.000497521890611,,4.000497521890611,2.000248760945305,0.0,,0.0,0.0,0.0,0.9064236661808438,0.5320717746297013,0.093576333819156,0.0935763338191562,13.764879999999998,0.1032368607644963,0.0,0.0,0.0,0.1032368607644963,0.0,0.4129988056561336,0.3743518915511424,1.1032368607644965,1.0,568.4879,568.4879,749.0341999999999,568.4879,568.4879,749.0341999999999,568.4879,568.4879,749.0341999999999,568.4879,568.4879,4.000497521890611,5.271017133190199,4.000497521890611,5.336860196401178,3.507275718440031,5326.121899999999,5326.121899999999,0.0,56.60255635530987,56.60255635530987,56.60255635530987,0.9274061864787588,0.0,6.448472003787148,9.738430789576936,0.4369620229683441,66.34098714488681,9.982754216445246,9.982754216445246,9.982754216445246,9.475824447254588,13.64629149153122,3.663537275085976,127648.80000000002,0.840573207173512,0.0266806323002107,-0.2396655622921436,0.093576333819156,-0.2492440531932105,0.0,0.0,1.545476668712793,1.0,0.7589612063107399,1.0,,10.23065095108685,0.0704924170249619,9.6864626897286,13.764879999999998,5.0,13.764879999999998,0.100172755766403,137.41141385886283,0.9064236661808438,0.9064236661808438,0.9064236661808438,1.3792632155159394,0.1032368607644963,0.0,0.0,0.0,0.093576333819156,-0.2492440531932105,0.8998272442335967,0
117,214,4673,4907,365817.89,41177.52,0.0,0.0,41177.52,41177.52,0.0,0.0,0.0,324640.37,5859.59,276624.73,0.0,0.0,0.0,0.0,-5193.81,0.0,240886.69,41869.07,41869.07,286.98,274523.76,50000.0,211988.72,12535.04,91294.13,0.0,0.0,0.0,0.0,0.0,0.0,0.0,0.0,0.0,0.0,91294.13,0.0,0.0,0.0,0.0,0.0,0.0,2534.54,85135.21,0.0,0.0,0.0,0.0,0.0,SFJIN,0.0,0.0,0.0,0.0,0.0,0.7504383123526299,31463.44,0.0,0.0,0.0,11916.15,3095.03,0.0,2476.14,12535.04,0.0,0.0,0.0,0.0,0.0,12535.04,0.0,12535.04,19547.29,0.0,SFJIN,34558.47,,,0.0,22023.43,91294.13,0.0,0.3627197616098166,0.3984001749331923,0.378730043504461,0.3448112720267998,0.3984001749331923,0.0342657927418475,0.0342657927418475,0.0325739946725951,0.0456610385927979,0.0456610385927979,1.3325545664972678,0.3044146417754154,0.2507008,0.0342657927418475,,0.3984001749331923,12535.04,12535.04,12535.04,12535.04,0.3984001749331923,0.3627197616098166,0.3984001749331923,0.3984001749331923,0.0342657927418475,0.0342657927418475,0.0342657927418475,0.0342657927418475,0.1373038989472817,0.1373038989472817,0.1348358559366544,0.6999689163041295,0.135236646207304,0.3000310836958704,125.3504,,0.0,0.0,8.883922344036261,1.0,0.1373038989472817,,0.1373038989472817,0.0686519494736408,0.0,,0.0,0.0,0.0,0.7504383123526299,0.7161725196107823,0.2495616876473701,0.2495616876473701,6.666835690930392,0.3325545664972678,0.0,0.0,0.0,0.3325545664972678,411.7752,0.0456610385927979,0.0342657927418475,1.3325545664972678,1.0,125.3504,125.3504,125.3504,125.3504,125.3504,125.3504,125.3504,125.3504,125.3504,125.3504,125.3504,0.1373038989472817,0.1373038989472817,0.1373038989472817,0.0971247248253597,0.0860084781528864,0.7640926408389821,314.6344,67.78949663482442,3200.266776932211,-60.08709918559446,3268.0562735670355,0.6999689163041295,0.0,0.1137405177042558,1056.1802307694263,29.322049972920954,4324.236504336462,0.917404875866608,3.555982953120863,3.555982953120863,3.488655842385485,4.014600281529601,0.4586173284087377,233346.24,0.6378754193787515,2.901594040575348,-7.416424904587674,0.2495616876473701,0.1351083731853573,0.0641836446658728,0.0251111395666799,0.8260502388238752,1.0,1.0,1.0,,0.7514721487723515,0.1268404172900616,3.007025314771059,6.666835690930392,1.2142547681356235,6.666835690930392,0.2812161962481745,23.707154068206226,0.7504383123526299,0.7504383123526299,0.7504383123526299,0.8474294180173275,0.3325545664972678,0.0,0.0,0.0,0.2495616876473701,0.1351083731853573,0.7187838037518255,0
117,214,2829,2438,24055000.0,0.0,0.0,0.0,0.0,0.0,0.0,0.0,0.0,24055000.0,5985000.0,18070000.0,0.0,0.0,0.0,0.0,0.0,0.0,0.0,0.0,0.0,0.0,9874000.0,5000000.0,0.0,0.0,14181000.0,0.0,0.0,0.0,0.0,0.0,0.0,0.0,0.0,14181000.0,0.0,0.0,0.0,0.0,0.0,0.0,0.0,0.0,0.0,0.0,0.0,0.0,0.0,0.0,0.0,SFJMI,0.0,0.0,0.0,0.0,14181000.0,0.4104759925171482,145500000.0,0.0,0.0,0.0,284982000.0,0.0,0.0,0.0,284982000.0,0.0,0.0,0.0,0.0,0.0,0.0,1143000.0,0.0,139482000.0,0.0,SFJMI,145500000.0,,,0.0,139482000.0,0.0,14181000.0,0.0,0.0,1.958639175257732,1.958639175257732,0.0,0.0,0.0,11.847100394928288,0.0,0.0,2.4361960704881507,2849820.0,0.0,0.047516108917065,,0.0,0.0,0.0,0.0,284982000.0,0.0,0.0,1.958639175257732,0.0,0.0,0.0,11.847100394928288,11.847100394928288,0.0,2849820.0,6.048638536686759,0.958639175257732,14.73566943487948,0.041360824742268,11430.0,,0.0,0.0,382360.0,1.5895240074828518,11430.0,,2849820.0,20.09604400253861,12.406824146981627,,0.0,0.0,0.0,0.4104759925171482,0.4104759925171482,0.5895240074828518,0.5895240074828518,98740.0,1.436196070488151,1.436196070488151,1.436196070488151,0.0,0.0,0.0,0.0,0.0,0.0,0.0,0.0,0.0,0.0,2849820.0,0.0,0.0,2849820.0,0.0,0.0,20.09604400253861,20.09604400253861,0.0,0.0,20.09604400253861,6.048638536686759,6.048638536686759,1455000.0,1455000.0,14.972783505154638,45.20604810996564,0.0,60.178831615120274,0.958639175257732,0.0,8.05201992252352,0.0,0.0,60.178831615120274,inf,240550.0,240550.0,180700.0,240550.0,0.0,24055000.0,1.0,0.0,-0.1653264604810996,0.0,0.0,59850.0,0.2488048222822698,1.0,0.0,0.0,0.0,,1455000.0,0.0,0.6962837599605105,98740.0,50000.0,240550.0,0.5895240074828518,0.0069628375996051,0.4104759925171482,0.4104759925171482,0.4104759925171482,0.4104759925171482,1.436196070488151,0.5895240074828518,0.5895240074828518,0.5895240074828518,0.5895240074828518,0.5895240074828518,0.4104759925171482,0
117,214,3511,1423,35000.0,30000.0,0.0,0.0,0.0,0.0,0.0,0.0,0.0,0.0,0.0,0.0,0.0,0.0,0.0,0.0,0.0,0.0,0.0,0.0,0.0,0.0,5000.0,5000.0,0.0,0.0,30000.0,0.0,0.0,0.0,0.0,0.0,0.0,0.0,0.0,30000.0,0.0,0.0,0.0,0.0,0.0,0.0,0.0,0.0,0.0,0.0,0.0,0.0,0.0,0.0,0.0,SFJMI,0.0,0.0,0.0,0.0,30000.0,0.1428571428571428,0.0,0.0,0.0,0.0,0.0,0.0,0.0,0.0,0.0,0.0,0.0,0.0,0.0,0.0,0.0,0.0,0.0,0.0,0.0,SFJMI,0.0,,,0.0,0.0,0.0,30000.0,0.0,0.0,0.0,0.0,0.0,0.0,0.0,0.0,0.0,0.0,7.0,0.0,0.0,0.0,,0.0,0.0,0.0,0.0,0.0,0.0,0.0,0.0,0.0,0.0,0.0,0.0,0.0,0.0,0.0,0.0,0.0,0.0,0.0,0.0,,0.0,0.0,2.1666666666666665,1.8571428571428568,0.0,,0.0,0.0,300.0,,0.0,0.0,0.0,0.1428571428571428,0.1428571428571428,0.8571428571428571,0.8571428571428571,0.1666666666666666,6.0,6.0,6.0,0.0,0.0,0.0,0.0,0.0,0.0,0.0,0.0,0.0,0.0,0.0,0.0,0.0,0.0,0.0,0.0,0.0,0.0,0.0,0.0,0.0,0.0,0.0,0.0,0.0,0.0,0.0,0.0,0.0,0.0,0.0,0.0,0.0,0.0,0.0,,0.0,0.0,0.0,0.0,0.0,0.0,0.0,0.0,0.0,0.0,0.0,0.0,0.0,0.0,0.0,0.0,0.0,,0.0,300.0,0.1666666666666666,0.1666666666666666,0.1666666666666666,1.1666666666666667,300.0,0.0005555555555555,0.1428571428571428,0.1428571428571428,0.1428571428571428,0.1428571428571428,6.0,0.8571428571428571,0.8571428571428571,0.8571428571428571,0.8571428571428571,0.8571428571428571,-250.0,1
117,215,4110,3423,65386441.41,65230814.53,0.0,0.0,0.0,0.0,0.0,63838062.53,1392752.0,155626.88,0.0,18322.0,0.0,0.0,0.0,0.0,200.0,0.0,0.0,137304.88,107274.74,0.0,25442448.48,26405000.0,410408.02,93211.14,39943992.93,1537713.0,1537713.0,0.0,0.0,0.0,0.0,0.0,38402189.93,0.0,0.0,4090.0,4090.0,0.0,0.0,0.0,0.0,0.0,0.0,0.0,0.0,0.0,0.0,0.0,0.0,SFJIN,0.0,0.0,0.0,0.0,0.0,0.3891089334632135,0.0,0.0,0.0,16597.05,-16597.05,0.0,0.0,0.7,-16597.75,2346681.49,0.0,2346680.77,2195473.6,2195473.6,134610.14,41399.0,93211.14,0.0,0.0,SFJIN,2346681.49,,,0.0,2212071.35,1541803.0,38402189.93,0.0573619132266646,1346.1014000000002,-165.9705,-165.9705,932.1114,0.0014255423294185,-0.0004475953587454,-0.0002538301464661,0.0036636073007388,0.0036636073007388,2.569974405623716,-165.9775,0.0035300564287066,0.0020586858238077,,932.1114,2330083.74,2330083.74,2330083.74,-16597.75,23300.837400000004,0.9929271398480244,-165.9775,23300.837400000004,0.0356355796362951,0.0356355796362951,-0.0002538408520495,-0.0002538408520495,0.0604559337347248,-0.0107651561191669,-0.0,22120.7135,0.0,-22120.7135,0.0613125751090789,,21954.736,21954.736,1.5910981962714426,1.5873112085914327,0.0873069646381541,,-0.0107651561191669,-0.0004000827181429,0.0,,21954.736,21954.736,21954.736,0.3891089334632135,0.387683391133795,0.6108910665367865,0.6108910665367864,0.3900372648006546,1.5699744056237153,0.0,0.0,1.509374774215913,0.0605996314078023,0.0,0.0052907698764061,0.0356355796362951,0.1484687475384146,-5.6158901055866,1.042456051395927,1.061312575109079,1.061312575109079,-0.0075599861460415,1.061312575109079,1.061312575109079,-0.0075599861460415,1.061312575109079,1.061312575109079,-165.9775,-165.9775,0.05833377109002,0.05833377109002,-0.000415525559227,0.0,0.0,0.0,0.0,0.0,66692.08,728.0,66692.08,22120.7135,21954.736,0.0,5612162.92,14887.6,5678855.0,0.1009382391913882,0.1009382391913882,0.1009382391913882,0.1009382391913882,0.1899929887281319,0.0890547495367436,-1386176.12,-0.0211997486039667,15418.03,13861.7612,0.0235798579453538,0.0214799596019183,0.0,-0.0,-75.6563759414911,0.0400033433991518,0.0400033433991518,-5.6158901055866,,0.0,419.1487648534752,0.6369530588638626,0.3900372648006546,0.4047933509684476,0.9787496732949348,256.66512706545296,0.0015196348224633,0.3891089334632135,0.3891089334632135,0.3891089334632135,0.3897483650276506,1.5699744056237153,0.5873112085914327,0.0,0.0,0.6108910665367865,0.608791168193351,-255.6651270654529,0
117,214,6920,2050,37990.42,0.0,0.0,0.0,0.0,0.0,0.0,0.0,0.0,37990.42,0.0,7160.49,0.0,0.0,0.0,0.0,0.0,0.0,0.0,0.0,0.0,0.0,17507.87,5000.0,0.0,0.0,20482.55,0.0,0.0,0.0,0.0,0.0,0.0,0.0,0.0,0.0,0.0,0.0,0.0,0.0,0.0,0.0,0.0,0.0,0.0,0.0,0.0,0.0,0.0,0.0,0.0,SFJMI,0.0,0.0,0.0,0.0,0.0,0.4608496036632393,16071.44,0.0,0.0,0.0,26328.230000000003,5002.17,0.0,0.44,31329.960000000003,0.0,0.0,0.0,0.0,0.0,0.0,523.0,0.0,10256.79,0.0,SFJMI,21073.61,,,0.0,10257.23,0.0,20482.55,0.0,0.0,1.6381998128356887,1.2493459829616285,0.0,0.0,0.0,0.6930228726084103,0.0,0.0,2.1699053054426383,313.29960000000005,0.0,0.0137666285342462,,0.0,0.0,0.0,0.0,31329.960000000003,0.0,0.0,1.9494183470802864,0.0,0.0,0.0,0.8246805378829717,0.8246805378829717,0.0,313.29960000000005,0.4230392820084642,0.6382271905939979,0.917955182440811,0.3617728094060021,5.23,,0.0,0.0,584.7297,1.5391503963367608,5.23,,313.29960000000005,1.5295927509025975,0.0,,0.0,0.0,0.0,0.4608496036632393,0.4608496036632393,0.5391503963367607,0.5391503963367607,175.0787,1.169905305442638,0.0,0.0,0.0,0.0,0.0,0.0,0.0,0.0,0.0,0.0,0.0,0.0,313.29960000000005,0.0,0.0,313.29960000000005,0.0,0.0,313.29960000000005,313.29960000000005,0.0,0.0,1.5295927509025975,0.4230392820084642,0.4230392820084642,160.7144,160.7144,0.0,162.6225683572847,0.0,162.6225683572847,0.6382271905939979,0.0,2.2444609237635973,0.0,0.0,162.6225683572847,inf,379.9042,379.9042,379.9042,379.9042,0.0,37990.42,1.0,0.0,-2.3638466745979203,0.0,0.0,0.0,0.0,5.305561490903555,0.0,0.0,0.0,,160.7144,0.0,0.854770035957437,175.0787,50.0,379.9042,0.5391503963367607,0.0085477003595743,0.4608496036632393,0.4608496036632393,0.4608496036632393,0.4608496036632393,1.169905305442638,0.5391503963367607,0.0,0.0,0.5391503963367607,0.5391503963367607,0.4608496036632393,0
117,214,4690,1295,77986.86,0.0,0.0,0.0,0.0,0.0,0.0,0.0,0.0,77986.86,13388.17,37930.83,0.0,0.0,0.0,0.0,17320.83,0.0,0.0,26667.86,26667.86,0.0,5670.56,5000.0,20116.18,-19445.62,72316.3,0.0,0.0,0.0,0.0,0.0,0.0,0.0,0.0,0.0,0.0,72316.3,0.0,0.0,0.0,0.0,0.0,0.0,61316.3,0.0,0.0,0.0,0.0,0.0,0.0,SFJIN,0.0,0.0,0.0,0.0,0.0,0.0727117363104502,161150.6,0.0,0.0,0.0,-18359.56,195.89,0.0,371.92,-18535.59,159.88,0.0,0.0,1069.91,0.0,-19445.62,0.0,-19445.62,179510.16,0.0,SFJIN,161506.37000000002,,,0.0,180951.99,72316.3,0.0,-0.1204015668236491,-0.120667375734251,-0.1139279655179689,-0.113789646121214,-0.120667375734251,-0.2493448255257359,-0.2493448255257359,-0.23541863334413,-3.429223921446911,-3.429223921446911,13.75293798143393,-185.3559,-3.889124,-0.2493448255257359,,-0.120667375734251,-18375.71,-18375.71,-18375.71,-18535.59,-0.1140281823337921,-0.1137769983933141,-0.1150202977835639,-0.1140281823337921,-0.2356257195122357,-0.2356257195122357,-0.237675808463118,-0.237675808463118,-0.2688967770751545,-0.256312753832815,28.41881577833584,1.1228750622088903,-7.67482485843418,-0.1228750622088902,-18.175005374283817,,0.0,0.0,779.8686,1.0,-0.2688967770751545,,-0.256312753832815,-0.1281563769164075,-0.0,,0.0066391934004589,0.0,0.0,0.0727117363104502,0.3220565618361862,0.9272882636895498,0.9272882636895498,56.7056,12.752937981433933,0.0,0.0,0.0,12.752937981433933,0.0,-3.429223921446911,-0.2493448255257359,13.75293798143393,1.049096360029543,-194.4562,-183.7571,-183.7571,-185.3559,-17.175005374283817,-17.175005374283817,-17.324438504173248,-183.7571,-183.7571,-185.3559,-185.3559,-0.2541019106342553,-0.2541019106342553,-0.256312753832815,3.140174204485668,2.0663814391296174,1611.506,1611.506,30.32369752268996,85.91189204383974,39.23102334089976,116.2355895665297,1.1228750622088903,0.0066391934004589,4.248538721667836,163.7936780874536,138.87909508248805,280.0292676539833,1.0784133037779864,1.0784133037779864,1.0784133037779864,0.8932797999897671,1.447180234608242,0.3687669308302554,5670.559999999998,0.0727117363104502,0.4487498029793249,-0.0351879546213293,0.9272882636895498,0.5853350166938379,0.1851335037882192,2.360996092096725,0.1104963074105106,1.0582241448085543,1.0582241448085543,1.049096360029543,,6.042877081250614,0.0,0.0784133037779864,56.7056,50.0,56.7056,0.9272882636895498,0.0007841330377798,0.0727117363104502,0.0727117363104502,0.0727117363104502,0.1104963074105107,12.752937981433933,0.0,0.0,0.0,0.9272882636895498,0.5853350166938379,0.0727117363104502,0
117,214,6810,2390,243522.8,204881.42,0.0,0.0,0.0,0.0,0.0,0.0,0.0,38641.38,0.0,230.0,0.0,0.0,0.0,0.0,0.0,0.0,0.0,0.0,0.0,0.0,77722.8,5000.0,0.0,0.0,165800.0,0.0,0.0,0.0,0.0,0.0,0.0,0.0,0.0,165800.0,0.0,0.0,0.0,0.0,0.0,0.0,0.0,0.0,0.0,0.0,0.0,0.0,0.0,0.0,0.0,SFJMI,0.0,0.0,0.0,0.0,165800.0,0.3191602593268474,0.0,0.0,0.0,0.0,0.0,0.0,0.0,0.0,0.0,0.0,0.0,0.0,0.0,0.0,0.0,0.0,0.0,0.0,0.0,SFJMI,0.0,,,0.0,0.0,0.0,165800.0,0.0,0.0,0.0,0.0,0.0,0.0,0.0,0.0,0.0,0.0,3.133222169041774,0.0,0.0,0.0,,0.0,0.0,0.0,0.0,0.0,0.0,0.0,0.0,0.0,0.0,0.0,0.0,0.0,0.0,0.0,0.0,0.0,0.0,0.0,0.0,,0.0,0.0,1.9978522210554768,1.6808397406731526,0.0,,0.0,0.0,1658.0,,0.0,0.0,0.0,0.3191602593268474,0.3191602593268474,0.6808397406731526,0.6808397406731526,0.3793550435173672,2.133222169041774,2.133222169041774,2.133222169041774,0.0,0.0,0.0,0.0,0.0,0.0,0.0,0.0,0.0,0.0,0.0,0.0,0.0,0.0,0.0,0.0,0.0,0.0,0.0,0.0,0.0,0.0,0.0,0.0,0.0,0.0,837.1999999999999,0.0,837.1999999999999,0.0,0.0,0.0,0.0,0.0,837.1999999999999,inf,386.4138,386.4138,386.4138,386.4138,0.0,38641.38,0.1586766413658187,0.0,-386.4138,0.0,0.0,0.0,0.0,168.006,0.0,0.0,0.0,,0.0,5.302124820593882,0.4687744270205066,0.3793550435173672,0.0244043603368231,1.188603632286422,4.290737028542977,0.0884125596590538,0.3191602593268474,0.3191602593268474,0.3191602593268474,0.3191602593268474,2.133222169041774,0.6808397406731526,0.6808397406731526,0.6808397406731526,0.6808397406731526,0.6808397406731526,-3.290737028542977,1
117,0,6920,1292,223353.92,14500.01,0.0,0.0,14500.01,14500.01,0.0,0.0,0.0,208853.91,0.9,28965.72,0.0,0.0,0.0,0.0,0.0,0.0,0.0,179887.29,0.0,0.0,223353.92,155311.53,0.0,-4137.01,0.0,0.0,0.0,0.0,0.0,0.0,0.0,0.0,0.0,0.0,0.0,0.0,0.0,0.0,0.0,0.0,0.0,0.0,0.0,0.0,0.0,0.0,0.0,0.0,0.0,SFJMA,0.0,0.0,0.0,0.0,0.0,1.0,105312.41,0.0,0.0,0.0,-1416.01,0.0,0.0,0.0,-1416.01,0.0,0.0,0.0,34.0,34.0,-1450.01,2687.0,-4137.01,106728.42,1666.66,SFJMA,105312.41,0.0,0.0,1666.66,106762.42,0.0,0.0,-0.0137686527162373,-0.0137686527162373,-0.0134458037756423,-0.0134458037756423,-0.0392832145803139,-0.018522218011665,-0.0183989159447033,-0.0063397588902849,-0.018522218011665,-0.018522218011665,1.0,-0.0976557947201415,-0.0266368504643538,0.0009699852144972,0.0,-0.0392832145803139,-1416.01,250.6500000000001,250.6500000000001,250.6500000000001,0.00238006138118,0.00238006138118,0.00238006138118,-0.0134458037756423,0.001122209988524,0.001122209988524,0.001122209988524,-0.0063397588902849,-41.3701,-14.1601,0.5042395902475563,1.0137686527162373,2.422833562206226,-0.0137686527162372,6.372058823529401,0.0,0.34,0.34,15.40370799744276,1.0,2.1664999999999965,0.0,-14.1601,-14.1601,0.0,0.0,0.0003228489405949,0.0003228489405949,0.0003228489405949,1.0,1.018522218011665,0.0,0.0,15.40370799744276,0.0,0.0,0.0,0.0,0.0,145.0001,-0.0064919836643117,-0.0063397588902849,1.0240111298649022,2.921596598894076,-120.67676470588236,7.372058823529414,7.372058823529414,7.372058823529414,7.372058823529414,7.372058823529414,7.372058823529414,7.372058823529414,7.372058823529414,2.506500000000001,2.506500000000001,2.506500000000001,2.506500000000001,2.506500000000001,0.471504641601992,0.471504641601992,7.262919818675988,1053.1241,0.003110744498203,100.11661569609888,0.0,100.11972644059708,1.0137686527162373,0.0003228489405949,3.6357601330124014,0.0,0.0,100.11972644059708,inf,2088.5391,2088.5391,2088.5301,3887.412,1798.8729,208853.91,0.9350805663048134,0.0,-1.983184223017971,0.0,-0.8053912373689255,0.009,4.309232228403098e-06,7.21015810612353,-16.50512667065629,-16.50512667065629,-16.50512667065629,-41.3701,1053.1241,0.0694265671157413,2233.5392,15.40370799744276,10.71113261301199,15.40370799744276,0.0,32171.24643764191,1.0,1.0,1.0,1.0,0.0,0.0,0.0,0.0,0.0,-0.8053912373689255,1.0,0
117,214,1012,5681,4367572.68,2068500.6,0.0,0.0,2068500.6,1998234.73,0.0,0.0,0.0,2299072.08,552359.96,1544748.2,0.0,0.0,0.0,0.0,0.0,0.0,0.0,184039.92,42278.61,17924.0,1839623.22,100000.0,1647058.58,92564.64,2527949.46,0.0,0.0,0.0,0.0,0.0,0.0,0.0,0.0,0.0,0.0,2527949.46,0.0,0.0,0.0,0.0,181450.22,0.0,0.0,0.0,0.0,0.0,0.0,0.0,0.0,SFJMA,1519361.03,0.0,2020039.4,0.0,0.0,0.4212003679810544,25116021.93,0.0,0.0,0.0,137918.09,596.43,0.0,614.6,137899.92,32621.48,0.0,0.0,61652.76,1063.39,108868.64,16304.0,92564.64,24978103.84,108990.44,SFJIN,25149239.84,,,108990.44,25040371.2,2527949.46,0.0,0.0043289038035592,0.0043346291185532,0.0054912394321197,0.0054911090347912,0.0036854817318595,0.0211936118255964,0.0213908256931399,0.0315777435442699,0.0503171731002612,0.0503171731002612,2.3741669666465723,0.0690108714104874,0.9256464,0.0498810428496406,,0.0036854817318595,170521.4,279511.84,279511.84,246890.36,0.0111288260847604,0.011114126779905,0.0098299946021746,0.0067893474721137,0.0639970666727405,0.0639970666727405,0.0565280484353611,0.0315735833387436,0.0366164915338141,0.0545501095579656,-109.73571058004951,0.9969879493571536,15.170497268243766,0.0030120506428463,3.5336468310583338,,0.0058605054322888,0.0058605054322888,2.1114679299585406,1.0,0.086180156465628,,0.0545501095579656,0.0272750547789828,0.8328788499428161,,0.0024547183535605,4.23391093925518e-05,4.23391093925518e-05,0.4212003679810544,0.400006756155458,0.5787996320189456,0.5787996320189456,0.8893510690787326,1.3741669666465723,0.0986344475473624,0.0,0.0,1.3741669666465723,20685.006,0.059179857492775,0.0251700516635707,2.3512012722019024,0.671245059460513,88.04674672509614,262.84979170389033,262.84979170389033,232.1729186845842,4.533646831058333,4.533646831058333,4.004530535210427,262.84979170389033,262.84979170389033,1.3606506511813543,1.3606506511813543,0.1105686029023697,0.1105686029023697,0.0976642784622759,5.806777879960427,5.750567596736593,12.142139059568075,251160.2193,8.00520982185653,22.387635524731365,22.019705845988643,30.392845346587897,0.9969879493571536,0.0024547183535605,16.25897471833921,36.63691670617999,29.27590777111573,67.0297620527679,0.9094612516501812,0.9094612516501812,0.9094612516501812,0.6838697321108628,0.9822633083811732,0.0728020567309917,-228877.3799999999,-0.0524037942283309,0.100650870071923,0.0091128037966321,0.5787996320189456,0.5366618283728252,0.2185011879153628,-2.4133444729225766,-0.1091395209677692,0.3311653631559937,0.3311653631559937,0.3749220504194655,,594.0597841319759,0.8997110695198386,0.7277136070592171,0.8893510690787326,0.0483441967577867,0.8893510690787326,1.0995520679804,0.8088303364407711,0.4212003679810544,0.4212003679810544,0.4212003679810544,0.4253174906093727,1.3741669666465723,0.0,0.041544865602557,0.041544865602557,0.5787996320189456,0.5366618283728252,-0.0995520679804002,0
117,214,9003,1935,16320.78,3000.0,0.0,0.0,0.0,0.0,0.0,3000.0,0.0,13320.78,0.0,11490.77,0.0,0.0,0.0,0.0,0.0,0.0,0.0,1830.01,1830.01,0.0,16320.78,5000.0,0.0,11490.77,0.0,0.0,0.0,0.0,0.0,0.0,0.0,0.0,0.0,0.0,0.0,0.0,0.0,0.0,0.0,0.0,0.0,0.0,0.0,0.0,0.0,0.0,0.0,0.0,0.0,SFJMA,0.0,0.0,0.0,0.0,0.0,1.0,0.0,0.0,0.0,0.0,0.0,0.0,0.0,0.0,0.0,11490.77,11490.77,0.0,0.0,0.0,11490.77,0.0,11490.77,0.0,0.0,SFJMA,11490.77,,,0.0,0.0,0.0,0.0,1.0,114.9077,0.0,0.0,114.9077,0.7040576492054914,0.7040576492054914,0.0,0.7040576492054914,0.7040576492054914,1.0,0.0,2.2981540000000003,0.7040576492054914,,114.9077,11490.77,11490.77,22981.54,0.0,114.9077,2.0,0.0,114.9077,0.7040576492054914,1.4081152984109828,0.0,0.0,114.9077,0.0,0.0,0.0,0.0,0.0,114.9077,,0.0,0.0,5.44026,1.0,114.9077,,0.0,0.0,0.0,,0.0,0.0,0.0,1.0,0.2959423507945086,0.0,0.0,5.44026,0.0,0.0,0.0,0.0,0.0,0.0,0.7040576492054914,0.7040576492054914,1.0,114.9077,114.9077,114.9077,229.8154,0.0,114.9077,229.8154,0.0,114.9077,229.8154,0.0,0.0,114.9077,229.8154,0.0,0.0,0.0,0.0,0.0,0.0,41826.4028,0.0,41826.4028,0.0,0.0,0.0,0.0,0.0,41826.4028,inf,133.20780000000002,133.20780000000002,133.20780000000002,151.5079,18.3001,13320.78,0.8161852558517424,0.0,-133.20780000000002,0.0,-0.1121276066462509,0.0,0.0,1.159259127108105,1.0,0.5,114.9077,,0.0,0.2252120371329606,163.20780000000002,5.44026,1.6666666666666667,5.44026,0.0,724.6850660280002,1.0,1.0,1.0,1.126287975035143,0.0,0.0,0.0,0.0,0.0,-0.1121276066462509,1.0,0
117,226,6201,3377,140335.12,600.0,0.0,0.0,0.0,0.0,600.0,0.0,0.0,139735.12,0.0,95005.38,0.0,0.0,0.0,0.0,73816.0,0.0,0.0,42398.58,42398.58,2331.16,133328.98,5000.0,0.0,50241.49,7006.14,0.0,0.0,0.0,0.0,0.0,0.0,0.0,0.0,0.0,0.0,7006.14,0.0,0.0,0.0,0.0,0.0,0.0,1070.14,0.0,0.0,0.0,0.0,0.0,0.0,SFJIN,0.0,0.0,0.0,0.0,0.0,0.9500756474929442,481695.72,0.0,0.0,0.0,66626.25,0.59,0.0,1.8,66625.04,3.67,0.0,3.67,10451.25,0.15,56177.46,5936.0,50241.46,415069.47,2916.89,SFJIN,481699.98,,,2916.89,425522.52,7006.14,0.0,0.1166233388674834,0.1166243702559782,0.1383160514691722,0.1383158820544006,0.1043012381343143,0.3580105963496521,0.3579902792686535,0.4747653331539532,0.3768232532792195,0.3768232532792195,1.0525477656845494,666.2503999999999,10.048292,0.4210945200317639,,0.1043012381343143,66628.70999999999,69545.59999999999,69545.59999999999,69541.93,0.1443766201617901,0.1443753433413055,0.1443690012441879,0.138321158427565,0.4955680374235615,0.4955680374235615,0.4955418857375117,0.4747567109359367,7.171061383300933,9.509521648154331,3.629167646733969,0.8833844735012385,5.2974112068131225,0.1166155264987615,5.65428537256309,,0.0015,0.0015,233.89186666666671,1.0000000000000002,8.434651605591666,,9.509521648154331,4.754760824077166,0.0,,0.0216967881715868,3.113999019962228e-07,3.113999019962228e-07,0.9500756474929442,0.5920648373692916,0.0499243525070559,0.0499243525070558,222.2149666666667,0.0525477656845496,0.0,0.0,0.0,0.0525477656845496,0.0,0.4213447069046804,0.400310414100191,1.0525449552736963,0.7540927555165446,334944.0666666667,463637.3333333333,463637.3333333333,463612.8666666666,6.6542853725630895,6.6542853725630895,6.653934218394928,463637.3333333333,463637.3333333333,695.4192999999999,695.4192999999999,9.926378861969642,9.926378861969642,9.925855035725805,4.918447394608795,3.4324673681114177,4816.9572,4816.9572,0.0,71.7921228779031,55.7800762688944,71.7921228779031,0.8833844735012385,0.0216967881715868,5.07019413005874,5.294286110742276,0.8086660184566308,77.08640898864537,19.944665678961595,19.944665678961595,19.944665678961595,19.6119346744427,25.9962975333065,6.051631854344903,132728.97999999998,0.9458001674848034,0.0145447420624787,-0.2755452757603908,0.0499243525070559,-0.2521994494321877,0.0,0.0,1.39706803972575,0.7224247112685778,0.7224247112685778,0.7224628364498944,,11.361128603835317,0.0042938382276409,19.030304846891443,222.2149666666667,8.333333333333334,222.2149666666667,0.0501387196003409,4432.003219028262,0.9500756474929442,0.9500756474929442,0.9500756474929442,1.3613813598070752,0.0525477656845496,0.0,0.0,0.0,0.0499243525070559,-0.2521994494321877,0.9498612803996592,0
117,214,7733,2177,457516.84,110382.86,0.0,0.0,0.0,0.0,0.0,0.0,0.0,347133.98,0.0,308576.43,0.0,0.0,0.0,0.0,0.0,0.0,0.0,0.0,0.0,0.0,80897.79,75000.0,0.0,0.0,376619.05,0.0,0.0,0.0,0.0,0.0,0.0,0.0,0.0,0.0,0.0,0.0,0.0,0.0,0.0,0.0,0.0,0.0,0.0,0.0,0.0,0.0,0.0,0.0,0.0,SFJMI,0.0,0.0,0.0,0.0,0.0,0.176819261997001,72000.0,0.0,0.0,0.0,169703.18,0.0,0.0,0.0,169703.18,0.0,0.0,0.0,0.0,0.0,0.0,0.0,0.0,97703.18,78529.8,SFJMI,72000.0,,,78529.8,97703.18,0.0,376619.05,0.0,0.0,2.356988611111111,2.356988611111111,0.0,0.0,0.0,0.3709222593861244,0.0,0.0,5.655492442995044,1697.0318,0.0,0.1716435180833999,,0.0,0.0,78529.8,78529.8,248232.98,1.0906916666666666,1.0906916666666666,3.4476802777777773,0.0,0.1716435180833999,0.1716435180833999,0.5425657774695243,0.3709222593861244,0.0,1697.0318,0.2074127113686767,1.356988611111111,0.8900119521188404,-0.356988611111111,785.298,,0.0,0.0,7.556751926884299,1.8231807380029987,785.298,,1697.0318,0.4505963784890859,0.0,,0.0,0.0,0.0,0.176819261997001,0.176819261997001,0.8231807380029988,0.8231807380029991,0.7328836197938701,4.655492442995044,0.0,0.0,0.0,0.0,0.0,0.0,0.0,0.0,0.0,0.0,785.298,785.298,2482.3298,785.298,785.298,2482.3298,785.298,785.298,2482.3298,2482.3298,0.2085125539985298,0.2085125539985298,0.6591089324876158,0.1573712565421635,0.1573712565421635,720.0,720.0,0.0,1560.0252850000002,0.0,1560.0252850000002,1.356988611111111,0.0,0.2333295514501869,0.0,0.0,1560.0252850000002,inf,3471.3398,3471.3398,3471.3398,3471.3398,0.0,347133.98,0.7587348697372538,0.0,-4.821305277777777,0.0,0.0,0.0,0.0,1.1249529978683075,0.0,0.0,0.0,,720.0,0.3179834483504035,0.2148000479529646,0.7328836197938701,0.6794533136756921,4.144817773339085,1.084938587688823,0.6755070085165711,0.176819261997001,0.176819261997001,0.176819261997001,0.176819261997001,4.655492442995044,0.8231807380029988,0.0,0.0,0.8231807380029988,0.8231807380029988,-0.0849385876888226,0
117,214,8621,2556,511499.13,331127.02,0.0,0.0,331127.02,331127.02,0.0,0.0,0.0,180372.11,3515.1,112286.81,0.0,0.0,0.0,0.0,91942.35,0.0,0.0,63563.08,63563.08,1007.12,431960.86,5000.0,466503.19,-68183.74,79538.27,0.0,0.0,0.0,0.0,0.0,0.0,0.0,0.0,0.0,0.0,79538.27,0.0,0.0,0.0,0.0,0.0,0.0,30099.78,0.0,0.0,0.0,0.0,0.0,0.0,SFJIN,0.0,0.0,0.0,0.0,0.0,0.8444996964119958,179301.94,0.0,0.0,0.0,-51076.58,0.0,0.0,17107.16,-68183.74,0.0,0.0,0.0,0.0,0.0,-68183.74,0.0,-68183.74,230378.52,82750.47,SFJIN,179301.94,,,82750.47,247485.68,79538.27,0.0,-0.3802732976564559,-0.3802732976564559,-0.2848635101215302,-0.2848635101215302,-0.3802732976564559,-0.1333017712073137,-0.1333017712073137,-0.0998566312321978,-0.1578470327149548,-0.1578470327149548,1.1841330485359254,-0.205914153426682,-13.636748,0.0284785039614827,,-0.3802732976564559,-68183.74,14566.729999999996,14566.729999999996,14566.729999999996,0.0812413407239207,0.0812413407239207,0.0812413407239207,-0.3802732976564559,0.0284785039614827,0.0284785039614827,0.0284785039614827,-0.1333017712073137,-0.8572444434609906,-0.8572444434609906,1.778192122803218,1.3802732976564558,0.4867074388993332,-0.3802732976564558,145.66729999999995,,0.0,0.0,1.5447218109835916,1.0,0.1831411470226847,,-0.8572444434609906,-0.4286222217304953,0.0,,0.0,0.0,0.0,0.8444996964119958,0.9778014676193096,0.1555003035880041,0.1555003035880041,1.3045171004166316,0.1841330485359252,0.0,0.0,0.0,0.1841330485359252,3311.2702000000004,-0.1578470327149548,-0.1333017712073137,1.1841330485359252,1.0,-681.8374,145.66729999999995,145.66729999999995,145.66729999999995,145.66729999999995,145.66729999999995,145.66729999999995,145.66729999999995,145.66729999999995,145.66729999999995,145.66729999999995,0.1831411470226847,0.1831411470226847,0.1831411470226847,0.4002846834944408,0.3505420234048101,0.5414899092197308,1793.0194,7.135987485690339,227.9529091542456,186.6517194404032,235.088896639936,1.3802732976564558,0.0,1.5968210335657411,161.47025670776347,61.10541759893953,396.5591533476994,2.267739919412378,2.267739919412378,2.267739919412378,2.2108840184731195,3.066890818721604,0.7991508993092256,100833.83999999998,0.1971339423392567,0.4435996063400095,-0.5623689291928463,0.1555003035880041,0.031232096132793,0.0441938201572651,0.0348603207018596,0.8707441872072748,-4.68078559841502,-4.68078559841502,-4.68078559841502,,2.820850405612818,1.8357994481519344,5.430855612021735,1.3045171004166316,0.0150999456341557,1.3045171004166316,0.4409676751023205,2.958305504170881,0.8444996964119958,0.8444996964119958,0.8444996964119958,0.9643360028736244,0.1841330485359252,0.0,0.0,0.0,0.1555003035880041,0.031232096132793,0.5590323248976794,0
117,214,6312,2193,0.0,0.0,0.0,0.0,0.0,0.0,0.0,0.0,0.0,0.0,0.0,0.0,0.0,0.0,0.0,0.0,0.0,0.0,0.0,0.0,0.0,0.0,0.0,0.0,0.0,0.0,0.0,0.0,0.0,0.0,0.0,0.0,0.0,0.0,0.0,0.0,0.0,0.0,0.0,0.0,0.0,0.0,0.0,0.0,0.0,0.0,0.0,0.0,0.0,0.0,0.0,SFJMI,0.0,0.0,0.0,0.0,0.0,,0.0,0.0,0.0,0.0,0.0,0.0,0.0,0.0,0.0,0.0,0.0,0.0,0.0,0.0,0.0,0.0,0.0,0.0,0.0,SFJMI,0.0,,,0.0,0.0,0.0,0.0,0.0,0.0,0.0,0.0,0.0,0.0,0.0,0.0,0.0,0.0,0.0,0.0,0.0,0.0,,0.0,0.0,0.0,0.0,0.0,0.0,0.0,0.0,0.0,0.0,0.0,0.0,0.0,0.0,0.0,0.0,0.0,0.0,0.0,0.0,,0.0,0.0,0.0,0.0,0.0,,0.0,0.0,0.0,,0.0,0.0,0.0,0.0,0.0,0.0,0.0,0.0,0.0,0.0,0.0,0.0,0.0,0.0,0.0,0.0,0.0,0.0,0.0,0.0,0.0,0.0,0.0,0.0,0.0,0.0,0.0,0.0,0.0,0.0,0.0,0.0,0.0,0.0,0.0,0.0,0.0,0.0,0.0,0.0,0.0,0.0,0.0,0.0,0.0,0.0,,0.0,0.0,0.0,0.0,0.0,0.0,0.0,0.0,0.0,0.0,0.0,0.0,0.0,0.0,0.0,0.0,0.0,,0.0,0.0,0.0,0.0,0.0,0.0,0.0,0.0,0.0,0.0,0.0,,0.0,0.0,0.0,0.0,0.0,0.0,0.0,0
117,214,8122,2550,34873.92,2000.0,0.0,0.0,0.0,0.0,0.0,2000.0,0.0,32873.92,0.0,30309.66,0.0,0.0,0.0,0.0,0.0,0.0,0.0,2564.26,2564.26,0.0,34873.92,5000.0,30537.89,-663.97,0.0,0.0,0.0,0.0,0.0,0.0,0.0,0.0,0.0,0.0,0.0,0.0,0.0,0.0,0.0,0.0,0.0,0.0,0.0,0.0,0.0,0.0,0.0,0.0,0.0,SFJIN,0.0,0.0,0.0,0.0,0.0,1.0,0.0,0.0,0.0,0.0,-657.4,0.0,0.0,0.0,-657.4,0.0,0.0,0.0,6.57,0.0,-663.97,0.0,-663.97,657.4,0.0,SFJIN,0.0,,,0.0,663.97,0.0,0.0,-6.6397,-6.6397,-6.574,-6.574,-6.6397,-0.0190391559079105,-0.0190391559079105,-0.0188507629770326,-0.0190391559079105,-0.0190391559079105,1.0,-6.574,-0.132794,-0.0190391559079105,,-6.6397,-657.4,-657.4,-657.4,-657.4,-6.574,-6.574,-6.574,-6.574,-0.0188507629770326,-0.0188507629770326,-0.0188507629770326,-0.0188507629770326,-6.6397,-6.574,0.0,6.6397,0.0,-6.6397,-101.06088280060882,,0.0,0.0,17.43696,1.0,-6.6397,,-6.574,-6.574,-0.0,,0.0657,0.0,0.0,1.0,1.0190391559079106,0.0,0.0,17.43696,0.0,0.0,0.0,0.0,0.0,0.0,-0.0190391559079105,-0.0190391559079105,1.0,1.009993915424399,-6.6397,-6.574,-6.574,-6.574,-100.06088280060882,-100.06088280060882,-100.06088280060882,-6.574,-6.574,-6.574,-6.574,-6.574,-6.574,-6.574,0.0,0.0,0.0,0.0,0.0,110630.259,0.0,110630.259,6.6397,0.0657,0.0,0.0,0.0,110630.259,inf,328.7392,328.7392,328.7392,354.3818,25.6426,32873.92,0.9426505537662528,0.0,-328.7392,0.0,-0.0735294454996742,0.0,0.0,1.0846020707589592,1.009993915424399,1.009993915424399,1.009993915424399,,0.0,0.06083850054998,348.7392,17.43696,2.5,17.43696,0.0,5732.212280831999,1.0,1.0,1.0,1.0793651186672966,0.0,0.0,0.0,0.0,0.0,-0.0735294454996742,1.0,0
117,215,2611,5115,196324.05,0.0,0.0,0.0,0.0,0.0,0.0,0.0,0.0,196324.05,0.0,191038.0,0.0,0.0,0.0,0.0,0.0,0.0,0.0,0.0,0.0,0.0,129043.51,315000.0,0.0,0.0,67280.54,100.0,0.0,0.0,0.0,0.0,0.0,0.0,0.0,0.0,0.0,0.0,0.0,0.0,0.0,0.0,0.0,0.0,0.0,0.0,0.0,0.0,0.0,0.0,0.0,SFJMI,0.0,0.0,0.0,0.0,0.0,0.6572985327065125,10000.0,0.0,0.0,0.0,20380.68,0.0,0.0,1185.0,19195.68,0.0,0.0,0.0,0.0,0.0,0.0,0.0,0.0,10380.68,0.0,SFJMI,10000.0,,,0.0,11565.68,0.0,67280.54,0.0,0.0,2.038068,2.038068,0.0,0.0,0.0,0.1038114280955389,0.0,0.0,1.5213787194722153,191.9568,0.0,0.0,,0.0,0.0,0.0,0.0,19195.68,0.0,0.0,1.919568,0.0,0.0,0.0,0.0977754890447706,0.0977754890447706,0.0,191.9568,0.0509361945212519,1.156568,0.07749324239553,-0.156568,0.0,,0.0,0.0,2636.0459,1.3427014672934874,0.0,,191.9568,0.2853080548996783,0.0,,0.0,0.0,0.0,0.6572985327065125,0.6572985327065125,0.3427014672934874,0.3427014672934874,1290.4351,0.5213787194722151,0.0,0.0,0.0,0.0,0.0,0.0,0.0,0.0,0.0,0.0,0.0,0.0,191.9568,0.0,0.0,191.9568,0.0,0.0,191.9568,191.9568,0.0,0.0,0.2853080548996783,0.0509361945212519,0.0509361945212519,100.0,100.0,0.0,6953.7832,0.0,6953.7832,1.156568,0.0,0.0523456066332352,0.0,0.0,6953.7832,inf,1963.2405,1963.2405,1963.2405,1963.2405,0.0,196324.05,1.0,0.0,-19.632405,0.0,0.0,0.0,0.0,1.0276701493943612,0.0,0.0,0.0,,100.0,0.0,1.9179915916251564,1290.4351,3150.0,1963.2405,0.3427014672934874,0.0191799159162515,0.6572985327065125,0.6572985327065125,0.6572985327065125,0.6572985327065125,0.5213787194722151,0.3427014672934874,0.0,0.0,0.3427014672934874,0.3427014672934874,0.6572985327065125,0
117,215,3250,1696,583937.57,477717.57,318525.57,318525.57,159192.0,159192.0,0.0,0.0,0.0,106220.0,0.0,106220.0,0.0,0.0,0.0,0.0,0.0,0.0,0.0,0.0,0.0,0.0,573828.85,3500000.0,0.0,-578550.21,10108.72,0.0,0.0,0.0,0.0,0.0,0.0,0.0,0.0,0.0,0.0,10108.72,0.0,0.0,0.0,0.0,515.64,0.0,469.39,0.0,0.0,0.0,0.0,0.0,0.0,SFJIN,0.0,0.0,0.0,0.0,0.0,0.9826886973550956,0.0,0.0,0.0,0.0,-578531.92,0.23,0.0,1.62,-578533.31,0.0,0.0,0.0,16.9,0.0,-578550.21,0.0,-578550.21,578531.92,576997.92,SFJIN,0.23,,,576997.92,578550.4400000001,10108.72,0.0,-2515435.695652174,-5785.5021,-5785.319200000001,-2515356.1739130435,-5785.5021,-0.9907740822362228,-0.9907740822362228,-0.9907427603947456,-1.0082278191485143,-1.0082278191485143,1.0176162631070222,-3.634185825920901,-0.16530006,-0.0026583149976116,,-5785.5021,-578533.3099999999,-1535.3899999998976,-1535.3899999998976,-1535.390000000014,-15.353899999998976,-6675.608695651728,-15.35390000000014,-5785.3331,-0.0026293735475864,-0.0026293735475864,-0.0026293735475866,10.89238230455982,-57.2327861489882,-57.23111432505798,0.0,5785.504400000001,0.0,-5785.504400000001,-91.85147928993617,,0.0,0.0,1.2223489498198694,1.0,-0.1535595011039895,,-57.23111432505798,-28.61555716252899,-0.332180198287708,,0.1689999999999999,0.0,0.0,0.9826886973550956,1.9734627795913189,0.0173113026449043,0.0173113026449042,1.2011884972118567,0.0176162631070222,0.0008985954609985,0.0,0.0,0.0176162631070222,1591.92,-1.0082278191485143,-0.9907740822362228,1.0176162631070222,1.000029211801132,-5785.5021,-15.353899999998976,-15.353899999998976,-15.35390000000014,-90.85147928993476,-90.85147928993476,-90.85147928994166,-15.353899999998976,-15.353899999998976,-2.9776394383678806,-2.9776394383678806,-0.1518876771737566,-0.1518876771737566,-0.1518876771737682,-0.0,0.0,0.0,0.0,0.0,386640.8,0.0,386640.8,5785.504400000001,0.1689999999999999,0.0,36795.7408,1708.5796,423436.5408,10.5077596372241,10.5077596372241,10.5077596372241,10.5077596372241,10.5077596372241,0.0,96111.28,0.164591704554992,101.0872,-961.1128,0.0173113026449043,0.0173113026449043,0.0,0.0,0.9048322349839956,376.8099375403243,376.8099375403243,376.8099375402958,,0.0,4.497435228770477,56.765728005128246,1.2011884972118567,7.326504654203947,1.2011884972118567,0.0951677650160045,12.62180000770062,0.9826886973550956,0.9826886973550956,1.190322736731874,1.190322736731874,0.0176162631070222,-0.0,0.0008830396030178,-0.009708253465169,-0.1903227367318745,-0.1903227367318745,0.9048322349839952,0
117,216,9523,2105,129409.51,0.0,0.0,0.0,0.0,0.0,0.0,0.0,0.0,129409.51,0.0,39733.16,0.0,0.0,0.0,0.0,32420.41,0.0,0.0,79943.11,79943.11,9733.24,45267.03,5000.0,0.0,7926.7,84142.48,0.0,0.0,0.0,0.0,0.0,0.0,0.0,0.0,0.0,0.0,84142.48,0.0,0.0,0.0,0.0,0.0,53037.6,12263.56,0.0,0.0,0.0,0.0,0.0,0.0,SFJIN,0.0,0.0,0.0,0.0,0.0,0.3497967807775487,305202.33,0.0,0.0,0.0,4210.71,0.45,0.0,1.21,4209.95,7547.58,0.0,0.0,3830.83,125.5,7926.7,0.0,7926.7,300991.62,0.0,SFJIN,312750.36000000004,,,0.0,304823.66,84142.48,0.0,0.0253451346946491,0.0259719511315657,0.0137964543062302,0.0137964339643302,0.0259719511315657,0.0612528399187973,0.0620383695139561,0.0325378714439147,0.1751097874103956,0.1751097874103956,2.858802753350507,42.0995,1.58534,0.0612528399187973,,0.0259719511315657,11757.53,11757.53,11757.53,4209.95,0.0385237229348806,0.0375939775097301,0.0137939641548608,0.0385237229348806,0.0908552238548774,0.0908552238548774,0.0325319986143213,0.0325319986143213,0.0942056854040907,0.0500335858890776,6.742265397133411,0.9987592820801858,-8.801523413257785,0.0012407179198141,2.069186051064652,,0.0023662458331447,1.255,1294.0951,1.0,0.0942056854040907,,0.0500335858890776,0.0250167929445388,6.691006345641944,,0.0125517718033148,0.0004112026274504,0.0004112026274504,0.3497967807775487,0.2885439408587514,0.6502032192224513,0.6502032192224513,452.6703,1.858802753350507,0.0,0.0,0.0,1.858802753350507,0.0,0.1751097874103956,0.0622226295424501,2.81424601785642,1.8828489649520777,64.16095617529881,93.68549800796812,93.68549800796812,33.54541832669322,3.069186051064652,3.069186051064652,1.0989654983384802,93.68549800796812,93.68549800796812,0.0793767063366366,42.0995,0.1397335804696985,0.1397335804696985,0.0500335858890776,6.169891684052206,2.3584227310651285,3052.0233000000003,3052.0233000000003,0.0,47.38781070249365,38.666248845479,47.38781070249365,0.9987592820801858,0.0125517718033148,7.681300203658607,100.35265038769526,14.626152559189176,147.74046109018892,1.5379806965518488,1.5379806965518488,1.5379806965518488,1.4223049998050925,2.4880728497662536,0.950092153214405,45267.03,0.3497967807775487,0.2756940944716903,-0.1483181009791111,0.6502032192224513,0.0324502426444547,0.0,0.0,1.139275859257104,0.6741807165280463,0.6741807165280463,1.8828489649520777,,3.817744018214953,0.0,0.5379806965518488,452.6703,50.0,452.6703,0.6502032192224513,0.0053798069655184,0.3497967807775487,0.3497967807775487,0.3497967807775487,0.9151066178254332,1.858802753350507,0.0,0.409843140585263,0.409843140585263,0.6502032192224513,0.0324502426444547,0.3497967807775487,1
117,214,6201,2107,277845.08,45940.5,0.0,0.0,0.0,0.0,0.0,0.0,0.0,231904.58,0.0,0.0,0.0,0.0,0.0,0.0,0.0,0.0,0.0,0.0,0.0,0.0,214310.22,5000.0,0.0,0.0,63534.86,0.0,0.0,0.0,0.0,0.0,0.0,0.0,0.0,21580.33,0.0,0.0,0.0,0.0,0.0,0.0,0.0,0.0,0.0,0.0,0.0,0.0,0.0,0.0,0.0,SFJMI,0.0,0.0,0.0,0.0,21580.33,0.7713299080192458,958005.12,0.0,0.0,0.0,1829445.05,0.92,0.0,1.07,1829444.9,0.0,0.0,0.0,0.0,0.0,0.0,8815.0,0.0,871439.93,24129.03,SFJMI,958006.04,,,24129.03,871441.0,0.0,63534.86,0.0,0.0,1.9096401593344303,1.909638325453564,0.0,0.0,0.0,6.584406857231375,0.0,0.0,1.2964621099264422,18294.449,0.0,0.1185697799651517,,0.0,0.0,24129.03,24129.03,1853573.93,0.025186744304665,0.0251867201171299,1.934826747063732,0.0,0.0868434668700989,0.0868434668700989,6.671249784232277,6.584406317362178,0.0,18294.449,4.13103147855036,0.9096412762386906,4.4701793502895,0.0903587237613093,329.4403,,0.0,0.0,7.430914770191879,1.228670091980754,329.4403,,18294.449,28.79434848837316,0.6550604161057406,,0.0,0.0,0.0,0.7713299080192458,0.7713299080192458,0.2286700919807541,0.2286700919807542,4.664951839879844,0.2964621099264421,0.1006966909930847,0.1006966909930847,0.0,0.0,0.0,0.0,0.0,0.0,0.0,0.0,241.2903,241.2903,18535.7393,241.2903,241.2903,18535.7393,241.2903,241.2903,85.89182510184041,85.89182510184041,0.3797762362268524,0.3797762362268524,29.17412472460001,3.4479830270883327,3.4479830270883327,9580.0512,9580.0512,0.0,0.0,0.0,0.0,0.9096412762386906,0.0,9580.0512,0.0,0.0,0.0,inf,2319.0458,2319.0458,2319.0458,2319.0458,0.0,231904.58,0.8346542612883409,0.0,-0.2420702929019836,0.0,0.0,0.0,0.0,2319.0458,0.0,0.0,0.0,,9580.0512,0.1981008740750182,3.373112335495821,4.664951839879844,0.1088364297297591,6.047933305035862,0.2739698370769564,17.02724609997665,0.7713299080192458,0.7713299080192458,0.7713299080192458,0.7713299080192458,0.2964621099264421,0.2286700919807541,0.0776703694015384,0.0776703694015384,0.2286700919807541,0.2286700919807541,0.7260301629230437,0
117,214,4941,1399,5523.43,0.0,0.0,0.0,0.0,0.0,0.0,0.0,0.0,5523.43,0.0,0.0,0.0,0.0,0.0,0.0,0.0,0.0,0.0,5523.43,5523.43,0.0,5523.43,5533.43,0.0,-10.0,0.0,0.0,0.0,0.0,0.0,0.0,0.0,0.0,0.0,0.0,0.0,0.0,0.0,0.0,0.0,0.0,0.0,0.0,0.0,0.0,0.0,0.0,0.0,0.0,0.0,SFJMA,0.0,0.0,0.0,0.0,0.0,1.0,0.0,0.0,0.0,0.0,0.0,0.0,0.0,0.0,0.0,0.0,0.0,0.0,0.0,0.0,0.0,0.0,0.0,0.0,0.0,SFJMA,0.0,,,0.0,0.0,0.0,0.0,0.0,0.0,0.0,0.0,0.0,0.0,0.0,0.0,0.0,0.0,1.0,0.0,0.0,0.0,,0.0,0.0,0.0,0.0,0.0,0.0,0.0,0.0,0.0,0.0,0.0,0.0,0.0,0.0,0.0,0.0,0.0,0.0,0.0,0.0,,0.0,0.0,55.234300000000005,1.0,0.0,,0.0,0.0,-0.0,,0.0,0.0,0.0,1.0,1.0018104692193075,0.0,0.0,55.234300000000005,0.0,0.0,0.0,0.0,0.0,0.0,0.0,0.0,0.0,0.0,0.0,0.0,0.0,0.0,0.0,0.0,0.0,0.0,0.0,0.0,0.0,0.0,0.0,0.0,0.0,0.0,0.0,0.0,0.0,0.0,0.0,0.0,0.0,0.0,0.0,0.0,0.0,0.0,inf,55.234300000000005,55.234300000000005,55.234300000000005,110.4686,55.234300000000005,5523.43,1.0,0.0,-55.234300000000005,0.0,-1.0,0.0,0.0,55.234300000000005,0.0,0.0,0.0,,0.0,0.0,55.234300000000005,55.234300000000005,55.334300000000006,55.234300000000005,0.0,0.552343,1.0,1.0,1.0,inf,0.0,0.0,0.0,0.0,0.0,-1.0,1.0,0
117,214,4941,2148,576771.87,0.0,0.0,0.0,0.0,0.0,0.0,0.0,0.0,576771.87,0.0,507990.94,0.0,0.0,0.0,0.0,505481.94,0.0,0.0,61241.58,61241.58,7539.35,171540.6,5000.0,108654.34,57886.26,405231.27,0.0,0.0,0.0,0.0,0.0,0.0,0.0,0.0,0.0,0.0,405231.27,0.0,0.0,0.0,0.0,0.0,0.0,222714.18,0.0,0.0,0.0,0.0,0.0,0.0,SFJIN,0.0,0.0,0.0,0.0,0.0,0.2974149900895825,2936568.05,0.0,0.0,0.0,69791.57,0.0,0.0,0.19,69791.38,22.88,0.0,0.0,5011.6,0.0,69814.26,11928.0,57886.26,2866776.48,4616.23,SFJIN,2936590.93,,,4616.23,2871788.27,405231.27,0.0,0.0237739139240616,0.0237740991563263,0.0237663724496355,0.0237663724496355,0.019712214739924,0.1003624882052587,0.1003624882052587,0.1210037687864354,0.3374493268648938,0.3374493268648938,3.362305308480908,697.9138,11.577252,0.1290466714335427,,0.019712214739924,74825.86,79442.09,79442.09,74407.61,0.0270526984722863,0.0270524876953154,0.0253382890275605,0.0254807171929831,0.1377357220975426,0.1377357220975426,0.1290070023699318,0.1210034393667638,0.1428474658433935,0.1722260476098007,17.118793160336388,0.9779403102883996,26.623700283103148,0.0220596897116005,14.851642190118923,,0.0,0.0,5767.7187,1.0,0.1836741029387983,,0.1722260476098007,0.0861130238049003,0.0,,0.0017066180366567,0.0,0.0,0.2974149900895825,0.1970525018843238,0.7025850099104175,0.7025850099104175,1715.406,2.362305308480908,0.0,0.0,0.0,2.362305308480908,0.0,0.406983886030479,0.1210431084303747,3.362305308480907,0.8294184754621559,578.8626,794.4209,794.4209,744.0761,15.851642190118922,15.851642190118922,14.84707678186607,794.4209,794.4209,744.0761,744.0761,0.196041361763617,0.196041361763617,0.1836176413532943,5.696208558375881,5.09138569812706,29365.6805,29365.6805,0.0,62.967620368954165,62.65661923278093,62.967620368954165,0.9779403102883996,0.0017066180366567,5.780748865324251,50.2301257006457,27.60636230445945,113.19774606959987,1.4233153083176429,1.4233153083176429,1.4233153083176429,1.4047102534806852,1.5744427867079456,0.1511274783903029,171540.59999999998,0.2974149900895825,0.1379948508259497,-0.058415332823634,0.7025850099104175,0.5964051090078301,0.0,0.0,0.3376843689377609,0.7286598325900037,0.7286598325900037,0.7779615552764025,,47.950559897376905,0.0,0.4233153083176429,1715.406,50.0,1715.406,0.7025850099104175,0.0042331530831764,0.2974149900895825,0.2974149900895825,0.2974149900895825,0.3327459187703597,2.362305308480908,0.0,0.0,0.0,0.7025850099104175,0.5964051090078301,0.2974149900895825,0
117,226,2562,5719,6978881.35,1718919.18,0.0,0.0,1718919.18,1718919.18,0.0,0.0,0.0,5259962.17,2485910.46,1584018.93,0.0,0.0,0.0,0.0,0.0,0.0,0.0,1160265.64,1160265.64,29767.14,4971874.39,50000.0,4526238.02,395636.37,2007006.96,0.0,0.0,0.0,0.0,0.0,0.0,0.0,1264185.0,705100.0,0.0,707390.26,0.0,0.0,0.0,0.0,0.0,0.0,0.0,0.0,35431.7,0.0,0.0,0.0,0.0,SFJMA,1528646.62,0.0,415866.5,0.0,0.0,0.7124170967600703,10153202.64,0.0,0.0,0.0,379092.93,64750.88,0.0,60734.38,383109.43,153578.6,0.0,2738.27,32159.66,32159.66,504528.37,108892.0,395636.37,9774109.71,71570.07,SFJMA,10371532.12,,,71570.07,9867003.75,707390.26,1299616.7,0.048645500410406,0.0496915493454585,0.0373372760735128,0.037100670820041,0.0389666575196021,0.0566905138744048,0.0601052912154753,0.0543200136222404,0.0795748924783274,0.0795748924783274,1.4036720967924534,0.2228780936634845,7.9127274,0.0825488228138453,,0.0389666575196021,536688.03,608258.1000000001,608258.1000000001,454679.5,0.0599080035696007,0.0586468896747725,0.0447818797793638,0.0528589893287109,0.0871569624836794,0.0871569624836794,0.065150770903993,0.0548955356577311,0.5592901010539784,0.5415814320089734,2.2302124690656453,0.9718119592262958,2.663757826665709,0.0281880407737041,17.913698092579335,,0.0456100694936888,0.0456100694936888,4.8161066246290885,1.186221349070507,0.8143997345962891,,0.5415814320089734,0.1411397813029001,1.2239227726428143,,0.0031674399832524,0.0031674399832524,0.0031674399832524,0.7124170967600703,0.6557265828856654,0.2875829032399297,0.2875829032399297,2.8924422089466706,0.4036720967924533,0.1418177421010831,0.1418177421010831,0.2542672844958981,0.1422783852751356,1.3226354970661731,0.1014764916456387,0.0769017272374175,1.3195606300538858,1.032698072715151,13.302255993999935,18.91369809257934,18.91369809257934,14.13819362518136,18.91369809257934,18.91369809257934,14.13819362518136,18.91369809257934,18.91369809257934,0.6448439937597504,0.6448439937597504,0.3030672599162287,0.3030672599162287,0.2265460504431933,1.7449515737137418,1.454846719811335,5.906736487750402,101532.0264,89.36661170588042,56.94428939812826,54.95369649196719,146.31090110400868,0.9718119592262958,0.0031674399832524,6.409773549865342,25.430147910452817,14.950087955695524,171.7410490144615,7.435728857787779,7.435728857787779,7.081053675365225,3.879449188344776,9.075934703992107,1.6402058462043283,4552571.91,0.652335479238374,0.0696716381108296,-0.448387771959213,0.1013615541694228,-0.0648922595596212,3.514199446285845,0.5460452924509653,1.1185874431104077,0.6504415970786085,0.6504415970786085,0.8701434087087718,,8.750756973204862,0.3267930689319007,2.47725817054466,2.8924422089466706,0.0290880458963754,3.64850841329259,0.3815630027620522,7.580510133343396,0.7124170967600703,0.7124170967600703,0.7124170967600703,0.8544771880114419,0.4036720967924533,0.1862213490705068,0.101033384096722,0.101033384096722,0.2875829032399297,0.1213290895108856,0.6184369972379479,0
117,214,7022,6473,1809940.53,579506.11,0.0,0.0,0.0,0.0,0.0,0.0,0.0,1230434.42,0.0,426653.94,0.0,0.0,0.0,0.0,0.0,0.0,0.0,0.0,0.0,0.0,1429010.61,50000.0,0.0,0.0,380929.92,0.0,0.0,0.0,0.0,0.0,0.0,0.0,0.0,278670.54,0.0,0.0,0.0,0.0,0.0,0.0,0.0,0.0,0.0,0.0,0.0,0.0,0.0,0.0,0.0,SFJMI,0.0,0.0,0.0,0.0,278670.54,0.78953456553625,680663.84,0.0,0.0,0.0,1473629.52,196541.94,0.0,31770.97,1638400.49,0.0,0.0,0.0,0.0,0.0,0.0,1635.0,0.0,792965.68,26235.49,SFJMI,877205.78,,,26235.49,824736.65,0.0,380929.92,0.0,0.0,2.1649886969168217,1.6799131442111563,0.0,0.0,0.0,0.8141867070074397,0.0,0.0,1.266568993494037,16384.0049,0.0,0.0153985667142334,,0.0,0.0,26235.49,26235.49,1664635.98,0.0385439749524523,0.0299080222658815,2.445606600756109,0.0,0.0144952221164968,0.0144952221164968,0.9197186053400328,0.905223383223536,0.0,16384.0049,0.5531898563110743,1.2116651444272404,0.4763182549078484,-0.2116651444272404,278.7049,,0.0,0.0,3.780582140885452,1.2104654344637502,278.7049,,16384.0049,4.301054876445515,9.998767154793471,,0.0,0.0,0.0,0.78953456553625,0.78953456553625,0.21046543446375,0.21046543446375,2.465911204974181,0.266568993494037,0.1950094268369357,0.1950094268369357,0.0,0.0,0.0,0.0,0.0,0.0,0.0,0.0,262.35490000000004,262.35490000000004,16646.3598,262.35490000000004,262.35490000000004,16646.3598,262.35490000000004,262.35490000000004,5.973491062241456,5.973491062241456,0.0688722219562065,0.0688722219562065,4.369927098401722,0.3760697264456528,0.3760697264456528,6806.6384,6806.6384,0.0,228.789424306718,0.0,228.789424306718,1.2116651444272404,0.0,1.5953534614024658,0.0,0.0,228.789424306718,inf,12304.3442,12304.3442,12304.3442,12304.3442,0.0,1230434.42,0.6798203585175254,0.0,-1.807697644111666,0.0,0.0,0.0,0.0,2.8839166937026293,0.0,0.0,0.0,,6806.6384,0.470976835969852,3.751374032262943,2.465911204974181,0.0862803672596308,3.1232466729298163,0.3095897788685073,7.965092432917602,0.78953456553625,0.78953456553625,0.78953456553625,0.78953456553625,0.266568993494037,0.21046543446375,0.1539666830931732,0.1539666830931732,0.21046543446375,0.21046543446375,0.6904102211314929,0
117,214,4791,2646,190065.91,122095.14,0.0,0.0,122095.14,122095.14,0.0,0.0,0.0,67970.77,6413.0,54372.65,0.0,0.0,0.0,0.0,0.0,0.0,0.0,7185.12,7185.12,0.0,62444.5,100000.0,51917.76,-16979.25,127621.41,0.0,0.0,0.0,0.0,0.0,0.0,0.0,0.0,0.0,0.0,127621.41,0.0,0.0,0.0,0.0,10000.0,0.0,0.0,0.0,0.0,0.0,0.0,0.0,0.0,SFJMA,8887.16,0.0,5114.55,0.0,0.0,0.3285412939122012,75813.76,0.0,0.0,0.0,-18522.96,1543.32,0.0,0.05,-16979.69,0.44,0.0,0.0,0.0,0.0,-16979.25,0.0,-16979.25,94336.72,24162.0,SFJMA,77357.52,,,24162.0,94336.77,127621.41,0.0,-0.2194906196579207,-0.2239600040942436,-0.2443218750791413,-0.239447507584309,-0.2239600040942436,-0.0893334843686592,-0.0893334843686592,-0.0974554563730023,-0.2719094555965697,-0.2719094555965697,3.043757416585928,-0.1390693356017283,-0.1697925,0.0377908379256437,,-0.2239600040942436,-16979.25,7182.75,7182.75,7182.310000000001,0.0947420362741539,0.092851347871545,0.0947362325783604,-0.2239600040942436,0.0377908379256437,0.0377908379256437,0.0377885229392267,-0.0893357993550763,-0.133043899138867,-0.1330473468362401,-1.270963060916027,1.244322534590027,1.371961828019062,-0.244322534590027,71.8275,,0.0,0.0,1.5567033216883162,1.0,0.0562817006958315,,-0.1330473468362401,-0.06652367341812,1.3922244265775643,,0.0,0.0,0.0,0.3285412939122012,0.4178747782808605,0.6714587060877987,0.6714587060877987,0.5114413235449011,2.043757416585928,0.1601422062791759,0.0,0.0,2.043757416585928,1220.9514,-0.2719094555965697,-0.0893334843686592,3.043757416585928,0.9999740866882728,-169.7925,71.8275,71.8275,71.82310000000001,71.8275,71.8275,71.82310000000001,71.8275,71.8275,0.7182310000000002,0.7182310000000002,0.0562817006958315,0.0562817006958315,0.0562782529984585,0.4145528898907315,0.3988814196085978,0.6209400308644554,758.1375999999999,30.790347293156284,261.05610116158334,42.66938138934146,291.84644845473963,1.244322534590027,0.0,1.394336306948438,612.7409224921703,24.556178192454777,904.58737094691,0.5325969208458048,0.5325969208458048,0.5325969208458048,0.4823467316338223,0.5888971920933956,0.0563002712475908,-59650.64,-0.3138418667503289,1.6833541826707976,0.7868049282874244,0.6714587060877987,0.6336553988034993,0.0502501892119825,-0.1075093242922456,-0.9813276653289056,-2.363892659496711,-2.363892659496711,-2.3640374754083293,,10.551495312534794,1.7962889047748023,0.4892948604783476,0.5114413235449011,0.819033419348223,0.5114413235449011,1.8775925298477565,0.2723920741133174,0.3285412939122012,0.3285412939122012,0.3285412939122012,0.3414492030573577,2.043757416585928,0.0,0.0526133276609151,0.0526133276609151,0.6714587060877987,0.6336553988034993,-0.8775925298477566,1
117,214,4652,1320,0.0,0.0,0.0,0.0,0.0,0.0,0.0,0.0,0.0,0.0,20000.0,14000.0,0.0,0.0,0.0,0.0,0.0,0.0,0.0,0.0,0.0,0.0,0.0,20285.41,0.0,0.0,0.0,14000.0,0.0,0.0,0.0,0.0,0.0,0.0,0.0,0.0,0.0,0.0,0.0,0.0,0.0,0.0,0.0,0.0,0.0,0.0,0.0,0.0,0.0,0.0,0.0,SFJMI,0.0,0.0,0.0,0.0,0.0,,14000.0,0.0,0.0,0.0,28000.0,0.0,0.0,0.0,28000.0,0.0,0.0,0.0,0.0,0.0,0.0,0.0,0.0,14000.0,0.0,SFJMI,14000.0,,,0.0,14000.0,0.0,0.0,0.0,0.0,2.0,2.0,0.0,0.0,0.0,280.0,0.0,0.0,0.0,280.0,0.0,0.0,,0.0,0.0,0.0,0.0,28000.0,0.0,0.0,2.0,0.0,0.0,0.0,280.0,280.0,0.0,280.0,140.0,1.0,140.0,0.0,0.0,,0.0,0.0,0.0,0.0,0.0,,280.0,280.0,0.0,,0.0,0.0,0.0,0.0,0.0,0.0,0.0,0.0,0.0,0.0,0.0,0.0,0.0,0.0,0.0,0.0,0.0,0.0,0.0,0.0,0.0,280.0,0.0,0.0,280.0,0.0,0.0,280.0,280.0,0.0,0.0,280.0,140.0,140.0,140.0,140.0,520.0,364.0,0.0,884.0,1.0,0.0,1.0,0.0,0.0,884.0,,0.0,0.0,-200.0,0.0,0.0,0.0,0.0,0.0,0.0,0.0,0.0,200.0,200.0,0.0,0.0,0.0,0.0,,140.0,0.0,0.0,0.0,202.8541,0.0,0.0,0.0,0.0,0.0,0.0,,0.0,0.0,0.0,0.0,0.0,0.0,0.0,0
117,0,5819,2038,1272.66,0.0,0.0,0.0,0.0,0.0,0.0,0.0,0.0,1272.66,0.0,0.0,0.0,0.0,0.0,0.0,0.0,0.0,0.0,0.0,0.0,0.0,1272.66,5000.0,0.0,0.0,0.0,0.0,0.0,0.0,0.0,0.0,0.0,0.0,0.0,0.0,0.0,0.0,0.0,0.0,0.0,0.0,0.0,0.0,0.0,0.0,0.0,0.0,0.0,0.0,0.0,SFJMI,0.0,0.0,0.0,0.0,0.0,1.0,0.0,0.0,0.0,0.0,0.0,0.0,0.0,0.0,0.0,0.0,0.0,0.0,0.0,0.0,0.0,0.0,0.0,0.0,0.0,SFJMI,0.0,,,0.0,0.0,0.0,0.0,0.0,0.0,0.0,0.0,0.0,0.0,0.0,0.0,0.0,0.0,1.0,0.0,0.0,0.0,,0.0,0.0,0.0,0.0,0.0,0.0,0.0,0.0,0.0,0.0,0.0,0.0,0.0,0.0,0.0,0.0,0.0,0.0,0.0,0.0,,0.0,0.0,12.7266,1.0,0.0,,0.0,0.0,0.0,,0.0,0.0,0.0,1.0,1.0,0.0,0.0,12.7266,0.0,0.0,0.0,0.0,0.0,0.0,0.0,0.0,0.0,0.0,0.0,0.0,0.0,0.0,0.0,0.0,0.0,0.0,0.0,0.0,0.0,0.0,0.0,0.0,0.0,0.0,0.0,0.0,0.0,0.0,0.0,0.0,0.0,0.0,0.0,0.0,0.0,0.0,inf,12.7266,12.7266,12.7266,12.7266,0.0,1272.66,1.0,0.0,-12.7266,0.0,0.0,0.0,0.0,12.7266,0.0,0.0,0.0,,0.0,0.0,12.7266,12.7266,50.0,12.7266,0.0,0.127266,1.0,1.0,1.0,1.0,0.0,0.0,0.0,0.0,0.0,0.0,1.0,0
117,214,4799,6665,1779860.22,63700.1,0.0,0.0,63700.1,63700.1,0.0,0.0,0.0,1716160.12,674088.74,136950.2,0.0,0.0,0.0,0.0,96704.54,0.0,0.0,844595.78,844595.78,60525.4,620921.27,60000.0,250218.13,125287.56,1158938.95,0.0,0.0,0.0,0.0,0.0,0.0,0.0,0.0,0.0,0.0,1158938.95,0.0,0.0,0.0,0.0,358102.0,0.0,672731.4,0.0,0.0,0.0,0.0,0.0,0.0,SFJIN,0.0,0.0,0.0,0.0,0.0,0.34885956943293,8936363.4,0.0,0.0,0.0,94801.68,106611.29,0.0,37824.33,163588.64,0.0,0.0,0.0,1297.08,409.0,162291.56,37004.0,125287.56,8841561.72,132275.04,SFJIN,9042974.69,,,132275.04,8880683.13,1158938.95,0.0,0.0179467006779823,0.0181608057702756,0.0106085300873059,0.0104834618308546,0.0140199714796737,0.0703917973963146,0.0705779299904798,0.0532635534716316,0.2017768854978989,0.2017768854978989,2.866482927859759,2.5681064864890324,2.088126,0.1654998503197065,,0.0140199714796737,163588.63999999998,295863.68,295863.68,295863.68000000005,0.033107838922486,0.0327175172045074,0.033107838922486,0.0183059520609916,0.1662286041765684,0.1662286041765684,0.1662286041765684,0.0919109479282592,0.1081054010653451,0.1411538027952206,16.03737237765033,0.9937692473428286,-39.95253370623233,0.0062307526571714,227.09979338205807,,0.0011421326884518,0.0011421326884518,27.941246874023747,1.0,0.254169212278179,,0.1411538027952206,0.0705769013976103,1.2156911204461065,,0.0001451462907159,4.576805817901273e-05,4.576805817901273e-05,0.34885956943293,0.2784677720366153,0.65114043056707,0.65114043056707,9.747571353891123,1.866482927859759,0.5767269013026401,0.0,0.0,1.866482927859759,637.001,0.2613722026304558,0.0914119873975272,2.859277104367236,0.7658695616028105,307.3265525672372,723.3830806845965,723.3830806845965,723.3830806845967,228.09979338205812,228.09979338205812,228.0997933820582,723.3830806845965,723.3830806845965,0.8261994627229114,0.8261994627229114,0.2552884084187523,0.2552884084187523,0.2552884084187524,9.554905562324173,5.020823152056289,140.28805920241885,89363.634,27.53271986454803,5.593642599628391,3.949834571409663,33.126362464176424,0.9937692473428286,0.0001451462907159,65.25264950325008,47.33611401143333,27.477280187598456,80.46247647560975,1.4808028671398097,1.4808028671398097,1.4808028671398097,0.8469350175865606,2.2095692788649486,0.7287664117251388,557221.1700000002,0.3130701859272972,0.129687983592968,-0.0623543543450795,0.65114043056707,0.1766111554535445,0.5816430106175998,1.2097328247596906,0.6870461361571618,0.423463806033914,0.423463806033914,0.4234638060339139,,10.580639415460968,0.0371178069328402,0.535767022067901,9.747571353891123,0.941913748958008,9.747571353891123,0.6753093353550249,14.434231608491851,0.34885956943293,0.34885956943293,0.34885956943293,0.6638991534843344,1.866482927859759,0.0,0.2011966984688269,0.2011966984688269,0.65114043056707,0.1766111554535445,0.324690664644975,0
117,214,7912,10703,4721311.75,1029052.97,0.0,0.0,1029052.97,1029052.97,0.0,0.0,0.0,3692258.78,5010.42,317256.56,0.0,0.0,0.0,0.0,0.0,0.0,0.0,3361227.8,0.0,8764.0,4324524.39,80000.0,0.0,307952.16,396787.36,0.0,0.0,0.0,0.0,0.0,0.0,0.0,0.0,0.0,0.0,257409.55,0.0,0.0,0.0,0.0,68650.13,0.0,0.0,0.0,139377.81,0.0,0.0,0.0,0.0,SFJMA,20137.62,0.0,13160.67,0.0,0.0,0.9159582376656232,1851888.88,1561621.2,0.0,148643.37,141624.31,208232.79,0.0,14221.37,335635.73,2641.43,0.0,2641.43,0.0,0.0,338277.16,30325.0,307952.16,0.0,0.0,SFJMA,2062763.1,,,0.0,1724485.94,257409.55,139377.81,0.1639922490372258,0.1826660139565177,0.0764755982551177,0.0687456047195503,0.1662908413813684,0.0652259745398087,0.06477280423179,0.0299968139151158,0.0712106424262761,0.0712106424262761,1.091752832038022,0.3261598185757143,3.849402,0.0716489776384709,,0.1662908413813684,338277.16,338277.16,338277.16,335635.73,0.1826660139565177,0.1639922490372258,0.1812396702765449,0.1826660139565177,0.0716489776384709,0.0716489776384709,0.0710895081223983,0.0710895081223983,1.196350951237046,1.3038977380598349,0.5391470646879019,0.9312037879940184,1.9224493258094064,0.0687962120059816,3382.7716,,0.0,0.0,4.723459046039195,1.0295209927622335,1.3141593231486557,,1.3038977380598349,0.5130500081389868,0.2029404822956418,,0.0,0.0,0.0,0.9159582376656232,0.8507322631258144,0.0840417623343766,0.0840417623343767,4.202431280092413,0.0917528320380221,0.0158746081207788,0.0,0.0,0.0595232045852792,7.38319083934523,0.0782229742494295,0.0716489776384709,1.091752832038022,0.917519001925093,3079.5216,3382.7716,3382.7716,3356.3573,3382.7716,3382.7716,3356.3573,3382.7716,3382.7716,4.88907639359168,4.88907639359168,0.8525401615615981,0.8525401615615981,0.8458831198655118,0.3922403302429669,0.3922403302429669,1.7996050096429923,18518.8888,0.9875340360594422,62.530017675790575,3.969045540140616,63.51755171185002,0.9312037879940184,0.0,5.837196494849468,50.734407860367945,2.5939161911269752,114.25195957221796,14.343907520136684,14.343907520136684,9.305384072718445,14.290395830302334,27.401806110146264,13.05789859000958,3434849.23,0.7275201070973549,0.1389983776996382,-1.854781497473002,0.0545207695721427,-0.657405910550177,0.0194647789874151,0.001458701580331,10.658396432672069,0.9103545743378004,0.9103545743378004,0.917519001925093,,18518.8888,0.278705538077155,10.898846147720027,4.202431280092413,0.0777413819620966,4.337874074645544,0.1074646669267315,39.10523710046573,0.9159582376656232,0.9159582376656232,0.9159582376656232,0.9159582376656232,0.0917528320380221,0.0295209927622339,0.0145404780779409,0.0145404780779409,0.0840417623343766,-0.6278849177879431,0.8925353330732685,0
117,0,4771,1411,993801.37,356494.4,0.0,0.0,299668.58,299668.58,56825.82,0.0,0.0,637306.97,550381.07,25857.22,0.0,0.0,0.0,0.0,25857.22,0.0,0.0,48056.89,48056.89,13011.79,222292.77,100000.0,101657.57,20635.2,771508.6,0.0,0.0,0.0,0.0,0.0,0.0,0.0,659695.59,659695.59,0.0,108794.74,0.0,0.0,0.0,0.0,0.0,0.0,5236.29,0.0,3018.27,0.0,3018.27,0.0,3018.27,SFJIN,0.0,0.0,0.0,0.0,0.0,0.2236792750647948,912512.02,0.0,0.0,0.0,20591.6,600.78,0.0,896.78,20295.6,5904.97,0.0,0.0,2223.37,0.0,23977.2,3342.0,20635.2,891920.42,86635.17,SFJIN,919017.77,,,86635.17,895040.5700000001,111813.01,659695.59,0.0260900287053209,0.026276037437841,0.022565839735459,0.0225509926046376,0.0226136199279873,0.0207639077816928,0.0207639077816928,0.0207200358357324,0.0928289300637173,0.0928289300637173,4.470686878390152,0.0677268200756982,0.206352,0.1113022917245525,,0.0226136199279873,26200.57,112835.74,112835.74,106930.77,0.1236539766347406,0.1227786270117497,0.1171828618761646,0.0287125752053107,0.113539529533955,0.113539529533955,0.1075977285078606,0.0204221895971022,0.1845509748820821,0.181513761234046,1.7364843165847237,0.9808534576892478,5.237222207044841,0.0191465423107521,49.74987069178769,,0.0,0.0,4.638212998577257,1.6638103044675818,0.9892620724547168,,0.181513761234046,0.0229764558799823,5.964030876474304,,0.0024365377674696,0.0,0.0,0.2236792750647948,0.202915367283102,0.7763207249352051,0.7763207249352051,0.6235519267623838,3.470686878390152,2.9676880179233898,2.9676880179233898,2.9676880179233898,0.502998860466762,0.4542528168181328,0.1078631572227922,0.0241267528137941,4.470686878390152,1.0167326908295395,206.352,1128.3574,1128.3574,1069.3076999999998,50.74987069178769,50.74987069178769,48.09400594592893,1128.3574,1128.3574,0.1620910790081225,0.1620910790081225,0.1462533794179352,0.1462533794179352,0.1385995826877367,0.964861058454182,0.91820362453314,3.045070724465007,9125.1202,219.5463786657845,10.314415452850692,10.314415452850692,229.86079411863523,0.9808534576892478,0.0024365377674696,35.290414824176764,44.60208166901736,2.0887500857248984,274.4628757876526,5.699756852981598,5.699756852981598,5.549942228284836,0.6610510708905879,6.129553797004481,0.4297969440228824,525493.96,0.5287716196245533,0.1225331913983993,-0.575876205992333,0.1125104204676232,0.0641537855799092,4.922334798070456,1.0473594596596314,0.9119386356640756,0.1828782263492046,0.1828782263492046,0.1929771944969628,,18.98816215531217,0.5593762767101073,0.2881274038941367,0.6235519267623838,0.2805093151533376,2.474059508368154,1.2105761215823514,0.5150869207194797,0.2236792750647948,0.2236792750647948,0.2236792750647948,0.2350452735394236,3.470686878390152,0.6638103044675818,0.6638103044675818,0.6638103044675818,0.7763207249352051,0.7279640900474911,-0.2105761215823515,1
117,224,2561,3081,1862459.89,0.0,0.0,0.0,0.0,0.0,0.0,0.0,0.0,1862459.89,944471.48,278899.09,0.0,0.0,0.0,0.0,0.0,0.0,0.0,635013.82,635013.82,4075.5,1770846.15,20000.0,962217.54,788628.61,91613.74,0.0,0.0,0.0,0.0,0.0,0.0,0.0,0.0,0.0,0.0,90828.55,0.0,0.0,0.0,0.0,0.0,0.0,0.0,0.0,785.19,0.0,0.0,0.0,0.0,SFJMA,269432.26,0.0,48117.45,0.0,0.0,0.9508103554380438,2962639.97,0.0,0.0,0.0,864825.5,1880.66,0.0,2.89,866703.27,7313.6,0.0,7313.6,5651.26,30.88,868365.61,79737.0,788628.61,2097814.47,0.0,SFJMA,2971834.2300000004,,,0.0,2103468.62,90828.55,785.1900000000023,0.2921985355825179,0.2931053448252775,0.2919104274421842,0.2917252426069303,0.266191173408087,0.4234338759370544,0.4202665576867805,0.46434583887871,0.4453399918451414,0.4453399918451414,1.0517344434467104,8667.0327,39.4314305,0.466246610014243,,0.266191173408087,874016.87,874016.87,874016.87,866703.27,0.2950128530129835,0.2941001423218682,0.2925442439095966,0.2950128530129835,0.4692809089166478,0.4692809089166478,0.465354059249029,0.465354059249029,8.682607065729883,9.542189873118089,1.6722666296928346,0.7099980562268591,2.6083427031875384,0.290001943773141,153.65876105505674,,0.3087999999999999,0.3087999999999999,18632.4508,1.0004215876026197,9.56049182773478,,9.542189873118089,4.750561232266927,0.0,,0.0019075081877059,1.0423136227383036e-05,1.0423136227383036e-05,0.9508103554380438,0.5273764795009894,0.0491896445619561,0.0491896445619561,17708.461499999998,0.0517344434467104,0.0,0.0,0.0,0.0512910452441054,0.0,0.4903676188922454,0.4662631902370794,1.0516970439869158,0.9099176584392026,25539.49125647669,28303.65511658031,28303.65511658031,28066.81573834197,154.65876105505674,154.65876105505674,153.36460718494635,28303.65511658031,28303.65511658031,8667.0327,8667.0327,9.540237850785264,9.540237850785264,9.46040703064846,2.4136620275300573,1.5907134354447765,29626.3997,29626.3997,116.04097095874934,34.26648860070568,33.10336174260148,150.30745955945503,0.7099980562268591,0.0019075081877059,10.622623293607734,11.159503866411416,5.911873186535047,161.46696342586645,20.5052253944382,20.5052253944382,20.329482127899155,10.06195640027282,27.496571397429552,6.9913460029913495,1771631.34,0.9512319430406632,0.0306579776549764,-0.5979907642979648,0.0487680569593367,-0.2921863031369765,10.398398741364913,0.533108361020527,1.4481559254772651,0.9023036477545336,0.9023036477545336,0.9099176584392026,,4.6654732175750135,0.0,19.329482127899155,17708.461499999998,200.0,17716.3134,0.0491896445619561,0.1932948212789915,0.9508103554380438,0.9508103554380438,0.9508103554380438,1.4427079065070452,0.0517344434467104,0.0004215876026194,0.0,0.0,0.0491896445619561,-0.291764715534357,0.9508103554380438,0
117,214,2599,2090,491552.8,9873.2,2475.0,0.0,7398.2,7398.2,0.0,0.0,0.0,481679.6,0.0,479881.27,0.0,0.0,0.0,0.0,79574.6,0.0,0.0,1798.33,1798.33,0.0,475084.34,15000.0,695593.22,-92883.15,16468.46,0.0,0.0,0.0,0.0,0.0,0.0,0.0,0.0,0.0,0.0,16468.46,0.0,0.0,0.0,0.0,0.0,0.0,10041.11,0.0,0.0,0.0,0.0,0.0,0.0,SFJIN,0.0,0.0,0.0,0.0,0.0,0.966497068066747,3596277.7,0.0,0.0,0.0,-63501.29,23181.76,0.0,15956.01,-56275.54,0.0,0.0,0.0,36607.61,22.24,-92883.15,0.0,-92883.15,3659778.99,2879.52,SFJIN,3619459.46,,,2879.52,3712342.61,16468.46,0.0,-0.0256621606144471,-0.0258275800002875,-0.0176575045914835,-0.017544412557117,-0.0258275800002875,-0.1889586428965514,-0.1889219949515087,-0.129185084491432,-0.1955087595604603,-0.1955087595604603,1.0346642871874074,-7.606652969641265,-6.192209999999999,-0.183100635374267,,-0.0258275800002875,-56275.53999999999,-53396.02,-53396.02,-53396.02,-0.0148475797628197,-0.014752484615479,-0.0148475797628197,-0.0156482743254226,-0.1086272319067249,-0.1086272319067249,-0.1086272319067249,-0.1150645970845538,-5.640062883839776,-3.417170761564834,7.730420428023286,1.032273622807271,7.598529481148196,-0.032273622807271,-2.458604372151036,,0.2224,0.2224,49.78657375521614,1.0000000000000002,-5.46521229064527,,-3.417170761564834,-1.708585380782417,-0.0,,0.0101793056748648,6.184172039884461e-06,6.184172039884461e-06,0.966497068066747,1.1554557109632984,0.0335029319332531,0.033502931933253,48.11857756350525,0.0346642871874076,0.0,0.0,0.0,0.0346642871874076,73.982,-0.1955087595604603,-0.1889133985199555,1.0349120871900896,1.6505065966492725,-4175.400629496403,-2400.900179856116,-2400.900179856116,-2400.900179856116,-1.4586043721510362,-1.4586043721510362,-1.4586043721510364,-2400.900179856116,-2400.900179856116,-533.9602,-533.9602,-3.242320168370328,-3.242320168370328,-3.242320168370328,7.380318526450541,7.316157491117943,486.10171393041554,1453.041494949495,0.0,48.57155004464755,8.054204045477356,48.57155004464755,1.032273622807271,0.0101793056748648,7.494098904922878,1.666867783875533,1.0163186341255015,50.23841782852308,29.248612195675857,29.248612195675857,29.248612195675857,29.248612195675857,29.357810627101745,0.1091984314258892,465211.14,0.946411331600593,0.0045793070985591,-0.1293590703521032,0.0335029319332531,0.0298444643179735,0.0,0.0,0.9694296674675382,1.7395144806672858,1.7395144806672858,1.7395144806672855,,1999.787413878432,0.0204974426984244,28.848133948165163,48.11857756350525,1.5192642709557185,48.11857756350525,0.0341896563607842,1407.401614562514,0.966497068066747,0.966497068066747,0.9663275249868222,0.9698938065254424,0.0346642871874076,0.0,0.0,0.0,0.0336724750131778,0.0299954935595113,0.9658103436392158,0
117,216,4652,1651,400566.82,0.0,0.0,0.0,0.0,0.0,0.0,0.0,0.0,400566.82,235419.0,108758.18,0.0,0.0,0.0,0.0,0.0,0.0,0.0,56389.64,56389.64,0.0,167731.43,5000.0,0.0,11910.05,232835.39,0.0,0.0,0.0,0.0,0.0,0.0,0.0,232344.58,232344.58,0.0,490.81,0.0,0.0,0.0,0.0,0.0,0.0,0.0,0.0,0.0,0.0,0.0,0.0,0.0,SFJMA,108740.18,0.0,490.81,0.0,0.0,0.4187352062759466,1450769.39,0.0,0.0,0.0,25936.23,0.0,0.0,0.0,25936.23,70545.31,0.0,0.0,80544.49,0.0,15937.05,4027.0,11910.05,1424833.16,0.0,SFJMA,1521314.7,,,0.0,1505377.65,490.81,232344.58,0.0104758404030408,0.0109852400456284,0.0178775690876687,0.0178775690876687,0.0082094715273803,0.0297329918638792,0.0297329918638792,0.0647488226808201,0.0710066682195459,0.0710066682195459,2.388144070553742,259.3623,2.38201,0.039786245900247,,0.0082094715273803,96481.54,96481.54,96481.54,25936.23,0.0665037053201129,0.0634198433762587,0.0178775690876687,0.0665037053201129,0.2408625357437243,0.2408625357437243,0.0647488226808201,0.0647488226808201,24.266111122430267,52.84372771540922,3.626234399808176,1.0376408961868158,13.029873060240902,-0.0376408961868157,0.197866421402631,,0.0,0.0,6329.1140000000005,1.5800395050194125,32.47091542552108,,52.84372771540922,0.1111586697079024,14.578895090371178,,0.0555184652744844,0.0,0.0,0.4187352062759466,0.3890022144120674,0.5812647937240534,0.5812647937240534,1677.3143,1.388144070553742,1.3852179045990367,1.3852179045990367,1.3852179045990367,0.002926165954705,0.0,0.0950152872362681,0.039786245900247,2.3881440705537416,0.4592051350562514,119.1005,964.8154,964.8154,259.3623,1.197866421402631,1.197866421402631,0.3220112263421122,964.8154,964.8154,0.1116282979357642,0.1116282979357642,0.4143766117341526,0.4143766117341526,0.1113929888407428,4.215181814203952,3.6217912157577103,14507.693899999998,14507.693899999998,59.22921698809761,27.36254016222385,27.35801153069545,86.59175715032146,1.0376408961868158,0.0555184652744844,13.339404815343544,0.1234832022476018,0.1234832022476018,86.71524035256905,816.1341863450215,816.1341863450215,816.1341863450215,336.480145066319,931.025162486502,114.8909761414804,400076.01,0.9987747112953588,0.0003383101431441,-0.2757681632640457,0.001225288704641,-0.1395493266267036,479.65404127870255,0.5884356825094311,1.1624129467270317,0.1234438214812906,0.1234438214812906,0.4592051350562514,,25.72758737243224,0.0,0.7203863209969927,1677.3143,50.0,4000.7601,0.5812647937240534,0.0072038632099699,0.4187352062759466,0.4187352062759466,0.4187352062759466,0.4873403576611325,1.388144070553742,0.5800395050194123,0.5800395050194121,0.5800395050194121,0.5812647937240534,0.4404901783927086,0.4187352062759466,0
117,214,7111,2783,276860.74,20819.38,0.0,0.0,0.0,0.0,0.0,0.0,0.0,256041.36,0.0,122860.76,0.0,0.0,0.0,0.0,0.0,0.0,0.0,0.0,0.0,0.0,40607.52,5000.0,0.0,0.0,236253.22,0.0,0.0,0.0,0.0,0.0,0.0,0.0,0.0,71577.0,0.0,0.0,0.0,0.0,0.0,0.0,0.0,0.0,0.0,0.0,0.0,0.0,0.0,0.0,0.0,SFJMI,0.0,0.0,0.0,0.0,71577.0,0.1466712831873526,831933.65,0.0,0.0,0.0,1657367.32,674.53,0.0,461.94,1657579.91,0.0,0.0,0.0,0.0,0.0,0.0,842.0,0.0,825433.67,19217.88,SFJMI,832608.18,,,19217.88,825895.61,0.0,236253.22,0.0,0.0,1.9921869009625948,1.9905729487308184,0.0,0.0,0.0,5.98628509047545,0.0,0.0,6.81796721395446,16575.7991,0.0,0.0724547655258018,,0.0,0.0,19217.88,19217.88,1676797.79,0.0231002556513972,0.0230815411878369,2.015542693819393,0.0,0.0694135253701915,0.0694135253701915,6.05646647480607,5.98705294943588,0.0,16575.7991,3.2492158688736854,0.9927421615894488,20.48718193083449,0.0072578384105511,200.5988,,0.0,0.0,24.64597696953512,1.8533287168126475,200.5988,,16575.7991,7.016115632201754,3.5681669082766194,,0.0,0.0,0.0,0.1466712831873526,0.1466712831873526,0.8533287168126474,0.8533287168126474,1.9504673049821848,5.81796721395446,1.7626538138748686,1.7626538138748686,0.0,0.0,0.0,0.0,0.0,0.0,0.0,0.0,192.1788,192.1788,16767.9779,192.1788,192.1788,16767.9779,192.1788,192.1788,23.426488816239853,23.426488816239853,0.0813444151152733,0.0813444151152733,7.097460047317028,3.0048812626882384,3.0048812626882384,8319.3365,8319.3365,0.0,53.90355036125777,0.0,53.90355036125777,0.9927421615894488,0.0,6.771353603868315,0.0,0.0,53.90355036125777,inf,2560.4136,2560.4136,2560.4136,2560.4136,0.0,256041.36,0.9248019780630508,0.0,-0.3077665628743349,0.0,0.0,0.0,0.0,2.0839962246692925,0.0,0.0,0.0,,8319.3365,0.0813125660635453,0.17188133986068,1.9504673049821848,0.2401608501309837,13.29822213725865,0.9227150644723964,2.1138348988562923,0.1466712831873526,0.1466712831873526,0.1466712831873526,0.1466712831873526,5.81796721395446,0.8533287168126474,0.2585306966961079,0.2585306966961079,0.8533287168126474,0.8533287168126474,0.0772849355276038,0
117,214,6820,9256,489609.01,250656.73,0.0,0.0,0.0,0.0,0.0,0.0,0.0,238952.28,350.0,195221.87,0.0,0.0,0.0,0.0,0.0,0.0,0.0,0.0,0.0,0.0,430153.51,80000.0,0.0,0.0,59455.5,0.0,0.0,0.0,0.0,0.0,0.0,0.0,0.0,49500.0,0.0,0.0,0.0,0.0,0.0,0.0,0.0,0.0,0.0,0.0,0.0,0.0,0.0,0.0,0.0,SFJMI,0.0,0.0,0.0,0.0,49500.0,0.8785653474800229,182400.0,0.0,0.0,0.0,326376.56,0.0,0.0,2523.39,323853.17,0.0,0.0,0.0,0.0,0.0,0.0,5458.0,0.0,143976.56,16128.36,SFJMI,182400.0,,,16128.36,146499.95,0.0,59455.5,0.0,0.0,1.7893451754385965,1.7893451754385965,0.0,0.0,0.0,0.6666065234379571,0.0,0.0,1.1382192603752088,3238.5317,0.0,0.0440889762220674,,0.0,0.0,16128.36,16128.36,339981.53,0.0884230263157894,0.0884230263157894,1.863933826754386,0.0,0.03294130555318,0.03294130555318,0.6943939409938554,0.6614526354406753,0.0,3238.5317,0.7633323272747178,0.8031795504385966,0.4240346661358174,0.1968204495614034,215.8636,,0.0,0.0,2.1905037618579004,1.1214346525199772,215.8636,,3238.5317,5.446984215085232,2.293114726151144,,0.0,0.0,0.0,0.8785653474800229,0.8785653474800229,0.1214346525199771,0.1214346525199771,1.7161059669133958,0.1382192603752088,0.1150751972243583,0.1150751972243583,0.0,0.0,0.0,0.0,0.0,0.0,0.0,0.0,161.2836,161.2836,3399.8153,161.2836,161.2836,3399.8153,161.2836,161.2836,6.868313737373737,6.868313737373737,0.2712677548754951,0.2712677548754951,5.718251969960726,0.3725421637971899,0.3725421637971899,1824.0,1824.0,0.6984649122807017,389.5875037280702,0.0,390.2859686403509,0.8031795504385966,0.0,0.9343215491174222,0.0,0.0,390.2859686403509,inf,2389.5228,2389.5228,2386.0228,2389.5228,0.0,238952.28,0.4880471460278069,0.0,-1.310045394736842,0.0,0.0,3.5,0.0014647276016784,1.2218131370324372,0.0,0.0,0.0,,1824.0,1.04898237422133,7.234881718259875,1.7161059669133958,0.319161588041143,1.953304864385648,0.2488174626331249,6.897047935271934,0.8785653474800229,0.8785653474800229,0.8785653474800229,0.8785653474800229,0.1382192603752088,0.1214346525199771,0.1011010806357505,0.1011010806357505,0.1214346525199771,0.1214346525199771,0.7511825373668751,0
117,214,5229,2633,966417.11,2458.83,0.0,0.0,0.0,0.0,0.0,0.0,0.0,963958.28,0.0,818322.97,0.0,0.0,0.0,0.0,0.0,0.0,0.0,0.0,0.0,0.0,101417.96,50000.0,0.0,0.0,864999.15,0.0,0.0,0.0,0.0,0.0,0.0,0.0,0.0,150325.26,0.0,0.0,0.0,0.0,0.0,0.0,0.0,0.0,0.0,0.0,0.0,0.0,0.0,0.0,0.0,SFJMI,0.0,0.0,0.0,0.0,150325.26,0.1049422231359293,2879796.71,0.0,0.0,0.0,5771245.59,21039.52,0.0,2508.86,5789776.249999999,0.0,0.0,0.0,0.0,0.0,0.0,1555.0,0.0,2891448.88,1191.0,SFJMI,2900836.23,,,1191.0,2893957.74,0.0,864999.15,0.0,0.0,2.0040461779678886,1.989511000419352,0.0,0.0,0.0,5.971795749766889,0.0,0.0,9.529052940918945,57897.76249999999,0.0,0.0028414232028652,,0.0,0.0,1191.0,1191.0,5790967.249999999,0.0004135708593124,0.0004105712648245,2.01089445997735,0.0,0.0012323871211261,0.0012323871211261,5.992202735317878,5.990970348196752,0.0,57897.76249999999,2.987470277240629,1.004917371407095,28.39533264127971,-0.0049173714070948,27.46,,0.0,0.0,744.8324040295588,1.8950577768640704,27.46,,57897.76249999999,6.693389525296064,54.74335761107065,,0.0,0.0,0.0,0.1049422231359293,0.1049422231359293,0.8950577768640706,0.8950577768640706,41.24643021274346,8.529052940918945,1.48223509918756,1.48223509918756,0.0,0.0,0.0,0.0,0.0,0.0,0.0,0.0,11.91,11.91,57909.67249999999,11.91,11.91,57909.67249999999,11.91,11.91,38.52291524391841,38.52291524391841,0.0013768799657201,0.0013768799657201,6.694766405261785,2.979869334060114,2.979869334060114,28797.9671,28797.9671,0.0,103.71839200066312,0.0,103.71839200066312,1.004917371407095,0.0,3.5191444155600324,0.0,0.0,103.71839200066312,inf,9639.5828,9639.5828,9639.5828,9639.5828,0.0,963958.28,0.9974557259235612,0.0,-0.3347313637287959,0.0,0.0,0.0,0.0,1.1779680093789864,0.0,0.0,0.0,,28797.9671,0.002550763918953,0.1172463117449306,41.24643021274346,20.33487471683687,393.03941712115113,0.8973408579466738,45.96517571608738,0.1049422231359293,0.1049422231359293,0.1049422231359293,0.1049422231359293,8.529052940918945,0.8950577768640706,0.1555490465188473,0.1555490465188473,0.8950577768640706,0.8950577768640706,0.1026591420533262,0
117,224,5510,4443,7262587.3,7224911.6,0.0,0.0,7224911.6,7218411.6,0.0,0.0,0.0,37675.7,0.0,12752.6,0.0,0.0,0.0,0.0,0.0,0.0,0.0,20861.36,20861.36,4061.74,6659263.17,2327600.0,1929829.59,-700166.42,603324.13,0.0,0.0,0.0,0.0,0.0,0.0,0.0,351306.0,340000.0,0.0,252018.13,0.0,0.0,0.0,0.0,136666.0,0.0,18616.61,0.0,0.0,0.0,0.0,0.0,0.0,SFJIN,0.0,0.0,0.0,0.0,0.0,0.9169271080569318,206104.03,0.0,0.0,0.0,-803035.28,141480.76,0.0,29896.11,-691450.63,0.0,0.0,0.0,8715.79,4524.01,-700166.42,0.0,-700166.42,1009139.31,271851.57,SFJIN,347584.79000000004,,,271851.57,1047751.21,252018.13,351306.0,-2.014375887966789,-3.39715055547434,-3.896261902302444,-2.31032917176842,-3.39715055547434,-0.0964072982640773,-0.0959027331623263,-0.110571514920034,-0.1051417254620979,-0.1051417254620979,1.0905992321670026,-0.0957898590875588,-0.3008104571232171,-0.05897551827019,,-3.39715055547434,-691450.63,-419599.06,-419599.06,-419599.06,-2.0358605312084386,-1.2071847562719875,-2.0358605312084386,-3.3548622508739885,-0.05777542391814,-0.05777542391814,-0.05777542391814,-0.0952072039120273,-2.7782382957924496,-2.743654315663718,-0.9615643062365208,5.083603702460355,0.0310472363528112,-4.083603702460355,-49.1424013199033,,0.0094909433439767,0.0094909433439767,1.05383895631332,1.04837201750401,-1.6995398307256706,,-2.743654315663718,-0.8083905850740966,-1.1128869335256528,,0.0422883046003515,0.0219501287772005,0.0219501287772005,0.9169271080569318,1.013334406321009,0.0830728919430682,0.0830728919430682,0.9217086019433096,0.0905992321670026,0.0715793906670308,0.0510566997159236,0.052754485148242,0.0378447470187606,20.565864516973804,-0.1051417254620979,-0.0957843783853723,1.0976917868493945,1.0126050792664691,-153.76677107256614,-92.74936615966809,-92.74936615966809,-92.74936615966809,-48.1424013199033,-48.1424013199033,-48.1424013199033,-92.74936615966809,-92.74936615966809,-0.88027897941116,-0.88027897941116,-0.6954786641800652,-0.6954786641800652,-0.6954786641800652,0.028460622744859,0.0283788712598332,0.028526858377063,2061.0403,0.0,22.584221181895376,0.0,22.584221181895376,5.083603702460355,0.0422883046003515,16.161726236218495,446.3115905593889,32.969091628145264,468.89581174128426,0.1494959906257537,0.1494959906257537,0.1494959906257537,0.1333791342710145,0.2322732098678773,0.0827772192421235,-214342.43,-0.0295132328392114,1.222771480984627,1.0399720471259102,0.0347008744390583,0.031828432547723,0.0,-0.0,-16.807743518968678,1.6686558354063044,1.6686558354063044,1.6686558354063044,,9.879702473855971,191.7658225328262,11.037621137414146,0.9217086019433096,0.3221631113105938,0.9703328646955348,16.01361434558615,0.0575578118750787,0.9169271080569318,0.9169271080569318,0.9169271080569318,0.9195685151818932,0.0905992321670026,0.0483720175040099,0.0656330836807978,0.0656330836807978,0.0830728919430682,0.0802004500517329,-15.01361434558614,0
117,0,7311,1539,7282.05,0.0,0.0,0.0,0.0,0.0,0.0,0.0,0.0,7282.05,0.0,7282.05,0.0,0.0,0.0,0.0,0.0,0.0,0.0,0.0,0.0,0.0,7282.05,5000.0,5485.97,-3203.92,0.0,0.0,0.0,0.0,0.0,0.0,0.0,0.0,0.0,0.0,0.0,0.0,0.0,0.0,0.0,0.0,0.0,0.0,0.0,0.0,0.0,0.0,0.0,0.0,0.0,SFJMA,0.0,0.0,0.0,0.0,0.0,1.0,0.0,0.0,0.0,0.0,-3204.0,0.08,0.0,0.0,-3203.92,0.0,0.0,0.0,0.0,0.0,-3203.92,0.0,-3203.92,3204.0,0.0,SFJMA,0.08,,,0.0,3204.0,0.0,0.0,-40049.0,-32.0392,-32.04,-40050.0,-32.0392,-0.4399750070378533,-0.4399750070378533,-0.4399859929552804,-0.4399750070378533,-0.4399750070378533,1.0,-32.0392,-0.640784,-0.4399750070378533,,-32.0392,-3203.92,-3203.92,-3203.92,-3203.92,-32.0392,-40049.0,-32.0392,-32.0392,-0.4399750070378533,-0.4399750070378533,-0.4399750070378533,-0.4399750070378533,-32.0392,-32.0392,0.0,32.04,0.0,-32.04,-32.0392,,0.0,0.0,72.8205,1.0,-32.0392,,-32.0392,-32.0392,-0.0,,0.0,0.0,0.0,1.0,1.4399750070378534,0.0,0.0,72.8205,0.0,0.0,0.0,0.0,0.0,0.0,-0.4399750070378533,-0.4399750070378533,1.0,1.0,-32.0392,-32.0392,-32.0392,-32.0392,-32.0392,-32.0392,-32.0392,-32.0392,-32.0392,-32.0392,-32.0392,-32.0392,-32.0392,-32.0392,0.0,0.0,0.0,0.0,0.0,26506.662,0.0,26506.662,32.04,0.0,0.0,0.0,0.0,26506.662,inf,72.8205,72.8205,72.8205,72.8205,0.0,7282.05,1.0,0.0,-72.8205,0.0,0.0,0.0,0.0,1.0,1.0,1.0,1.0,,0.0,0.0,72.8205,72.8205,50.0,72.8205,0.0,0.728205,1.0,1.0,1.0,1.0,0.0,0.0,0.0,0.0,0.0,0.0,1.0,0
117,214,4519,1516,50000.0,0.0,0.0,0.0,0.0,0.0,0.0,0.0,0.0,0.0,0.0,0.0,0.0,0.0,0.0,0.0,0.0,0.0,0.0,0.0,0.0,0.0,0.0,0.0,0.0,0.0,0.0,0.0,0.0,0.0,0.0,0.0,0.0,0.0,0.0,0.0,0.0,0.0,0.0,0.0,0.0,0.0,0.0,0.0,0.0,0.0,0.0,0.0,0.0,0.0,0.0,SFJMI,0.0,0.0,0.0,0.0,0.0,0.0,0.0,0.0,0.0,0.0,0.0,0.0,0.0,0.0,0.0,0.0,0.0,0.0,0.0,0.0,0.0,0.0,0.0,0.0,0.0,SFJIN,0.0,,,0.0,0.0,0.0,0.0,0.0,0.0,0.0,0.0,0.0,0.0,0.0,0.0,0.0,0.0,500.0,0.0,0.0,0.0,,0.0,0.0,0.0,0.0,0.0,0.0,0.0,0.0,0.0,0.0,0.0,0.0,0.0,0.0,0.0,0.0,0.0,0.0,0.0,0.0,,0.0,0.0,0.0,0.0,0.0,,0.0,0.0,0.0,,0.0,0.0,0.0,0.0,0.0,0.0,1.0,0.0,0.0,0.0,0.0,0.0,0.0,0.0,0.0,0.0,0.0,0.0,0.0,0.0,0.0,0.0,0.0,0.0,0.0,0.0,0.0,0.0,0.0,0.0,0.0,0.0,0.0,0.0,0.0,0.0,0.0,0.0,0.0,0.0,0.0,0.0,0.0,0.0,0.0,0.0,,0.0,0.0,0.0,0.0,0.0,0.0,0.0,0.0,0.0,0.0,0.0,0.0,0.0,0.0,0.0,0.0,0.0,,0.0,0.0,0.0,0.0,0.0,0.0,0.0,0.0,0.0,0.0,0.0,0.0,0.0,0.0,0.0,0.0,0.0,0.0,0.0,0
117,215,6399,2543,10631.89,0.0,0.0,0.0,0.0,0.0,0.0,0.0,0.0,0.0,0.0,0.0,0.0,0.0,0.0,0.0,0.0,0.0,0.0,0.0,0.0,0.0,0.0,0.0,0.0,0.0,0.0,0.0,0.0,0.0,0.0,0.0,0.0,0.0,0.0,0.0,0.0,0.0,0.0,0.0,0.0,0.0,0.0,0.0,0.0,0.0,0.0,0.0,0.0,0.0,0.0,SFJMI,0.0,0.0,0.0,0.0,0.0,0.0,0.0,0.0,0.0,0.0,0.0,0.0,0.0,0.0,0.0,0.0,0.0,0.0,0.0,0.0,0.0,0.0,0.0,0.0,0.0,SFJMI,0.0,,,0.0,0.0,0.0,0.0,0.0,0.0,0.0,0.0,0.0,0.0,0.0,0.0,0.0,0.0,106.3189,0.0,0.0,0.0,,0.0,0.0,0.0,0.0,0.0,0.0,0.0,0.0,0.0,0.0,0.0,0.0,0.0,0.0,0.0,0.0,0.0,0.0,0.0,0.0,,0.0,0.0,0.0,0.0,0.0,,0.0,0.0,0.0,,0.0,0.0,0.0,0.0,0.0,0.0,1.0,0.0,0.0,0.0,0.0,0.0,0.0,0.0,0.0,0.0,0.0,0.0,0.0,0.0,0.0,0.0,0.0,0.0,0.0,0.0,0.0,0.0,0.0,0.0,0.0,0.0,0.0,0.0,0.0,0.0,0.0,0.0,0.0,0.0,0.0,0.0,0.0,0.0,0.0,0.0,,0.0,0.0,0.0,0.0,0.0,0.0,0.0,0.0,0.0,0.0,0.0,0.0,0.0,0.0,0.0,0.0,0.0,,0.0,0.0,0.0,0.0,0.0,0.0,0.0,0.0,0.0,0.0,0.0,0.0,0.0,0.0,0.0,0.0,0.0,0.0,0.0,0
117,214,3299,1286,8052922.87,7777000.0,0.0,0.0,0.0,0.0,0.0,7777000.0,0.0,275922.87,0.0,5875.84,0.0,0.0,0.0,0.0,1.84,0.0,0.0,270021.34,270021.34,25.69,3686464.53,350000.0,73327.08,3119258.92,4366458.34,0.0,0.0,0.0,0.0,0.0,0.0,0.0,2000000.0,0.0,0.0,2366458.34,0.0,0.0,0.0,0.0,0.0,0.0,4666.55,0.0,0.0,0.0,0.0,0.0,0.0,SFJIN,0.0,0.0,0.0,0.0,0.0,0.4577796893763121,358172.28,0.0,0.0,0.0,-3361.39,4015.12,0.0,2590.14,-1936.41,3123304.54,3116000.0,0.0,3.21,3.21,3121364.92,2106.0,3119258.92,361533.67,0.0,SFJIN,3485491.94,,,0.0,364127.02,2366458.34,2000000.0,0.8955306664688486,8.714702656498151,-0.0093848412836414,-0.0092808032526807,8.708822804489504,0.3873449392667534,0.3873452621433091,-0.000417412417114,0.8461383242984845,0.8461383242984845,2.184456897514216,-19.3641,8.912168342857143,0.3876064592184526,,8.708822804489504,3121368.13,3121368.13,6237368.13,-1936.41,8.714711618665742,1.7895230393216746,-0.005406364780658,8.714711618665742,0.3876068578314844,0.7745471092535126,-0.0002404605174121,-0.0002404605174121,1.3181127540998674,-0.0008182734372581,-0.1713304008183128,1.0166253513532648,0.1048377684278133,-0.0166253513532647,972387.8255451712,,0.0321,0.0321,1.292647919506236,1.2483570291540615,1.319002691591858,,-0.0008182734372581,-0.0002876034402374,0.0,,8.962167591528857e-06,8.962167591528857e-06,8.962167591528857e-06,0.4577796893763121,0.0704347501095586,0.5422203106236878,0.5422203106236878,0.4740214131413141,1.1844568975142151,0.0,0.0,0.5425252253817291,0.6419316721324863,0.0,0.8467096033608115,0.3876068578314844,2.1844546510292293,-1610.846318703167,971732.7507788162,972388.8255451712,1943105.3364485984,-603.2429906542056,972388.8255451712,1943105.3364485984,-603.2429906542056,972388.8255451712,1943105.3364485984,-19.3641,-19.3641,0.714851233414035,1.4284730654272084,-0.0004434738291812,0.0460204049375914,0.0444773016930683,3581.7228000000005,3581.7228000000005,0.0,5.987849199273601,0.0018750753129192,5.987849199273601,1.0166253513532648,8.962167591528857e-06,60.95677894564862,2411.5693545575327,4.75550690299093,2417.5572037568063,0.1165973916954735,0.1165973916954735,0.1165973916954735,0.1165865358103029,0.2307009596458816,0.1141035679504081,-2090535.47,-0.259599589335195,6.607039327554884,5.836675775132569,0.2938632814696261,0.2603324325643267,0.0,-0.0,-355.7849550021784,0.9993242674647288,0.5000921630707085,-1610.846318703167,,1.3264591605981957,28.18541282931712,0.844268797031509,0.4740214131413141,0.045004500450045,0.7311899871415712,15.824923609992894,0.0299541043497983,0.4577796893763121,0.4577796893763121,0.4577796893763121,0.4736619775786884,1.1844568975142151,0.2483570291540616,0.0,0.0,0.5422203106236878,0.5086894617183885,-14.824923609992895,0
117,214,6820,1280,5000.0,0.0,0.0,0.0,0.0,0.0,0.0,0.0,0.0,5000.0,0.0,0.0,0.0,0.0,0.0,0.0,0.0,0.0,0.0,0.0,0.0,0.0,5000.0,5000.0,0.0,0.0,0.0,0.0,0.0,0.0,0.0,0.0,0.0,0.0,0.0,0.0,0.0,0.0,0.0,0.0,0.0,0.0,0.0,0.0,0.0,0.0,0.0,0.0,0.0,0.0,0.0,SFJMI,0.0,0.0,0.0,0.0,0.0,1.0,5533.56,0.0,0.0,0.0,13375.26,0.0,0.0,100.0,13275.26,0.0,0.0,0.0,0.0,0.0,0.0,0.0,0.0,7841.7,0.0,SFJMI,5533.56,,,0.0,7941.7,0.0,0.0,0.0,0.0,2.4171166482336868,2.4171166482336868,0.0,0.0,0.0,2.675052,0.0,0.0,1.0,132.7526,0.0,0.0,,0.0,0.0,0.0,0.0,13275.26,0.0,0.0,2.399045099357376,0.0,0.0,0.0,2.655052,2.655052,0.0,132.7526,1.106712,1.4351881971099978,1.106712,-0.4351881971099978,0.0,,0.0,0.0,50.0,1.0,0.0,,132.7526,132.7526,0.0,,0.0,0.0,0.0,1.0,1.0,0.0,0.0,50.0,0.0,0.0,0.0,0.0,0.0,0.0,0.0,0.0,0.0,0.0,0.0,0.0,0.0,132.7526,0.0,0.0,132.7526,0.0,0.0,132.7526,132.7526,0.0,0.0,132.7526,1.106712,1.106712,55.33560000000001,55.33560000000001,0.0,0.0,0.0,0.0,1.4351881971099978,0.0,55.33560000000001,0.0,0.0,0.0,inf,50.0,50.0,50.0,50.0,0.0,5000.0,1.0,0.0,-0.9035774438155544,0.0,0.0,0.0,0.0,50.0,0.0,0.0,0.0,,55.33560000000001,0.0,50.0,50.0,50.0,50.0,0.0,0.5,1.0,1.0,1.0,1.0,0.0,0.0,0.0,0.0,0.0,0.0,1.0,0
117,214,6920,10563,231746.13,50706.2,0.0,0.0,1012.5,1012.5,0.0,0.0,49693.7,181039.93,0.0,20867.18,0.0,0.0,0.0,0.0,20835.58,0.0,0.0,155374.95,155374.95,4797.8,228717.53,5000.0,0.0,133.03,3028.6,0.0,0.0,0.0,0.0,0.0,0.0,0.0,0.0,0.0,0.0,3028.6,0.0,0.0,0.0,0.0,0.0,0.0,1908.53,0.0,0.0,0.0,0.0,0.0,0.0,SFJIN,0.0,0.0,0.0,0.0,0.0,0.9869313891023768,94822.24,0.0,0.0,0.0,110.78,26.1,0.0,1.85,135.03,0.0,0.0,0.0,2.0,2.0,133.03,0.0,133.03,94711.46,1350.0,SFJIN,94848.34,,,1350.0,94715.31,3028.6,0.0,0.0014025548575757,0.0014029409134397,0.0011682913206859,0.0011679698347909,0.0014029409134397,0.0005740333182694,0.0005810237262645,0.0004780230850025,0.0005816344728801,0.0005816344728801,1.0132416610130408,0.1333629629629629,0.026606,0.0063993733142383,,0.0014029409134397,135.03,1485.03,1485.03,1485.03,0.0156611993135787,0.0156568897252181,0.0156611993135787,0.0014240330116647,0.0064080034475656,0.0064080034475656,0.0064080034475656,0.0005826634515967,0.0439245856171168,0.044584956745691,0.5326753078020372,0.9988723109683972,1.292867526612781,0.0011276890316026,741.515,,0.02,0.02,4.570370684452789,1.0,0.4896750974047414,,0.044584956745691,0.0222924783728455,0.0,,2.109209822505775e-05,2.109209822505775e-05,2.109209822505775e-05,0.9869313891023768,0.9863573557841072,0.0130686108976231,0.0130686108976232,4.510642288319771,0.0132416610130408,0.0,0.0,0.0,0.0132416610130408,10.125,0.0005816344728801,0.0005826634515967,0.9982340084763742,0.985188476634822,67.515,742.515,742.515,742.515,742.515,742.515,742.515,742.515,742.515,14.8503,14.8503,0.4903354685333157,0.4903354685333157,0.4903354685333157,1.2415971574617548,0.409164286799525,93.6515950617284,948.2224,0.0,80.10413506367283,79.98283018836088,80.10413506367283,0.9988723109683972,2.109209822505775e-05,4.544085017716816,11.6260742205626,7.326392205035442,91.73020928423544,59.7767714455524,59.7767714455524,59.7767714455524,58.19260714521562,111.07933698738692,51.30256554183452,178011.33,0.7681307558404534,0.0319397643422049,-1.8773162287665843,0.0130686108976231,-0.6573846562184231,0.0,0.0,8.530684548654873,0.0895806818717467,0.0895806818717467,0.0895806818717467,,0.6102800998487852,0.2800829629132093,75.51922670540844,4.510642288319771,0.0986072709057275,4.510642288319771,0.0167289061589893,269.63163314153445,0.9869313891023768,0.9869313891023768,0.9869313891023768,2.994814666998729,0.0132416610130408,0.0,0.0,0.0,0.0130686108976231,-0.6573846562184231,0.9832710938410107,0
117,214,6209,2641,158734.33,1820.0,0.0,0.0,1820.0,1820.0,0.0,0.0,0.0,156914.33,0.0,1531.49,0.0,0.0,0.0,0.0,1531.49,0.0,0.0,155239.95,155239.95,142.89,132710.59,5000.0,149178.05,-12537.11,26023.74,4075.0,0.0,0.0,0.0,0.0,0.0,4075.0,0.0,0.0,0.0,21948.74,0.0,0.0,0.0,0.0,0.0,0.0,12710.02,0.0,0.0,0.0,0.0,0.0,0.0,SFJIN,0.0,0.0,0.0,0.0,0.0,0.8360547463173216,203637.2,0.0,0.0,0.0,54997.93,1.83,0.0,58807.27,-3807.51,55.45,0.0,55.45,8785.05,8785.05,-12537.11,0.0,-12537.11,148639.27,71560.12,SFJIN,203694.48,,,71560.12,216231.59,26023.74,0.0,-0.0615485996478647,-0.0615659123185744,0.2700780112867393,0.2700755842335332,-0.0615659123185744,-0.0789817174394474,-0.0344357392632079,0.3464778539084772,-0.0944695521284322,-0.0944695521284322,1.1960939213667876,-2.0920384615384617,-2.507422,0.3718351915430014,,-0.0615659123185744,-3752.060000000001,67808.06,67808.06,67752.61,0.3329846413130803,0.3328910042137616,0.3327123433243041,-0.0184252189678506,0.4271795521485491,0.4271795521485491,0.4268302263284823,-0.0239866826539665,-0.4817566575749681,-0.1463091008440754,1.5557818174706068,1.061847196877584,-9.03874766083013,-0.061847196877584,6.718574168616001,,87.8505,87.8505,87.21666483516483,1.0,2.268044869799652,,-0.1463091008440754,-0.0731545504220377,0.0,,0.0431406933507237,0.0431406933507237,0.0431406933507237,0.8360547463173216,0.9150364637567692,0.1639452536826785,0.1639452536826784,72.91790659340658,0.1960939213667877,0.0,0.0,0.0,0.1960939213667877,18.2,-0.0944695521284322,-0.0236373568338997,3.99662080630554,3.292731995451095,-0.4270960324642434,7.718574168616001,7.718574168616001,7.712262309264035,7.718574168616001,7.718574168616001,7.712262309264035,7.718574168616001,7.718574168616001,677.5261,677.5261,2.6056231733025306,2.6056231733025306,2.603492426530545,58.27563115631426,1.282880647179473,111.88857142857144,2036.372,0.0,2.737527131584995,2.737527131584995,2.737527131584995,1.061847196877584,0.0431406933507237,132.96671868572437,46.51724419703276,22.719067439544443,49.25477132861776,6.029660994153799,6.029660994153799,6.029660994153799,6.024170238405393,11.994981505348578,5.965320511194778,130890.58999999998,0.8245890476244174,0.1277946269149251,-0.6427636502564363,0.1639452536826785,-0.8140407308236348,0.0,0.0,85.4661734650569,-0.1848911471586121,-0.1848911471586121,-0.1850424655227304,,1.311757701545253,0.011598685728703,5.099597137075608,72.91790659340658,2.747252747252748,72.91790659340658,0.1658468031568563,439.6702571616138,0.8360547463173216,0.8360547463173216,0.8360547463173216,37.97829371734068,0.1960939213667877,0.0,0.0,0.0,0.1639452536826785,-0.8140407308236348,0.8341531968431437,0
117,215,7022,1668,5000.0,0.0,0.0,0.0,0.0,0.0,0.0,0.0,0.0,5000.0,0.0,0.0,0.0,0.0,0.0,0.0,0.0,0.0,0.0,0.0,0.0,0.0,5000.0,5000.0,0.0,0.0,0.0,0.0,0.0,0.0,0.0,0.0,0.0,0.0,0.0,0.0,0.0,0.0,0.0,0.0,0.0,0.0,0.0,0.0,0.0,0.0,0.0,0.0,0.0,0.0,0.0,SFJMI,0.0,0.0,0.0,0.0,0.0,1.0,0.0,0.0,0.0,0.0,0.0,0.0,0.0,0.0,0.0,0.0,0.0,0.0,0.0,0.0,0.0,0.0,0.0,0.0,0.0,SFJMI,0.0,,,0.0,0.0,0.0,0.0,0.0,0.0,0.0,0.0,0.0,0.0,0.0,0.0,0.0,0.0,1.0,0.0,0.0,0.0,,0.0,0.0,0.0,0.0,0.0,0.0,0.0,0.0,0.0,0.0,0.0,0.0,0.0,0.0,0.0,0.0,0.0,0.0,0.0,0.0,,0.0,0.0,50.0,1.0,0.0,,0.0,0.0,0.0,,0.0,0.0,0.0,1.0,1.0,0.0,0.0,50.0,0.0,0.0,0.0,0.0,0.0,0.0,0.0,0.0,0.0,0.0,0.0,0.0,0.0,0.0,0.0,0.0,0.0,0.0,0.0,0.0,0.0,0.0,0.0,0.0,0.0,0.0,0.0,0.0,0.0,0.0,0.0,0.0,0.0,0.0,0.0,0.0,0.0,0.0,inf,50.0,50.0,50.0,50.0,0.0,5000.0,1.0,0.0,-50.0,0.0,0.0,0.0,0.0,50.0,0.0,0.0,0.0,,0.0,0.0,50.0,50.0,50.0,50.0,0.0,0.5,1.0,1.0,1.0,1.0,0.0,0.0,0.0,0.0,0.0,0.0,1.0,0
117,214,4643,2676,1383452.66,0.0,0.0,0.0,0.0,0.0,0.0,0.0,0.0,1383452.66,406708.58,31261.52,0.0,0.0,0.0,0.0,0.0,0.0,0.0,945482.56,0.0,0.0,847354.06,80000.0,0.0,314231.06,536098.6,0.0,0.0,0.0,0.0,0.0,0.0,0.0,320000.0,0.0,0.0,188466.72,0.0,0.0,0.0,0.0,0.0,0.0,0.0,0.0,27631.88,0.0,0.0,0.0,0.0,SFJIN,0.0,0.0,0.0,0.0,0.0,0.6124922698836692,2205191.45,0.0,0.0,0.0,0.0,24917.17,0.0,0.0,0.0,0.0,0.0,0.0,0.0,0.0,369683.6,55452.54,314231.06,1860425.02,0.0,SFJIN,2230108.62,,,0.0,1860425.02,188466.72,347631.88,0.1657693247246405,0.1676424058328359,0.0,0.0,0.1424960449579105,0.2271353903790246,0.2271353903790246,0.0,0.3708379706117181,0.3708379706117181,1.6326736665426491,0.0,3.92788825,0.2672181063282642,,0.1424960449579105,369683.6,369683.6,369683.6,0.0,0.1676424058328359,0.1657693247246405,0.0,0.1676424058328359,0.2672181063282642,0.2672181063282642,0.0,0.0,1.6673026410180003,0.0,1.845370205778321,0.8436569169538545,-22.47248709600167,0.1563430830461455,3696.836,,0.0,0.0,17310.845400000002,1.2512784788747309,1.961532518844706,,0.0,0.0,0.0,,0.0,0.0,0.0,0.6124922698836692,0.3853568795046446,0.3875077301163308,0.3875077301163308,8473.5406,0.6326736665426492,0.0,0.0,0.3776461518340987,0.222417911114983,0.0,0.4362799654255506,0.2672181063282642,1.632673666542649,3142.3106,3142.3106,3696.836,3696.836,0.0,3696.836,3696.836,0.0,3696.836,3696.836,0.0,0.0,0.6895813568623383,0.6895813568623383,0.0,1.5939768043815827,1.5939768043815827,22051.914500000003,22051.914500000003,67.1333652776497,5.1601838380064455,0.0,72.29354911565615,0.8436569169538545,0.0,70.54012248924558,31.10926540187701,0.0,103.40281451753316,7.340567395665398,7.340567395665398,6.401951053824504,5.182581200542992,12.357275703636162,5.016708307970766,1194985.94,0.8637707487583999,0.0854650148403214,-0.5418966865666016,0.1362292512416001,-0.547193165250772,2.157986195122407,0.3403459123544165,2.7284646600304447,0.8500000000000001,0.8500000000000001,3142.3106,,22051.914500000003,0.0,1.5805936818339017,8473.5406,800.0,11949.8594,0.3875077301163308,0.015805936818339,0.6124922698836692,0.6124922698836692,0.6124922698836692,0.6124922698836692,0.6326736665426492,0.2512784788747307,0.0,0.0,0.3875077301163308,-0.2959146863760413,0.6124922698836692,0
117,0,2042,1381,5000.0,0.0,0.0,0.0,0.0,0.0,0.0,0.0,0.0,5000.0,0.0,0.0,0.0,0.0,0.0,0.0,0.0,0.0,0.0,0.0,0.0,0.0,0.0,5000.0,0.0,0.0,0.0,0.0,0.0,0.0,0.0,0.0,0.0,0.0,0.0,0.0,0.0,0.0,0.0,0.0,0.0,0.0,0.0,0.0,0.0,0.0,0.0,0.0,0.0,0.0,0.0,SFJMI,0.0,0.0,0.0,0.0,0.0,0.0,0.0,0.0,0.0,0.0,0.0,0.0,0.0,0.0,0.0,0.0,0.0,0.0,0.0,0.0,0.0,0.0,0.0,0.0,0.0,SFJMI,0.0,,,0.0,0.0,0.0,0.0,0.0,0.0,0.0,0.0,0.0,0.0,0.0,0.0,0.0,0.0,50.0,0.0,0.0,0.0,,0.0,0.0,0.0,0.0,0.0,0.0,0.0,0.0,0.0,0.0,0.0,0.0,0.0,0.0,0.0,0.0,0.0,0.0,0.0,0.0,,0.0,0.0,0.0,0.0,0.0,,0.0,0.0,0.0,,0.0,0.0,0.0,0.0,0.0,0.0,1.0,0.0,0.0,0.0,0.0,0.0,0.0,0.0,0.0,0.0,0.0,0.0,0.0,0.0,0.0,0.0,0.0,0.0,0.0,0.0,0.0,0.0,0.0,0.0,0.0,0.0,0.0,0.0,0.0,0.0,0.0,0.0,0.0,0.0,0.0,0.0,0.0,0.0,0.0,0.0,inf,50.0,50.0,50.0,50.0,0.0,5000.0,1.0,0.0,-50.0,0.0,0.0,0.0,0.0,50.0,0.0,0.0,0.0,,0.0,0.0,0.0,0.0,50.0,0.0,0.0,0.0,0.0,0.0,0.0,0.0,0.0,0.0,0.0,0.0,0.0,0.0,0.0,1
117,234,6820,7669,1983067.57,1902134.52,0.0,0.0,1902134.52,1902134.52,0.0,0.0,0.0,80933.05,0.0,21959.54,0.0,0.0,21959.54,0.0,0.0,0.0,0.0,58973.51,58973.51,0.0,496791.33,728000.0,0.0,59281.1,1486276.24,0.0,0.0,0.0,0.0,0.0,0.0,0.0,1095841.75,1069366.75,26475.0,105801.83,0.0,0.0,0.0,0.0,0.0,0.0,14340.87,3672.0,284632.66,0.0,284632.66,284088.75,543.91,SFJIN,0.0,0.0,0.0,0.0,0.0,0.2505165923317479,184233.32,0.0,0.0,0.0,52142.08,67423.67,0.0,49148.36,70417.39,85.0,0.0,85.0,8603.29,8603.29,61899.1,2618.0,59281.1,132091.24,23196.0,SFJIN,251741.99,,,23196.0,189842.89,106345.74,1379930.5,0.2458830964194729,0.335982112247665,0.2830219853824487,0.207195039565561,0.321771870582368,0.0298936359490766,0.0333730004469792,0.0262936476743452,0.1193279681430833,0.1193279681430833,3.991751567000978,0.0370201945549045,0.0814300824175824,0.0429108424177397,,0.321771870582368,70502.39,93698.39,93698.39,93613.39,0.5085854719439459,0.3722000846978289,0.5081241004613063,0.3826799082815204,0.0472492170299572,0.0472492170299572,0.0472063541435454,0.0355093245763683,0.5574374676409228,0.6621552494721462,-7.249658339986833,1.0304481838572956,0.4207990437666516,-0.0304481838572956,9.89099518904977,,0.0078508507273062,0.0080452192851517,1.7680127428632126,1.6958565209152203,0.8001740361202997,,0.6621552494721462,0.0442147545897865,12.877847843177808,,0.0466977960338553,0.0466977960338553,0.0466977960338553,0.2505165923317479,0.2206229563826713,0.749483407668252,0.749483407668252,0.261175708014594,2.991751567000978,2.152547126778561,2.152547126778561,2.2058391196158755,0.2140652092297987,1.3784277686448705,0.1245977863583086,0.0355521874627802,3.504644727943978,0.8418531274731994,7.890515140138248,10.89099518904977,10.89099518904977,10.881115247771492,10.89099518904977,10.89099518904977,10.881115247771492,10.89099518904977,10.89099518904977,0.0854260115568694,0.0875409582353294,0.0630423789860221,0.0630423789860221,0.062985189078983,0.0957506827914639,0.0929031984522847,0.0968560940684678,1842.3332,0.0,43.50587667855088,43.50587667855088,43.50587667855088,1.0304481838572956,0.0466977960338553,8.389671186190602,210.69041745543092,28.411893950562256,254.19629413398184,0.7610370664588916,0.7610370664588916,0.2070013330659699,0.7610370664588916,1.3155821756470922,0.5545451091882007,-25412.69,-0.0128148381751812,0.5772340204258383,0.1379375348606864,0.0536268867530318,0.0238883589831485,0.0,-0.0,-1.157250561714863,0.6326800279065627,0.6326800279065627,0.63325449489651,,3.1240012676878144,23.50256811030846,0.3342523527120369,0.261175708014594,0.3827279260985179,0.9866399091479608,18.364268243937428,0.0142219501776672,0.2505165923317479,0.2505165923317479,0.2505165923317479,0.2581949294100518,2.991751567000978,0.6958565209152202,0.552599299478232,0.552599299478232,0.749483407668252,0.7197448798983688,-17.364268243937428,0
117,214,7022,1668,62271.33,0.0,0.0,0.0,0.0,0.0,0.0,0.0,0.0,62271.33,4515.64,47642.82,0.0,0.0,0.0,0.0,47642.82,0.0,0.0,10112.87,10112.87,0.0,20227.26,0.0,5000.0,4241.87,42044.07,0.0,0.0,0.0,0.0,0.0,0.0,0.0,0.0,0.0,0.0,42044.07,0.0,0.0,0.0,0.0,0.0,0.0,41065.07,0.0,0.0,0.0,0.0,0.0,0.0,SFJIN,0.0,0.0,0.0,0.0,0.0,0.3248246022688129,38733.96,0.0,0.0,0.0,4713.1,0.4,0.0,12.56,4700.94,0.0,0.0,0.0,35.07,31.0,4665.87,424.0,4241.87,34020.86,0.0,SFJIN,38734.36,,,0.0,34068.49,42044.07,0.0,0.1204581668575394,0.1204594108115978,0.1216787542507918,0.1216774977048801,0.109512944196772,0.0681191488924357,0.0685223842175845,0.0756865157689742,0.2097105589190033,0.2097105589190033,3.078584543828477,47.0094,42.4187,0.0749280607945903,,0.109512944196772,4700.94,4700.94,4700.94,4700.94,0.1213648178497628,0.1213635645457934,0.1213648178497628,0.1213648178497628,0.0754912413144218,0.0754912413144218,0.0754912413144218,0.0754912413144218,0.1008910412336388,0.1118098224077735,1.914938553219764,0.8795509160436991,3.8295893276806616,0.1204490839563009,133.04448246364413,,0.31,0.31,622.7133,1.0,0.1109756976429731,,0.1118098224077735,0.0559049112038867,0.0,,0.0009054070381649,0.0008003312855179,0.0008003312855179,0.3248246022688129,0.2567054533763772,0.6751753977311871,0.6751753977311872,202.2726,2.078584543828477,0.0,0.0,0.0,2.078584543828477,0.0,0.2306723698612664,0.075425882183663,3.058265454550153,0.9023450629023132,137.83451612903227,151.6432258064516,151.6432258064516,151.6432258064516,134.04448246364413,134.04448246364413,134.04448246364413,151.6432258064516,151.6432258064516,47.0094,47.0094,0.1118098224077735,0.1118098224077735,0.1118098224077735,0.7426208519193243,0.6220191539188259,387.3396,387.3396,42.55202927870014,448.95046362416855,448.95046362416855,491.5024929028687,0.8795509160436991,0.0009054070381649,0.8130072905004364,396.1920121257935,386.9666450319048,887.6945050286622,1.481096620760074,1.481096620760074,1.481096620760074,1.3736940786179834,1.7216268548691884,0.2405302341091146,20227.26,0.324824602268813,1.0854575674679274,-0.5222099676872698,0.6751753977311871,0.51277530125019,0.1074025421420904,0.2232452640644358,0.3878040110846831,0.9023450629023132,0.9023450629023132,0.9023450629023132,,3.830164928452556,0.0,0.4810966207600738,202.2726,0.0,202.2726,0.6751753977311871,0.0048109662076007,0.3248246022688129,0.3248246022688129,0.3248246022688129,0.3878040110846831,2.078584543828477,0.0,0.0,0.0,0.6751753977311871,0.51277530125019,0.3248246022688129,0
117,214,2910,1874,774422.79,641416.54,0.0,0.0,641416.54,641416.54,0.0,0.0,0.0,133006.25,0.0,17588.66,0.0,0.0,0.0,0.0,4873.26,0.0,0.0,112077.7,112077.7,3339.89,739033.36,805000.0,0.0,-146824.88,35389.43,0.0,0.0,0.0,0.0,0.0,0.0,0.0,20000.0,0.0,0.0,15389.43,0.0,0.0,0.0,0.0,0.02,0.0,3181.37,0.0,0.0,0.0,0.0,0.0,0.0,SFJIN,0.0,0.0,0.0,0.0,0.0,0.9543021842112884,82992.64,0.0,0.0,0.0,-94221.62,10752.68,0.0,63012.5,-146481.44,0.0,0.0,0.0,343.44,0.0,-146824.88,0.0,-146824.88,177214.26,68856.0,SFJIN,93745.32,,,68856.0,240570.2,15389.43,20000.0,-1.5662102385484415,-1.7691313350195874,-1.1353009134303955,-1.0050807869662186,-1.7691313350195874,-0.189592664234481,-0.189592664234481,-0.1216668998080492,-0.1986715186984252,-0.1986715186984252,1.0478861062510088,-0.2283717847375747,-0.1823911552795031,-0.1006799916102675,,-1.7691313350195874,-146481.44,-77625.44,-77625.44,-77625.44,-0.9353292050957772,-0.8280460293911205,-0.9353292050957772,-1.7649931367408005,-0.100236512925969,-0.100236512925969,-0.100236512925969,-0.1891491855501824,-9.540631459384786,-9.518314843369769,0.7056188052015009,2.8986931853234217,0.1323740182838448,-1.8986931853234208,-227.0232937339856,,0.0,0.0,1.238544285122426,1.0258256862507882,-5.066391672726021,,-9.518314843369769,-2.884693354675548,-2.565125983597558e-07,,0.0041381982787871,0.0,0.0,0.9543021842112884,1.1438948484457694,0.0456978157887114,0.0456978157887115,1.152189433718064,0.0478861062510087,2.706237780659861e-08,0.0,0.0270623778065986,0.0208237284444101,32.070827,-0.1986715186984252,-0.189592664234481,1.0478861062510088,1.0023445973769782,-1468.2488,-776.2544,-776.2544,-776.2544,-226.02329373398555,-226.02329373398555,-226.02329373398555,-776.2544,-776.2544,-3881272.0,-3881272.0,-2.1934639806292444,-2.1934639806292444,-2.1934639806292444,0.1253012081662747,0.1071670940882305,0.1293896163014443,829.9264,0.0,77.35458108092477,21.43250172545421,77.35458108092477,2.8986931853234217,0.0041381982787871,4.718531144498785,67.68241075353188,13.99160274935223,145.03699183445667,8.642701516560392,8.642701516560392,8.642701516560392,8.425676584512876,15.925472873264312,7.282771356703919,117616.82,0.1518767545567712,0.1854312623384435,-1.4171957898917302,0.0198721295379233,-0.1248520462575746,0.0,0.0,6.6870824724566855,1.891453111248065,1.891453111248065,1.891453111248065,,0.7404919979621281,4.822454132794512,20.88288395715896,1.152189433718064,1.2550346768419784,1.1833704194781132,0.2660734363986655,4.330343717558131,0.9543021842112884,0.9543021842112884,0.9543021842112884,1.1157829523579617,0.0478861062510087,0.0258256862507881,2.5825686250788157e-08,2.5825686250788157e-08,0.0456978157887114,-0.0990263600067864,0.7339265636013341,0
117,0,6201,1827,18092.55,500.0,0.0,0.0,0.0,0.0,0.0,500.0,0.0,17592.55,0.0,16014.47,0.0,0.0,0.0,0.0,0.0,0.0,0.0,1344.76,1344.76,233.32,14585.55,20000.0,0.0,4693.9,3507.0,0.0,0.0,0.0,0.0,0.0,0.0,0.0,0.0,0.0,0.0,1807.0,0.0,0.0,0.0,0.0,0.0,0.0,0.0,0.0,1700.0,0.0,1700.0,0.0,1700.0,SFJIN,0.0,0.0,0.0,0.0,0.0,0.8061633103128083,-1758.37,0.0,0.0,0.0,-8200.12,0.0,0.0,0.0,-8200.12,17902.08,17902.08,0.0,14.06,14.06,9687.9,4994.0,4693.9,6441.75,0.0,SFJIN,16143.710000000005,,,0.0,6455.81,3507.0,0.0,0.6001036936367166,-5.509591269186804,4.66347810756553,4.66347810756553,-2.6694609211940605,0.2594382770808979,0.2600677405893586,-0.4532318551005801,0.3218185121575806,0.3218185121575806,1.2404434525952055,-82.00120000000001,0.234695,0.5354634918792541,,-2.6694609211940605,9701.96,9701.96,27604.04,-8200.12,-5.517587310975506,1.7098944418600184,4.66347810756553,-5.517587310975506,0.5362406073217981,1.5257130697441763,-0.4532318551005801,-0.4532318551005801,1.3384374108925006,-2.3382149985742804,-0.1248350259663271,-3.671474149354232,-0.1327994779767672,4.671474149354232,689.0398293029872,,0.1406,0.1406,36.1851,1.0,2.762446535500428,,-2.3382149985742804,-1.1691074992871402,0.0,,-0.007996041788702,-0.007996041788702,-0.007996041788702,0.8061633103128083,0.5467250332319104,0.1938366896871917,0.1938366896871917,29.1711,0.2404434525952055,0.0,0.0,0.0,0.2404434525952055,0.0,0.6642121826053868,0.5362406073217981,1.2386458122273327,-0.5724184524128915,334.84779516358464,690.0398293029871,1963.302987197724,-583.2233285917497,690.0398293029871,1963.302987197724,-583.2233285917497,690.0398293029871,1963.302987197724,-82.00120000000001,-82.00120000000001,2.7664556601083543,7.871126318790989,-2.3382149985742804,-0.1049911659986183,-0.0971875164086875,-17.5837,-17.5837,-0.0,-3324.261418245307,-0.0,-3324.261418245307,-3.671474149354232,-0.007996041788702,-0.1097988256870193,-727.9781843411797,-0.0,-4052.239602586487,5.016410037068719,5.016410037068719,3.3786345304397924,4.949880239520958,5.399860279441117,0.383450242372398,14085.55,0.7785276260118115,-1.9944607790169304,8.010572291383497,0.1938366896871917,0.1195099640459747,0.0,0.0,0.8795514306748834,0.4838094570581615,0.1700439500884653,-0.5724184524128915,,-1.307571611291234,0.0284211214406098,4.158982035928143,29.1711,40.0,29.1711,0.1993457457844371,146.3341988323353,0.8061633103128083,0.8061633103128083,0.8061633103128083,0.8708940104933247,0.2404434525952055,0.0,0.0,0.0,0.1938366896871917,0.1195099640459747,0.8006542542155628,1
117,214,4651,2330,1256407.5,0.0,0.0,0.0,0.0,0.0,0.0,0.0,0.0,1256407.5,327821.17,884448.34,0.0,0.0,0.0,0.0,0.0,0.0,0.0,44137.99,44137.99,0.0,441005.56,6000.0,0.0,286864.48,815401.94,0.0,0.0,0.0,0.0,0.0,0.0,0.0,0.0,0.0,0.0,815401.94,0.0,0.0,0.0,0.0,0.0,0.0,0.0,0.0,0.0,0.0,0.0,0.0,0.0,SFJMA,766936.9,0.0,781733.38,0.0,0.0,0.3510051953685408,1625238.68,0.0,0.0,0.0,315253.9,0.0,0.0,0.0,315253.9,0.0,0.0,0.0,18.42,0.0,315235.48,28371.0,286864.48,1309984.78,0.0,SFJIN,1625238.68,,,0.0,1310003.2,815401.94,0.0,0.193962575392311,0.193962575392311,0.1939739091122296,0.1939739091122296,0.1765060624818503,0.2283212094802044,0.2283212094802044,0.2509169198687528,0.6504781481666579,0.6504781481666579,2.8489606797701144,3152.539,47.81074666666667,0.2509022590202621,,0.1765060624818503,315253.9,315253.9,315253.9,315253.9,0.1939739091122296,0.1939739091122296,0.1939739091122296,0.1939739091122296,0.2509169198687527,0.2509169198687527,0.2509169198687528,0.2509169198687528,0.3518074533891837,0.3866239268452072,3.685302017507443,0.806037424607689,4.095166254073115,0.193962575392311,17113.76112920738,,0.0,0.0,12564.075,1.0,0.3866013367591448,,0.3866239268452072,0.1933119634226036,0.0,,1.1333719918602972e-05,0.0,0.0,0.3510051953685408,0.1226839858883364,0.6489948046314591,0.6489948046314591,4410.0556,1.8489606797701144,0.0,0.0,0.0,1.8489606797701144,0.0,0.7148106704142233,0.2509022590202621,2.8489606797701144,0.9099474423631236,2868.6448,3152.539,3152.539,3152.539,17114.76112920738,17114.76112920738,17114.76112920738,3152.539,3152.539,3152.539,3152.539,0.3866239268452071,0.3866239268452071,0.3866239268452072,1.3406578872052963,1.293560154647278,16252.3868,16252.3868,73.62286445828376,198.63152906254976,172.24052808046633,272.2543935208335,0.806037424607689,1.1333719918602972e-05,1.8375733284772744,183.1249229805434,175.56355704012657,455.3793165013769,1.5408443840592283,1.5408443840592283,1.5408443840592283,1.1388080950604558,1.594974731112364,0.0541303470531355,441005.56000000006,0.3510051953685409,0.5017121177549134,-0.2713481813022073,0.6489948046314591,0.6138644906210763,0.4020362889987728,0.743349290199425,0.363785079441617,0.909947442363124,0.909947442363124,0.9099474423631236,,36.82176465217378,0.0,0.5408443840592285,4410.0556,60.0,4410.0556,0.6489948046314591,0.0054084438405922,0.3510051953685408,0.3510051953685408,0.3510051953685408,0.3637850794416169,1.8489606797701144,0.0,0.0,0.0,0.6489948046314591,0.6138644906210763,0.3510051953685408,0
117,214,6810,7644,2616332.26,0.0,0.0,0.0,0.0,0.0,0.0,0.0,0.0,2616332.26,401445.73,174232.68,0.0,0.0,0.0,0.0,0.0,0.0,0.0,2040653.85,2040653.85,0.0,1650094.18,1042700.0,324942.14,7191.79,966238.08,0.0,0.0,0.0,0.0,0.0,0.0,0.0,0.0,0.0,0.0,965738.08,0.0,0.0,0.0,0.0,0.0,0.0,0.0,0.0,500.0,0.0,0.0,0.0,0.0,SFJMA,0.0,0.0,467.45,0.0,0.0,0.6306898421227279,202777.78,199883.78,0.0,10701.01,-7807.01,15001.01,0.0,2.21,7191.79,0.0,0.0,0.0,0.0,0.0,7191.79,0.0,7191.79,0.0,0.0,SFJMA,217778.79,,,0.0,210587.0,965738.08,500.0,0.0330233720189188,0.0354663612551631,-0.0385003228657498,-0.0358483486844609,0.0354663612551631,0.0027488060709842,0.0027488060709842,-0.0029839520459071,0.004358411833196,0.004358411833196,1.5855654129996386,71.9179,0.0068972763019085,0.0027488060709842,,0.0354663612551631,7191.79,7191.79,7191.79,7191.79,0.0354663612551631,0.0330233720189188,0.0354663612551631,0.0354663612551631,0.0027488060709842,0.0027488060709842,0.0027488060709842,0.0027488060709842,0.0074469363370242,0.0074469363370242,0.1228513843420919,1.0385112214957677,-0.5191979499573008,-0.0385112214957674,71.9179,,0.0,0.0,26168.3226,1.0001911072258078,0.0074469363370242,,0.0074469363370242,0.0037225045261428,0.0,,0.0,0.0,0.0,0.6306898421227279,0.6279410360517437,0.369310157877272,0.369310157877272,16500.9418,0.5855654129996386,0.0,0.0,0.0,0.5852623999922235,0.0,0.004358411833196,0.0027488060709842,1.5855654129996386,1.0,71.9179,71.9179,71.9179,71.9179,71.9179,71.9179,71.9179,71.9179,71.9179,71.9179,71.9179,0.0074430827648606,0.0074430827648606,0.0074430827648606,0.3522414189547252,0.0775045979825207,2027.7778,2027.7778,720.622573735643,312.7595909177031,0.0,1033.382164653346,1.0385112214957677,0.0,1.1638332142971113,1733.565981045852,0.8391047579276191,2766.948145699198,2.7091530448918406,2.7091530448918406,2.707751137276643,2.293465045926324,4.822204080427272,2.1130510355354324,1650594.1799999997,0.6308809493485357,4.762543903972121,-8.139916414905024,0.3691190506514643,-0.410848341563468,0.4156879989655166,0.243212859262596,2.867215708159005,1.0,1.0,1.0,,0.0993690233157377,0.0,1.707751137276643,16500.9418,10427.0,16505.9418,0.369310157877272,0.0170775113727664,0.6306898421227279,0.6306898421227279,0.6306898421227279,2.866347167683431,0.5855654129996386,0.0001911072258077,0.0,0.0,0.369310157877272,-0.4106572343376602,0.6306898421227279,0
117,215,4634,4928,1816391.83,1700285.91,0.0,0.0,0.0,0.0,0.0,0.0,0.0,116105.92,5244.2,19445.18,0.0,0.0,0.0,0.0,0.0,0.0,0.0,0.0,0.0,0.0,416578.69,50000.0,0.0,0.0,1399813.14,0.0,0.0,0.0,0.0,0.0,0.0,0.0,0.0,846925.51,0.0,0.0,0.0,0.0,0.0,0.0,0.0,0.0,0.0,0.0,0.0,0.0,0.0,0.0,0.0,SFJMI,0.0,0.0,0.0,0.0,846925.51,0.2293440672434647,719804.88,0.0,0.0,0.0,1501401.21,117395.49,0.0,44356.9,1574439.8,0.0,0.0,0.0,0.0,0.0,0.0,0.0,0.0,781596.33,68470.31,SFJMI,837200.37,,,68470.31,825953.23,0.0,1399813.14,0.0,0.0,2.085844722253064,1.793359467817722,0.0,0.0,0.0,0.8265844325009983,0.0,0.0,4.360261034955965,15744.398,0.0,0.0376957817521123,,0.0,0.0,68470.31,68470.31,1642910.11,0.0951234312276404,0.0817848539651266,2.282438137957609,0.0,0.0376957817521123,0.0376957817521123,0.9044910260359408,0.8667952442838284,0.0,15744.398,6.199553648943999,1.1474682277786168,1.7278965469885172,-0.1474682277786168,684.7031,,0.0,0.0,1.891567148256848,1.770655932756535,684.7031,,15744.398,1.1247499791293574,12.36923726502772,,0.0,0.0,0.0,0.2293440672434647,0.2293440672434647,0.7706559327565352,0.7706559327565353,0.2450050827040024,3.3602610349559643,2.0330504904127475,2.0330504904127475,0.0,0.0,0.0,0.0,0.0,0.0,0.0,0.0,684.7031,684.7031,16429.1011,684.7031,684.7031,16429.1011,684.7031,684.7031,1.9398519593535448,1.9398519593535448,0.0489138928928756,0.0489138928928756,1.173663872022233,0.3962828218622851,0.3962828218622851,7198.0488000000005,7198.0488000000005,2.651953123740978,9.833283597632736,0.0,12.485236721373711,1.1474682277786168,0.0,37.01713638032664,0.0,0.0,12.485236721373711,inf,1161.0592,1161.0592,1108.6172,1161.0592,0.0,116105.92,0.0639211859921215,0.0,-0.1613019350466198,0.0,0.0,52.442,0.0451673782008703,4.702666490612563,0.0,0.0,0.0,,7198.0488000000005,14.644265425914543,0.2975959276964638,0.2450050827040024,0.0294068189978707,1.0682861154804253,12.056345964098988,0.020321669885185,0.2293440672434647,0.2293440672434647,0.2293440672434647,0.2293440672434647,3.3602610349559643,0.7706559327565352,0.4662680683825801,0.4662680683825801,0.7706559327565352,0.7706559327565352,-11.056345964098988,0
117,214,6820,7734,71151350.5,66862322.22,0.0,0.0,63946597.74,61190101.58,0.0,2915724.48,0.0,4289028.28,237260.57,3098379.54,0.0,0.0,0.0,0.0,2987419.78,0.0,0.0,952078.03,952078.03,1310.14,23636761.66,4600000.0,17026967.9,2009841.73,47514588.84,0.0,0.0,0.0,0.0,0.0,0.0,0.0,21372424.02,21011299.43,0.0,1782306.32,0.0,0.0,0.0,0.0,0.0,0.0,121041.53,0.0,24359858.5,0.0,24359858.5,24359858.5,0.0,SFJIN,0.0,0.0,0.0,0.0,0.0,0.3322039777727058,6489623.04,0.0,0.0,0.0,2005582.58,377036.14,0.0,207511.6,2175107.12,1723.15,0.0,1723.15,127856.54,127856.54,2048973.73,39132.0,2009841.73,4484040.46,567267.45,SFJIN,6868382.33,,,567267.45,4819408.6,1782306.32,45732282.52,0.2983196961896557,0.3157307777926035,0.3090445419769713,0.2920754514570213,0.3097008435793522,0.0282474150648763,0.0296833406682842,0.0281875546410043,0.0850303336349671,0.0850303336349671,3.0101987541046262,0.035546715299308,0.4369221152173913,0.0367700846380983,,0.3097008435793522,2176830.27,2744097.72,2744097.72,2742374.5700000003,0.4228439314712491,0.3995260584161452,0.422578407574194,0.3354324675844346,0.0385670503892965,0.0385670503892965,0.0385428322966266,0.030570145256765,1.1276634703287145,1.220389051866236,2.5888882546830203,0.7426330574664626,0.2860795039441333,0.2573669425335374,20.462318001097167,,0.0060851324510394,0.0060851324510394,1.7481240426471087,1.6427465142773363,1.4678964836975943,,1.220389051866236,0.0441225986533306,8.03110186882694,,0.0197016897918311,0.0197016897918311,0.0197016897918311,0.3322039777727058,0.3039565627078294,0.6677960222272943,0.6677960222272943,0.3535139204741788,2.0101987541046267,0.8889246222572437,0.8889246222572437,0.9042027130208834,0.0754039976218975,1.3982813499858524,0.0866858903716677,0.0305943633494349,2.833394157661685,0.92401965471935,16.719506643930767,21.462318001097167,21.462318001097167,21.448840786712985,21.462318001097167,21.462318001097167,21.448840786712985,21.462318001097167,21.462318001097167,0.130519037108406,0.130519037108406,0.05775274051598,0.05775274051598,0.0577164748122863,0.0924457307271008,0.0912087120538913,0.1014850401640773,64896.2304,13.34439728104762,174.26413292874403,168.02335250893094,187.60853020979167,0.7426330574664626,0.0197016897918311,2.094521654374209,100.24338899043356,6.807815828082366,287.8519192002252,2.4064484493327725,2.4064484493327725,0.164065535870185,2.272593394607948,2.940631613762106,0.5341831644293333,2506721.96,0.0352308416127674,0.2746394218915988,-0.3862661890450882,0.025049507949958,0.0116684825258517,0.1331199734510283,0.0946497353061047,0.7514965276035129,0.7324235268123033,0.7324235268123033,0.7328837395104637,,6.816272233484896,15.589153965662357,0.497463247332185,0.3535139204741788,0.0687980890771998,1.0374908001512726,11.078171030385466,0.0319108559982105,0.3322039777727058,0.3322039777727058,0.3322039777727058,0.3367094961005655,2.0101987541046267,0.6427465142773362,0.2953042954539562,0.2953042954539562,0.6677960222272943,0.6544149968031879,-10.078171030385466,0
117,214,4631,5386,841956.89,0.0,0.0,0.0,0.0,0.0,0.0,0.0,0.0,841956.89,0.0,821069.02,0.0,0.0,0.0,0.0,0.0,0.0,0.0,0.0,0.0,0.0,660639.28,62200.0,0.0,0.0,181317.61,0.0,0.0,0.0,0.0,0.0,0.0,0.0,0.0,130952.81,0.0,0.0,0.0,0.0,0.0,0.0,0.0,0.0,0.0,0.0,0.0,0.0,0.0,0.0,0.0,SFJMI,0.0,0.0,0.0,0.0,130952.81,0.7846473944764559,1066962.67,0.0,0.0,0.0,2161609.39,392146.21,0.0,18267.03,2535488.57,0.0,0.0,0.0,0.0,0.0,0.0,32801.0,0.0,1094646.72,0.0,SFJMI,1459108.88,,,0.0,1112913.75,0.0,181317.61,0.0,0.0,2.0259465966133563,1.4814585940975151,0.0,0.0,0.0,2.567363502423502,0.0,0.0,1.2744578100169883,25354.8857,0.0,0.0389580516408625,,0.0,0.0,0.0,0.0,2535488.57,0.0,0.0,2.3763610867473,0.0,0.0,0.0,3.011423268951454,3.011423268951454,0.0,25354.8857,1.2672414498561797,1.0430671862212386,1.61504576294646,-0.0430671862212387,328.01,,0.0,0.0,10232.745,1.215352605523544,328.01,,25354.8857,13.983686250883189,3.992342001768239,,0.0,0.0,0.0,0.7846473944764559,0.7846473944764559,0.215352605523544,0.215352605523544,6606.3928000000005,0.2744578100169884,0.1982213500838157,0.1982213500838157,0.0,0.0,0.0,0.0,0.0,0.0,0.0,0.0,0.0,0.0,25354.8857,0.0,0.0,25354.8857,0.0,0.0,19.36184927990472,19.36184927990472,0.0,0.0,13.983686250883189,1.2672414498561797,1.2672414498561797,10669.6267,10669.6267,0.0,280.11207109991955,0.0,280.11207109991955,1.0430671862212386,0.0,1.2994798780740746,0.0,0.0,280.11207109991955,inf,8419.5689,8419.5689,8419.5689,8419.5689,0.0,841956.89,1.0,0.0,-0.7891156023293674,0.0,0.0,0.0,0.0,1.0254398467013164,0.0,0.0,0.0,,10669.6267,0.0,3.643547253904351,6606.3928000000005,622.0,8419.5689,0.215352605523544,0.0364354725390435,0.7846473944764559,0.7846473944764559,0.7846473944764559,0.7846473944764559,0.2744578100169884,0.215352605523544,0.1555338658728714,0.1555338658728714,0.215352605523544,0.215352605523544,0.7846473944764559,0
117,214,6202,5946,51288.0,0.0,0.0,0.0,0.0,0.0,0.0,0.0,0.0,45827.0,0.0,17307.0,0.0,0.0,0.0,0.0,0.0,0.0,0.0,0.0,0.0,0.0,50896.0,50000.0,0.0,0.0,4717.0,0.0,0.0,0.0,0.0,0.0,0.0,0.0,0.0,0.0,0.0,0.0,0.0,0.0,0.0,0.0,0.0,0.0,0.0,0.0,0.0,0.0,0.0,0.0,0.0,SFJMI,0.0,0.0,0.0,0.0,0.0,0.9923568866011544,43410.0,0.0,0.0,0.0,85766.0,0.0,0.0,0.0,85766.0,0.0,0.0,0.0,0.0,0.0,0.0,158.0,0.0,42356.0,0.0,SFJMI,43410.0,,,0.0,42356.0,0.0,4717.0,0.0,0.0,1.975719880211933,1.975719880211933,0.0,0.0,0.0,1.672243019809702,0.0,0.0,1.0077019805092735,857.66,0.0,0.0030806426454531,,0.0,0.0,0.0,0.0,85766.0,0.0,0.0,1.975719880211933,0.0,0.0,0.0,1.672243019809702,1.672243019809702,0.0,857.66,0.9472581665830188,0.9757198802119328,0.8529157497642251,0.0242801197880672,1.58,,0.0,0.0,603.3,1.1762985493682734,1.58,,857.66,18.18231927072292,0.0,,0.0,0.0,0.0,0.9923568866011544,0.9923568866011544,0.0919708313835595,0.0076431133988457,508.96,0.0926791889342973,0.0,0.0,0.0,0.0,0.0,0.0,0.0,0.0,0.0,0.0,0.0,0.0,857.66,0.0,0.0,857.66,0.0,0.0,857.66,857.66,0.0,0.0,18.18231927072292,0.8463968179691156,0.8463968179691156,434.1,434.1,0.0,145.12204561161022,0.0,145.12204561161022,0.9757198802119328,0.0,2.5082336626798405,0.0,0.0,145.12204561161022,inf,458.27,458.27,458.27,458.27,0.0,45827.0,0.8935228513492435,0.0,-1.055678415111725,0.0,0.0,0.0,0.0,2.6478881377477324,0.0,0.0,0.0,,434.1,0.0,10.78990884036464,508.96,500.0,556.13,0.1029305867719903,0.1078990884036463,0.9923568866011544,0.9923568866011544,0.9923568866011544,0.9923568866011544,0.0926791889342973,0.0919708313835595,0.0,0.0,0.0919708313835595,0.0919708313835595,1.110611648155018,0
117,214,6920,1884,187818.66,30287.6,16190.26,0.0,13677.34,13677.34,420.0,0.0,0.0,157531.06,207.6,94608.39,0.0,0.0,0.0,0.0,0.0,0.0,0.0,59301.63,59301.63,3413.44,128345.85,305000.0,0.0,-105361.39,59472.81,0.0,0.0,0.0,0.0,0.0,0.0,0.0,0.0,0.0,0.0,59472.81,0.0,0.0,0.0,0.0,0.0,0.0,0.0,0.0,0.0,0.0,0.0,0.0,0.0,SFJMA,4097.4,0.0,12314.24,0.0,0.0,0.6833498332913247,616910.54,0.0,0.0,0.0,-80966.36,4503.07,0.0,1008.59,-77471.88,0.19,0.0,0.19,27889.7,27889.7,-105361.39,0.0,-105361.39,697876.9,100560.79,SFJMA,621413.7999999999,,,100560.79,726775.1900000001,59472.81,0.0,-0.1695510946168237,-0.1707887662285685,-0.1312448965452916,-0.1302938311891817,-0.1707887662285685,-0.560974026755382,-0.4406957588772063,-0.4310879440839371,-0.8209177780193126,-0.8209177780193126,1.4633792989800605,-5.664250504849628,-0.3454471803278688,-0.0255597606755367,,-0.1707887662285685,-77471.69,23089.09999999999,23089.09999999999,23088.90999999999,0.0374269825248892,0.0371557567598273,0.0374266745385805,-0.1255801043697519,0.1229329396770267,0.1229329396770267,0.1229319280629517,-0.4513931260793669,-1.771589235484249,-1.302643678682746,6.2912660586947045,1.1780884631992186,8.935006290171719,-0.1780884631992185,-0.1721280616141444,,278.897,278.897,6.201173417504194,1.0,-0.0807192395987343,,-1.302643678682746,-0.651321839341373,-0.0,,0.0452086618588166,0.0452086618588166,0.0452086618588166,0.6833498332913247,1.2443238600467066,0.3166501667086752,0.3166501667086752,4.237570821062085,0.4633792989800605,0.0,0.0,0.0,0.4633792989800605,136.7734,-0.8209177780193126,-0.4124813264028185,1.99019379902213,1.3599952653788705,-2.777788574276525,0.8278719383858554,0.8278719383858554,0.8278651258349853,0.8278719383858554,0.8278719383858554,0.8278651258349853,0.8278719383858554,0.8278719383858554,230.8890999999999,230.8890999999999,0.3882295119399939,0.3882295119399939,0.3882263172027686,5.492106111481707,3.284607290883664,45.104570040665806,38.10380685671509,0.1224916662957322,55.8224438181912,2.417617309634554,55.94493548448693,1.1780884631992186,0.0452086618588166,6.520674751996097,35.091154124226826,7.26585634280134,91.03608960871377,2.648791271170809,2.648791271170809,2.648791271170809,2.5879056328429746,3.645912981074882,0.997121709904072,98058.25,0.5220900308840453,0.0964042695720517,-0.1589505181739965,0.3166501667086752,0.0009114110387114,0.0034906707787979,0.0021171089632947,1.0341952871029454,-4.563252357172867,-4.563252357172867,-4.563289908445226,,10.402927204530467,0.1922643064802585,2.158059287933427,4.237570821062085,10.07012770902944,4.237570821062085,0.3775306914077769,11.224440601797369,0.6833498332913247,0.6833498332913247,0.6534792027426697,0.9984760533931496,0.4633792989800605,0.0,0.0,0.0,0.3465207972573303,0.0009973873787788,0.622469308592223,0
117,216,7022,1343,5000.0,0.0,0.0,0.0,0.0,0.0,0.0,0.0,0.0,0.0,0.0,0.0,0.0,0.0,0.0,0.0,0.0,0.0,0.0,0.0,0.0,0.0,5000.0,5000.0,0.0,-45495.59,0.0,0.0,0.0,0.0,0.0,0.0,0.0,0.0,0.0,0.0,0.0,0.0,0.0,0.0,0.0,0.0,0.0,0.0,0.0,0.0,0.0,0.0,0.0,0.0,0.0,SFJMA,0.0,0.0,0.0,0.0,0.0,1.0,196474.75,0.0,0.0,0.0,-45495.59,0.0,0.0,0.0,-45495.59,0.0,0.0,0.0,0.0,0.0,-45495.59,0.0,-45495.59,241970.34,0.0,SFJMA,196474.75,,,0.0,241970.34,0.0,0.0,-0.2315594751997393,-0.2315594751997393,-0.2315594751997393,-0.2315594751997393,-0.2315594751997393,-9.099118,-9.099118,-9.099118,-9.099118,-9.099118,1.0,-454.9559,-9.099118,-9.099118,,-0.2315594751997393,-45495.59,-45495.59,-45495.59,-45495.59,-0.2315594751997393,-0.2315594751997393,-0.2315594751997393,-0.2315594751997393,-9.099118,-9.099118,-9.099118,-9.099118,-454.9559,-454.9559,1964.7475,1.2315594751997394,39.29495,-0.2315594751997393,-454.9559,,0.0,0.0,50.0,1.0,-454.9559,,-454.9559,-454.9559,-0.0,,0.0,0.0,0.0,1.0,10.099118,0.0,0.0,50.0,0.0,0.0,0.0,0.0,0.0,0.0,-9.099118,-9.099118,1.0,1.0,-454.9559,-454.9559,-454.9559,-454.9559,-454.9559,-454.9559,-454.9559,-454.9559,-454.9559,-454.9559,-454.9559,-454.9559,-454.9559,-454.9559,39.29495,39.29495,1964.7475,1964.7475,0.0,0.0,0.0,0.0,1.2315594751997394,0.0,1964.7475,0.0,0.0,0.0,,0.0,0.0,0.0,0.0,0.0,0.0,0.0,0.0,0.0,0.0,0.0,0.0,0.0,0.0,1.0,1.0,1.0,,1964.7475,0.0,50.0,50.0,50.0,50.0,0.0,0.5,1.0,1.0,1.0,1.0,0.0,0.0,0.0,0.0,0.0,0.0,50.0,0
117,216,6810,3831,3828725.79,3209577.0,0.0,0.0,3209577.0,3209577.0,0.0,0.0,0.0,619148.79,0.0,551662.7,0.0,0.0,0.0,0.0,8282.69,0.0,0.0,67486.09,67486.09,0.0,1071173.54,351000.0,0.0,-14986.13,2757552.25,0.0,0.0,0.0,0.0,0.0,0.0,0.0,0.0,0.0,0.0,2757552.25,0.0,0.0,0.0,0.0,2668633.57,0.0,6311.19,0.0,0.0,0.0,0.0,0.0,0.0,SFJIN,0.0,0.0,0.0,0.0,0.0,0.2797728536208387,24806.0,0.0,0.0,0.0,2686.84,0.0,0.0,0.0,2686.84,0.0,0.0,0.0,17672.97,0.0,-14986.13,0.0,-14986.13,22119.16,0.0,SFJIN,24806.0,,,0.0,39792.130000000005,2757552.25,0.0,-0.6041332742078529,-0.6041332742078529,0.1083141175522051,0.1083141175522051,-0.6041332742078529,-0.0039141298755688,-0.0039141298755688,0.0007017582734751,-0.0139903847886309,-0.0139903847886309,3.5743281989583124,0.0008371321205255,-0.042695527065527,-0.0039141298755688,,-0.6041332742078529,2686.840000000002,2686.840000000002,2686.840000000002,2686.84,0.1083141175522051,0.1083141175522051,0.1083141175522051,0.1083141175522051,0.0007017582734751,0.0007017582734751,0.0007017582734751,0.0007017582734751,-0.0054345769876164,0.0009743568775532,-0.011600243108473,1.6041332742078531,0.0247148651704273,-0.6041332742078531,-0.8479689605086185,,0.0,0.0,1.192906663401439,1.0,-0.0054345769876164,,0.0009743568775532,0.0004871784387766,-178.0735633549155,,0.7124473917600581,0.0,0.0,0.2797728536208387,0.2836869834964075,0.7202271463791613,0.7202271463791613,0.3337429013231339,2.5743281989583124,2.491317672017925,0.0,0.0,2.5743281989583124,32095.77,-0.0139903847886309,-0.0039141298755688,3.5743281989583124,-5.577604174420508,-149.8613,26.86840000000002,26.86840000000002,26.8684,0.1520310394913815,0.1520310394913815,0.1520310394913814,26.86840000000002,26.86840000000002,0.0010068223791398,0.0010068223791398,0.0009743568775532,0.0009743568775532,0.0009743568775532,0.0065951659502051,0.0064789178856289,0.0077287443173975,248.06,0.0,8095.026316213819,121.53910989276788,8095.026316213819,1.6041332742078531,0.7124473917600581,0.0449658822320233,40463.96109812142,92.6095767153108,48558.98741433524,0.2245283983286264,0.2245283983286264,0.2245283983286264,0.2245283983286264,0.249001584648124,0.0244731863194976,-2138403.46,-0.5585156987698511,111.16472829154236,86.20508989760542,0.7202271463791613,0.702600893233464,0.0,-0.0,-3.876287920136707,-5.577604174420505,-5.577604174420505,-5.577604174420508,,0.3675720433647882,5.183854110415043,0.3884508589093824,0.3337429013231339,0.1093602054102456,0.3337429013231339,4.453779599569273,0.074934759087632,0.2797728536208387,0.2797728536208387,0.2797728536208387,0.2847926815193405,2.5743281989583124,0.0,0.6970030543764796,0.6970030543764796,0.7202271463791613,0.702600893233464,-3.453779599569273,0
117,227,7311,2135,592702.06,0.0,0.0,0.0,0.0,0.0,0.0,0.0,0.0,592702.06,0.0,521849.75,0.0,0.0,0.0,0.0,394836.7,0.0,0.0,70852.31,70852.31,0.0,300568.3,5000.0,195460.73,7450.32,292133.76,0.0,0.0,0.0,0.0,0.0,0.0,0.0,0.0,0.0,0.0,237135.14,0.0,0.0,0.0,0.0,13751.49,0.0,204215.87,0.0,54998.62,0.0,54998.62,0.0,54998.62,SFJIN,0.0,0.0,0.0,0.0,0.0,0.5071153287370048,1209699.35,0.0,0.0,0.0,18159.34,1.58,0.0,45.24,18115.68,0.0,0.0,0.0,8736.36,0.0,9379.32,1929.0,7450.32,1191540.01,1875.0,SFJIN,1209700.9300000002,,,1875.0,1200321.61,292133.76,0.0,0.0077534205086541,0.0077534306354715,0.0150114489191053,0.0150114293125326,0.0061588195447075,0.0125700929738627,0.0125700929738627,0.0306382265652999,0.0247874443179803,0.0247874443179803,1.9719380254005496,181.1568,1.4900639999999998,0.0189881573888911,,0.0061588195447075,18115.68,19990.68,19990.68,19990.68,0.0165253292067983,0.0165253076229345,0.0165253292067983,0.0149753573067556,0.0337280420452731,0.0337280420452731,0.0337280420452731,0.0305645639227236,0.0255031119991061,0.0620115935932909,4.024707029982869,0.9922478754741828,5.266065065823238,0.007752124525817,1.288216144939082,,0.0,0.0,5927.020600000001,1.0,0.0385245443730981,,0.0620115935932909,0.0310057967966454,1.2218854626490094,,0.007221926671284,0.0,0.0,0.5071153287370048,0.494545235763142,0.492884671262995,0.4928846712629952,3005.683,0.9719380254005496,0.0457516311600391,0.0,0.0,0.9719380254005496,0.0,0.0312052867850668,0.0158246792663416,1.9719380254005496,0.4112636125168914,74.50319999999999,199.9068,199.9068,199.9068,2.288216144939082,2.288216144939082,2.288216144939082,199.9068,199.9068,1.453710107050218,1.453710107050218,0.0684298863643832,0.0684298863643832,0.0684298863643832,2.3180989355652657,2.0409906285798973,12096.9935,12096.9935,0.0,157.45660998329873,119.13323380722656,157.45660998329873,0.9922478754741828,0.007221926671284,2.3180989355652657,88.14489517581373,61.61761808832913,245.6015051591125,2.028872185125061,2.028872185125061,1.70742372117519,2.028872185125061,2.271405981972094,0.2425337968470333,300568.30000000005,0.5071153287370049,0.24149286349538,-0.2484652901565996,0.492884671262995,0.373343480533879,0.0,0.0,0.5759671246369287,0.3726896733877987,0.3726896733877987,0.3726896733877987,,17.073534370297878,0.0,1.0288721851250604,3005.683,50.0,3005.683,0.492884671262995,0.0102887218512506,0.5071153287370048,0.5071153287370048,0.5071153287370048,0.5759671246369285,0.9719380254005496,0.0,0.0232013534759774,0.0232013534759774,0.492884671262995,0.373343480533879,0.5071153287370048,0
117,215,8299,2428,3475235.34,3401000.0,0.0,0.0,0.0,0.0,0.0,3401000.0,0.0,74235.34,0.0,0.0,0.0,0.0,0.0,0.0,0.0,0.0,0.0,74235.34,74235.34,0.0,3260123.34,15000.0,3205141.06,39982.28,215112.0,0.0,0.0,0.0,0.0,0.0,0.0,0.0,200000.0,200000.0,0.0,15112.0,0.0,0.0,0.0,0.0,0.0,0.0,1230.0,0.0,0.0,0.0,0.0,0.0,0.0,SFJIN,0.0,0.0,0.0,0.0,0.0,0.9381014581878648,0.0,0.0,0.0,0.0,-67788.22,0.0,0.0,0.0,-67788.22,131350.0,400.0,130950.0,14201.5,14201.5,49360.28,9378.0,39982.28,67788.22,0.0,SFJIN,131350.0,,,0.0,81989.72,15112.0,200000.0,0.3757920060905976,493.6028,-677.8822,-677.8822,399.8228,0.0115049129305873,-0.015706563630882,-0.0195060804141108,0.0122640390654667,0.0122640390654667,1.0659827796576555,-677.8822,2.6654853333333333,0.0142034352125344,,399.8228,63561.78,63561.78,63961.78,-67788.22,635.6178,0.4869568328892272,-677.8822,635.6178,0.0182899210503539,0.0184050211690124,-0.0195060804141108,-0.0195060804141108,2.6457305452620434,-4.485721281101112,0.0,819.8972,0.0,-819.8972,3.475708903989015,,0.0710075,0.0710075,1.0806337371361363,1.0575500593292193,3.26629698253044,,-4.485721281101112,-0.2944446278407117,4.051840872863768,,142.015,142.015,142.015,0.9381014581878648,0.9265965452572776,0.0618985418121352,0.0618985418121352,0.9585778712143488,0.0659827796576555,0.0613473722132243,0.0613473722132243,0.0613473722132243,0.0046354074444312,0.0,0.0151406173485448,0.0182899210503539,0.8278120669226094,-0.5898116221372975,3.815356124353061,4.475708903989015,4.503874942787734,-4.773314086540155,4.475708903989015,4.503874942787734,-4.773314086540155,4.475708903989015,4.503874942787734,-0.3389411,-0.3389411,0.2954822604038826,0.2973417568522444,-0.3151298858269181,0.0,0.0,0.0,0.0,0.0,0.0,0.0,0.0,819.8972,142.015,0.0,55007.68,4477.2,55007.68,4.912343832715722,4.912343832715722,4.912343832715722,4.912343832715722,9.824687665431444,4.912343832715722,59123.34,0.017012758623708,151.12,-591.2334,0.0043484824829158,-0.017012758623708,0.0,0.0,591.2334,0.6290302128102768,0.625096424771168,-0.5898116221372975,,0.0,45.81375932271611,15.155469429878387,0.9585778712143488,0.004410467509556,1.0173841046750955,2.8977034388203786,0.3308060646829251,0.9381014581878648,0.9381014581878648,0.9381014581878648,0.9585778712143488,0.0659827796576555,0.0575500593292194,0.0575500593292194,0.0575500593292194,0.0618985418121352,0.0405373007055113,-1.8977034388203808,0
117,214,8130,1682,52820.8,0.0,0.0,0.0,0.0,0.0,0.0,0.0,0.0,52820.8,32712.74,14300.09,0.0,0.0,0.0,0.0,3780.0,0.0,0.0,5807.97,5807.97,0.0,9713.58,5000.0,239.76,4473.82,43107.22,0.0,0.0,0.0,0.0,0.0,0.0,0.0,0.0,0.0,0.0,43107.22,0.0,0.0,0.0,0.0,6000.0,0.0,37107.22,0.0,0.0,0.0,0.0,0.0,0.0,SFJIN,0.0,0.0,0.0,0.0,0.0,0.1838968739587435,186697.04,0.0,0.0,0.0,5263.82,0.0,0.0,0.0,5263.82,0.0,0.0,0.0,0.0,0.0,5263.82,790.0,4473.82,181433.22,0.0,SFJIN,186697.04,,,0.0,181433.22,43107.22,0.0,0.0281944480748061,0.0281944480748061,0.0281944480748061,0.0281944480748061,0.0239629937357335,0.0846980734862024,0.0846980734862024,0.0996543028503922,0.4605737534462062,0.4605737534462062,5.437830336497975,52.6382,0.8947639999999999,0.0996543028503922,,0.0239629937357335,5263.82,5263.82,5263.82,5263.82,0.0281944480748061,0.0281944480748061,0.0281944480748061,0.0281944480748061,0.0996543028503922,0.0996543028503922,0.0996543028503922,0.0996543028503922,0.1037835425248949,0.1221099388919071,19.220209232847207,0.9718055519251938,47.80227416459913,0.0281944480748061,52.6382,,0.0,0.0,528.2080000000001,1.0,0.1221099388919071,,0.1221099388919071,0.0610549694459535,1.1398566060389603,,0.0,0.0,0.0,0.1838968739587435,0.0991988004725411,0.8161031260412565,0.8161031260412565,97.1358,4.437830336497975,0.6176919323256719,0.0,0.0,4.437830336497975,0.0,0.5419031912024197,0.0996543028503922,5.437830336497975,0.8499188802048702,44.7382,52.6382,52.6382,52.6382,52.6382,52.6382,52.6382,52.6382,52.6382,0.8773033333333333,0.8773033333333333,0.1221099388919071,0.1221099388919071,0.1221099388919071,3.971193395505016,3.534536394753582,1866.9704,1866.9704,63.77946516988164,27.88063892175259,7.369800828122395,91.66010409163422,0.9718055519251938,0.0,13.055654894479686,84.04540361218368,72.34730705960844,175.7055077038179,1.2253353382565613,1.2253353382565613,1.2253353382565613,0.4664661743438802,1.3600684525701263,0.1347331143135651,9713.580000000002,0.1838968739587435,0.2308939659675375,-0.052028569922694,0.8161031260412565,0.706147010268682,0.758869163912681,3.367732597044549,0.2066155132545733,0.8499188802048702,0.8499188802048702,0.8499188802048702,,32.14497320061915,0.0,0.2253353382565611,97.1358,50.0,97.1358,0.8161031260412565,0.0022533533825656,0.1838968739587435,0.1838968739587435,0.1838968739587435,0.2066155132545732,4.437830336497975,0.0,0.1135916154242268,0.1135916154242268,0.8161031260412565,0.706147010268682,0.1838968739587435,0
117,214,8010,1854,223332.57,0.0,0.0,0.0,0.0,0.0,0.0,0.0,0.0,223332.57,0.0,41327.53,0.0,0.0,0.0,0.0,0.0,0.0,0.0,0.0,0.0,0.0,212945.28,50000.0,0.0,0.0,10387.29,0.0,0.0,0.0,0.0,0.0,0.0,0.0,0.0,0.0,0.0,0.0,0.0,0.0,0.0,0.0,0.0,0.0,0.0,0.0,0.0,0.0,0.0,0.0,0.0,SFJMI,0.0,0.0,0.0,0.0,0.0,0.9534895873002311,198867.9,0.0,0.0,0.0,364899.64,0.0,0.0,0.0,364899.64,0.0,0.0,0.0,0.0,0.0,0.0,2955.0,0.0,166031.74,0.0,SFJMI,198867.9,,,0.0,166031.74,0.0,10387.29,0.0,0.0,1.8348845640749465,1.8348845640749465,0.0,0.0,0.0,1.6338845695457676,0.0,0.0,1.0487791511509437,3648.9964,0.0,0.0132313885072831,,0.0,0.0,0.0,0.0,364899.64,0.0,0.0,1.8348845640749465,0.0,0.0,0.0,1.6338845695457676,1.6338845695457676,0.0,3648.9964,0.8904563270820731,0.8348845640749462,0.9338920308541236,0.1651154359250538,29.55,,0.0,0.0,2337.1986,1.0465104126997689,29.55,,3648.9964,35.129436070428376,0.0,,0.0,0.0,0.0,0.9534895873002311,0.9534895873002311,0.0465104126997687,0.0465104126997688,2129.4528,0.0487791511509435,0.0,0.0,0.0,0.0,0.0,0.0,0.0,0.0,0.0,0.0,0.0,0.0,3648.9964,0.0,0.0,3648.9964,0.0,0.0,3648.9964,3648.9964,0.0,0.0,35.129436070428376,0.8904563270820731,0.8904563270820731,1988.679,1988.679,0.0,75.85210307948141,0.0,75.85210307948141,0.8348845640749462,0.0,4.811995781020545,0.0,0.0,75.85210307948141,inf,2233.3257,2233.3257,2233.3257,2233.3257,0.0,223332.57,1.0,0.0,-1.1230197030289957,0.0,0.0,0.0,0.0,5.403966072978473,0.0,0.0,0.0,,1988.679,0.0,20.500561744208547,2129.4528,500.0,2233.3257,0.0465104126997687,0.2050056174420854,0.9534895873002311,0.9534895873002311,0.9534895873002311,0.9534895873002311,0.0487791511509435,0.0465104126997687,0.0,0.0,0.0465104126997687,0.0465104126997687,0.9534895873002311,0
117,214,6209,3255,0.0,0.0,0.0,0.0,0.0,0.0,0.0,0.0,0.0,0.0,0.0,0.0,0.0,0.0,0.0,0.0,0.0,0.0,0.0,0.0,0.0,0.0,0.0,10000.0,0.0,0.0,0.0,0.0,0.0,0.0,0.0,0.0,0.0,0.0,0.0,0.0,0.0,0.0,0.0,0.0,0.0,0.0,0.0,0.0,0.0,0.0,0.0,0.0,0.0,0.0,0.0,SFJMI,0.0,0.0,0.0,0.0,0.0,,0.0,0.0,0.0,0.0,0.0,0.0,0.0,0.0,0.0,0.0,0.0,0.0,0.0,0.0,0.0,0.0,0.0,0.0,0.0,SFJMI,0.0,,,0.0,0.0,0.0,0.0,0.0,0.0,0.0,0.0,0.0,0.0,0.0,0.0,0.0,0.0,0.0,0.0,0.0,0.0,,0.0,0.0,0.0,0.0,0.0,0.0,0.0,0.0,0.0,0.0,0.0,0.0,0.0,0.0,0.0,0.0,0.0,0.0,0.0,0.0,,0.0,0.0,0.0,0.0,0.0,,0.0,0.0,0.0,,0.0,0.0,0.0,0.0,0.0,0.0,0.0,0.0,0.0,0.0,0.0,0.0,0.0,0.0,0.0,0.0,0.0,0.0,0.0,0.0,0.0,0.0,0.0,0.0,0.0,0.0,0.0,0.0,0.0,0.0,0.0,0.0,0.0,0.0,0.0,0.0,0.0,0.0,0.0,0.0,0.0,0.0,0.0,0.0,0.0,0.0,,0.0,0.0,0.0,0.0,0.0,0.0,0.0,0.0,0.0,0.0,0.0,0.0,0.0,0.0,0.0,0.0,0.0,,0.0,0.0,0.0,0.0,100.0,0.0,0.0,0.0,0.0,0.0,0.0,,0.0,0.0,0.0,0.0,0.0,0.0,0.0,1
117,224,6202,1964,314235.47,3630.96,0.0,0.0,0.0,0.0,3630.96,0.0,0.0,310604.51,0.0,178799.06,0.0,0.0,0.0,0.0,168898.13,0.0,0.0,127154.9,127154.9,4650.55,259169.46,100000.0,197295.94,3920.25,55066.01,0.0,0.0,0.0,0.0,0.0,0.0,0.0,0.0,0.0,0.0,55066.01,0.0,0.0,0.0,0.0,0.0,0.0,38765.27,0.0,0.0,0.0,0.0,0.0,0.0,SFJIN,0.0,0.0,0.0,0.0,0.0,0.82476195319389,1032594.19,0.0,0.0,0.0,3918.16,2.06,0.0,497.29,3422.93,705.33,0.0,705.33,144.01,144.01,3984.25,64.0,3920.25,1028676.03,0.0,SFJIN,1033301.58,,,0.0,1029317.33,55066.01,0.0,0.0038558442928152,0.0038584857813309,0.0037944819348634,0.0037944743649805,0.0037965059632961,0.0124755171655192,0.0110286111240083,0.0124688661022258,0.0151262035272211,0.0151262035272211,1.2124710604405318,34.229299999999995,0.0392025,0.0126791860893361,,0.0037965059632961,4128.26,4128.26,4128.26,3422.93,0.0039979500562558,0.0039952130916126,0.0033148840397794,0.0039979500562558,0.0131374729911935,0.0131374729911935,0.0108928823343844,0.0108928823343844,0.0711918295877983,0.0621604870227568,4.040855644061463,0.9968265752105384,7.821820487073547,0.0031734247894614,27.666481494340672,,1.4401,1.4401,86.54335767951174,1.0,0.072354071050363,,0.0621604870227568,0.0310802435113784,0.0,,0.0001394642749248,0.0001394642749248,0.0001394642749248,0.82476195319389,0.8122864360283707,0.1752380468061101,0.17523804680611,71.37766871571155,0.2124710604405318,0.0,0.0,0.0,0.2124710604405318,0.0,0.0153731462032602,0.0131374729911935,1.1701752851225913,1.145290730456071,28.222067911950564,28.666481494340672,28.666481494340672,23.768696618290395,28.666481494340672,28.666481494340672,23.768696618290395,28.666481494340672,28.666481494340672,34.229299999999995,34.229299999999995,0.074969295941362,0.074969295941362,0.0621604870227568,5.519515949732247,3.2860523033889204,10325.9419,10325.9419,0.0,63.028495095445,59.538316131722574,63.028495095445,0.9968265752105384,0.0001394642749248,5.775165652436875,19.41133102831036,13.66515366506178,82.43982612375535,5.640584999712163,5.640584999712163,5.640584999712163,5.556130905435132,7.949720889528768,2.3091358898166034,255538.5,0.8132070513872925,0.0533278324953581,-0.2474723395451218,0.1752380468061101,-0.2294104163352405,0.0,0.0,1.4291937552691831,0.9496131542102484,0.9496131542102484,1.145290730456071,,8.120758146166605,0.0116899783586529,4.706523316288941,71.37766871571155,27.540925815762225,71.37766871571155,0.1772865757808861,402.6118074722667,0.82476195319389,0.82476195319389,0.82476195319389,1.3853360613558106,0.2124710604405318,0.0,0.0,0.0,0.1752380468061101,-0.2294104163352405,0.8227134242191139,0
117,225,6630,1332,5031979.11,1050000.0,0.0,0.0,0.0,0.0,0.0,1050000.0,0.0,3981979.11,3412050.29,433316.17,0.0,0.0,0.0,0.0,353717.73,0.0,0.0,136612.65,136612.65,0.0,2795687.75,100000.0,0.0,3174589.27,2236291.36,4987.77,0.0,0.0,0.0,0.0,0.0,4987.77,0.0,0.0,0.0,869723.99,130192.16,0.0,0.0,0.0,0.0,0.0,40359.83,0.0,1361579.6,0.0,1361579.6,0.0,1361579.6,SFJIN,0.0,0.0,0.0,0.0,0.0,0.5555841327807102,11338596.36,0.0,0.0,0.0,4130166.29,2.92,0.0,271128.91,3859040.3,4178.88,0.0,4178.88,34.91,34.91,3863184.27,688595.0,3174589.27,7208430.07,0.0,SFJIN,11342778.16,,,0.0,7479593.890000001,2236291.3600000003,-4.656612873077393e-10,0.3405853676679858,0.3407109793261924,0.3642572818422473,0.3642571880360164,0.2799807991401151,0.6308828396547139,0.6302157828910382,0.8207836717350759,1.1355307008087725,1.1355307008087725,1.7999074145530023,38590.403,31.7458927,0.7677266112497831,,0.2799807991401151,3863219.18,3863219.18,3863219.18,3859040.3,0.3407140581905325,0.3405884453972253,0.3403455046352845,0.3407140581905325,0.7677335488779483,0.7677335488779483,0.7669030843810477,0.7669030843810477,1.4195776663019437,1.7256428965499375,6.495203028147504,0.6596578317565227,4.26411287142661,0.3403421682434773,110661.25093096535,,0.3490999999999999,0.3490999999999999,4.792361057142856,0.9999999999999998,1.7274959511536991,,1.7256428965499375,0.8628214482749688,0.0,,3.078864340136013e-06,3.078864340136013e-06,3.078864340136013e-06,0.5555841327807102,-0.0752987068740037,0.4444158672192897,0.4444158672192898,2.662559761904762,0.7999074145530022,0.0,0.0,0.0,0.7999074145530023,-0.0,1.381836819938135,0.7677335488779483,1.7998911496803884,0.8226369830861834,90937.38699513036,110662.25093096535,110662.25093096535,110542.54654826698,110662.25093096535,110662.25093096535,110542.54654826698,110662.25093096535,110662.25093096535,38590.403,38590.403,1.7275115618208177,1.7275115618208177,1.725642896549938,2.316189493196797,2.253307518202316,113385.9636,113385.9636,109.53616004371108,13.910635926367874,11.355307979232096,123.44679597007897,0.6596578317565227,3.078864340136013e-06,26.167028015594248,71.79107794256116,5.475186027347039,195.2378739126401,1.7806173118694155,1.7806173118694155,1.1067598461063204,0.2548544568897318,1.8417062435012936,0.0610889316318782,1745687.7499999995,0.3469187196208371,0.1972282361059372,-0.1539597754937631,0.4444158672192898,0.4172669766906087,1.5257628549796836,1.9545593362845108,0.453971752278715,0.8217471290355314,0.8217471290355314,0.8226369830861834,,82.99814372973513,0.2636879729888889,1.2501446815051864,2.662559761904762,0.0952380952380952,2.6625597619047614,0.5616029864104435,4.741000005934529,0.5555841327807102,0.5555841327807102,0.5555841327807102,0.5710885533991259,0.7999074145530022,-9.25403856272645e-17,0.0,0.0,0.4444158672192897,0.4172669766906087,0.4383970135895565,1
117,215,1629,9163,697312.0,612810.0,0.0,0.0,0.0,0.0,0.0,0.0,0.0,84502.0,0.0,18367.0,0.0,0.0,0.0,0.0,0.0,0.0,0.0,0.0,0.0,0.0,250123.0,4117.92,0.0,0.0,447189.0,0.0,0.0,0.0,0.0,0.0,0.0,0.0,0.0,0.0,0.0,0.0,0.0,0.0,0.0,0.0,0.0,0.0,0.0,0.0,0.0,0.0,0.0,0.0,0.0,SFJMI,0.0,0.0,0.0,0.0,0.0,0.3586959639300628,49219.5,0.0,0.0,0.0,88960.2,325040.65,0.0,62573.88,351426.97000000003,0.0,0.0,0.0,0.0,0.0,0.0,24803.0,0.0,39740.7,0.0,SFJMI,374260.15,,,0.0,102314.58,0.0,447189.0,0.0,0.0,1.807417791728888,0.2376961586746545,0.0,0.0,0.0,0.1275758914230645,0.0,0.0,2.7878763648285045,3514.2697000000003,0.0,0.0355694438070763,,0.0,0.0,0.0,0.0,351426.97000000003,0.0,0.0,7.139994717540812,0.0,0.0,0.0,0.50397378791703,0.50397378791703,0.0,3514.2697000000003,0.5824655037750586,2.078740742998202,0.1967811836576404,-1.0787407429982017,248.03,,0.0,0.0,1.8676278128620616,1.6413040360699371,248.03,,3514.2697000000003,0.7858578140338873,0.0,,0.0,0.0,0.0,0.3586959639300628,0.3586959639300628,0.6413040360699371,0.6413040360699371,0.4081575039571808,1.7878763648285043,0.0,0.0,0.0,0.0,0.0,0.0,0.0,0.0,0.0,0.0,0.0,0.0,3514.2697000000003,0.0,0.0,3514.2697000000003,0.0,0.0,3514.2697000000003,3514.2697000000003,0.0,0.0,0.7858578140338873,0.070584616355376,0.070584616355376,492.195,492.195,0.0,136.20526417375228,0.0,136.20526417375228,2.078740742998202,0.0,2.6797789513801926,0.0,0.0,136.20526417375228,inf,845.02,845.02,845.02,845.02,0.0,84502.0,0.1211824835941443,0.0,-1.7168398703765784,0.0,0.0,0.0,0.0,4.600751347525454,0.0,0.0,0.0,,492.195,7.252017703722989,0.5593227919291396,0.4081575039571808,0.0067197336858079,1.1378926584096212,5.292052259118128,0.0771265066882005,0.3586959639300628,0.3586959639300628,0.3586959639300628,0.3586959639300628,1.7878763648285043,0.6413040360699371,0.0,0.0,0.6413040360699371,0.6413040360699371,-4.292052259118128,0
117,216,4120,1650,1479450.45,222976.35,0.0,0.0,0.0,0.0,0.0,0.0,0.0,1256474.1,770189.17,329507.57,0.0,0.0,0.0,0.0,0.0,0.0,0.0,0.0,0.0,0.0,331885.83,50000.0,0.0,0.0,1147564.62,0.0,0.0,0.0,0.0,0.0,0.0,0.0,0.0,685842.41,0.0,0.0,0.0,0.0,0.0,0.0,0.0,0.0,0.0,0.0,0.0,0.0,0.0,0.0,0.0,SFJMI,0.0,0.0,0.0,0.0,685842.41,0.2243304802807015,2068839.95,0.0,0.0,0.0,4027472.4,99118.57,0.0,10492.2,4116098.77,0.0,0.0,0.0,0.0,0.0,0.0,19589.0,0.0,1958632.45,70060.17,SFJMI,2167958.52,,,70060.17,1969124.65,0.0,1147564.62,0.0,0.0,1.946729808654362,1.857725764974507,0.0,0.0,0.0,2.722275964024344,0.0,0.0,4.45770899589175,41160.9877,0.0,0.0605962639708548,,0.0,0.0,70060.17,70060.17,4186158.94,0.0338644707629509,0.0323161948688944,2.0234329581657584,0.0,0.0473555366453807,0.0473555366453807,2.829536426853633,2.7821808902082523,0.0,41160.9877,1.6465440473464592,0.9518013464502172,6.233589273757183,0.0481986535497828,896.4917,,0.0,0.0,11.7815861188866,1.7756695197192989,896.4917,,41160.9877,3.586812191892077,7.650292914033672,,0.0,0.0,0.0,0.2243304802807015,0.2243304802807015,0.7756695197192985,0.7756695197192984,1.4884351187917464,3.45770899589175,2.066501031393838,2.066501031393838,0.0,0.0,0.0,0.0,0.0,0.0,0.0,0.0,700.6016999999999,700.6016999999999,41861.5894,700.6016999999999,700.6016999999999,41861.5894,700.6016999999999,700.6016999999999,6.103674661938738,6.103674661938738,0.0610511763598985,0.0610511763598985,3.647863368251976,1.3983840756545785,1.3983840756545785,20688.3995,20688.3995,135.88245289346816,58.134155351166726,0.0,194.01660824463488,0.9518013464502172,0.0,6.278580944286045,0.0,0.0,194.01660824463488,inf,12564.741000000002,12564.741000000002,4862.849300000001,12564.741000000002,0.0,1256474.1,0.8492843406820418,0.0,-0.6073326745261276,0.0,0.0,7701.8917,0.6129765587687004,1.1425641763746617,0.0,0.0,0.0,,20688.3995,0.1774619548465026,0.2892088377559078,1.4884351187917464,0.2242390280404177,6.635010618839173,0.913321349003533,1.629694871816676,0.2243304802807015,0.2243304802807015,0.2243304802807015,0.2243304802807015,3.45770899589175,0.7756695197192985,0.4635791688731447,0.4635791688731447,0.7756695197192985,0.7756695197192985,0.086678650996467,0
117,214,1082,1577,1765092.66,8300.0,0.0,0.0,0.0,0.0,0.0,0.0,0.0,1756792.66,574.42,1316001.52,0.0,0.0,0.0,0.0,0.0,0.0,0.0,0.0,0.0,0.0,814953.88,5000.0,0.0,0.0,950138.78,0.0,0.0,0.0,0.0,0.0,0.0,0.0,0.0,0.0,0.0,0.0,0.0,0.0,0.0,0.0,0.0,0.0,0.0,0.0,0.0,0.0,0.0,0.0,0.0,SFJMI,0.0,0.0,0.0,0.0,0.0,0.4617060047147893,1220575.22,0.0,0.0,0.0,2015016.17,1580.0,0.0,6636.66,2009959.51,0.0,0.0,0.0,0.0,0.0,0.0,38494.0,0.0,794440.95,7400.0,SFJMI,1222155.22,,,7400.0,801077.61,0.0,950138.78,0.0,0.0,1.6508742246954675,1.6487399775619336,0.0,0.0,0.0,1.1415922889849874,0.0,0.0,2.165880429945312,20099.5951,0.0,0.0260009012784631,,0.0,0.0,7400.0,7400.0,2017359.51,0.0060627152499458,0.0060548773829235,1.652794089986523,0.0,0.0041924144650853,0.0041924144650853,1.142919890675881,1.1387274762107955,0.0,20099.5951,0.6947747721122651,0.6563115462888064,1.4977230613344648,0.3436884537111936,458.94,,0.0,0.0,327.1363180722892,1.538293995285211,458.94,,20099.5951,2.115437820567644,0.0,,0.0,0.0,0.0,0.4617060047147893,0.4617060047147893,0.5382939952852107,0.5382939952852107,98.18721445783132,1.1658804299453118,0.0,0.0,0.0,0.0,0.0,0.0,0.0,0.0,0.0,0.0,74.0,74.0,20173.5951,74.0,74.0,20173.5951,74.0,74.0,20173.5951,20173.5951,0.0077883359313046,0.0077883359313046,2.1232261564989483,0.691507730817939,0.691507730817939,12205.7522,12205.7522,0.1717741738194554,393.5362171288387,0.0,393.7079913026582,0.6563115462888064,0.0,0.927487697734574,0.0,0.0,393.7079913026582,inf,17567.9266,17567.9266,17562.1824,17567.9266,0.0,1756792.66,0.9952976972891612,0.0,-1.4393153582128269,0.0,0.0,5.744199999999999,0.0003269708560826,1.3343648525127991,0.0,0.0,0.0,,12205.7522,0.0047245188285338,0.8577208899946174,98.18721445783132,0.6024096385542169,212.6617662650603,0.5408371754012224,181.54671853870016,0.4617060047147893,0.4617060047147893,0.4617060047147893,0.4617060047147893,1.1658804299453118,0.5382939952852107,0.0,0.0,0.5382939952852107,0.5382939952852107,0.4591628245987776,0
117,214,7010,1436,5000.0,0.0,0.0,0.0,0.0,0.0,0.0,0.0,0.0,5000.0,0.0,0.0,0.0,0.0,0.0,0.0,0.0,0.0,0.0,5000.0,5000.0,0.0,5000.0,5000.0,0.0,0.0,0.0,0.0,0.0,0.0,0.0,0.0,0.0,0.0,0.0,0.0,0.0,0.0,0.0,0.0,0.0,0.0,0.0,0.0,0.0,0.0,0.0,0.0,0.0,0.0,0.0,SFJIN,0.0,0.0,0.0,0.0,0.0,1.0,0.0,0.0,0.0,0.0,0.0,0.0,0.0,0.0,0.0,0.0,0.0,0.0,0.0,0.0,0.0,0.0,0.0,0.0,0.0,SFJIN,0.0,,,0.0,0.0,0.0,0.0,0.0,0.0,0.0,0.0,0.0,0.0,0.0,0.0,0.0,0.0,1.0,0.0,0.0,0.0,,0.0,0.0,0.0,0.0,0.0,0.0,0.0,0.0,0.0,0.0,0.0,0.0,0.0,0.0,0.0,0.0,0.0,0.0,0.0,0.0,,0.0,0.0,50.0,1.0,0.0,,0.0,0.0,0.0,,0.0,0.0,0.0,1.0,1.0,0.0,0.0,50.0,0.0,0.0,0.0,0.0,0.0,0.0,0.0,0.0,0.0,0.0,0.0,0.0,0.0,0.0,0.0,0.0,0.0,0.0,0.0,0.0,0.0,0.0,0.0,0.0,0.0,0.0,0.0,0.0,0.0,0.0,0.0,0.0,0.0,0.0,0.0,0.0,0.0,0.0,inf,50.0,50.0,50.0,100.0,50.0,5000.0,1.0,0.0,-50.0,0.0,-1.0,0.0,0.0,50.0,0.0,0.0,0.0,,0.0,0.0,50.0,50.0,50.0,50.0,0.0,0.5,1.0,1.0,1.0,inf,0.0,0.0,0.0,0.0,0.0,-1.0,1.0,1
117,214,4110,11251,198412.26,0.0,0.0,0.0,0.0,0.0,0.0,0.0,0.0,198412.26,110000.0,45556.0,0.0,0.0,0.0,0.0,0.0,0.0,0.0,42856.26,42856.26,0.0,192750.37,50000.0,157815.77,-77246.61,5661.89,0.0,0.0,0.0,0.0,0.0,0.0,0.0,0.0,0.0,0.0,5661.89,0.0,0.0,0.0,0.0,0.0,0.0,0.0,0.0,0.0,0.0,0.0,0.0,0.0,SFJMA,30000.0,0.0,3351.0,0.0,0.0,0.9714640113468794,1194388.02,1200182.05,9514.63,66937.91,-82246.57,0.17,0.0,0.21,-82246.61000000002,5000.0,0.0,0.0,0.0,0.0,-77246.61,0.0,-77246.61,0.0,0.0,SFJMA,1199388.19,,,0.0,1276634.7999999998,5661.89,0.0,-0.0644050113583326,-0.0646746356347412,-0.0688608464106999,-0.0688608366095783,-0.0646746356347412,-0.3893237746498124,-0.3893237746498124,-0.4145236287314101,-0.4007598532755086,-0.4007598532755086,1.0293742107991803,-822.4661000000001,-1.5449322,-0.3893237746498124,,-0.0646746356347412,-77246.61,-77246.61,-77246.61,-82246.61000000002,-0.0646746356347412,-0.0644050113583326,-0.068860879900654,-0.0646746356347412,-0.3893237746498124,-0.3893237746498124,-0.4145238303318556,-0.4145238303318556,-13.643255167444083,-14.526352507731518,6.196553708301572,1.0688610222329589,7.968211826335271,-0.0688610222329589,-772.4661,,0.0,0.0,1984.1226,1.0,-13.643255167444083,,-14.526352507731518,-7.263176253865759,-0.0,,0.0,0.0,0.0,0.9714640113468794,1.3607877859966917,0.0285359886531205,0.0285359886531205,1927.5037,0.0293742107991803,0.0,0.0,0.0,0.0293742107991803,0.0,-0.4007598532755086,-0.3893237746498124,1.0293742107991803,0.939207220820408,-772.4661,-772.4661,-772.4661,-822.4661000000001,-772.4661,-772.4661,-822.4661000000001,-772.4661,-772.4661,-822.4661000000001,-822.4661000000001,-13.643255167444083,-13.643255167444083,-14.526352507731518,7.678186762323536,6.019728921993026,11943.8802,11943.8802,33.615541455280166,13.921723695788575,9.167874942349137,47.53726515106874,1.0688610222329589,0.0,26.21801782421635,1.730249981911239,1.0240516310603986,49.26751513297997,35.04346781728363,35.04346781728363,35.04346781728363,15.615326330960157,42.61271766141695,7.56924984413332,192750.37,0.9714640113468794,0.0047404109093458,-0.1613800262330159,0.0285359886531205,-0.1874600390117022,19.42814148632347,0.5706863234555659,1.239105981125768,1.0,1.0,0.939207220820408,,27.86962791433504,0.0,34.04346781728363,1927.5037,500.0,1927.5037,0.0285359886531205,0.3404346781728363,0.9714640113468794,0.9714640113468794,0.9714640113468794,1.239105981125768,0.0293742107991803,0.0,0.0,0.0,0.0285359886531205,-0.1874600390117022,0.9714640113468794,0
117,215,111,10085,9504021.49,7143542.49,0.0,0.0,7136028.49,6947022.48,0.0,7514.0,0.0,2360479.0,572679.7,1728290.94,0.0,0.0,0.0,0.0,1649733.55,0.0,0.0,59508.36,59508.36,0.0,4637488.79,550000.0,9831.23,105959.76,4866532.7,0.0,0.0,0.0,0.0,0.0,0.0,0.0,2843448.51,2739438.51,0.0,2023084.19,0.0,0.0,0.0,0.0,750924.28,0.0,1227083.48,0.0,0.0,0.0,0.0,0.0,0.0,SFJIN,0.0,0.0,0.0,0.0,0.0,0.4879501582440129,0.0,0.0,0.0,0.0,0.0,0.0,0.0,0.0,0.0,0.0,0.0,0.0,0.0,0.0,0.0,0.0,0.0,0.0,0.0,SFJIN,0.0,,,0.0,0.0,2023084.19,2843448.51,0.0,0.0,0.0,0.0,0.0,0.0,0.0,0.0,0.0,0.0,2.0493896417591126,0.0,0.0,0.0,,0.0,0.0,0.0,0.0,0.0,0.0,0.0,0.0,0.0,0.0,0.0,0.0,0.0,0.0,0.0,0.0,0.0,0.0,0.0,0.0,,0.0,0.0,1.728479954768212,1.2991837205957328,0.0,,0.0,0.0,32.94045579189685,,0.0,0.0,0.0,0.4879501582440129,0.4768012188070084,0.512049841755987,0.512049841755987,0.6491861420985262,1.0493896417591124,0.7526406958710945,0.5907159314125263,0.6131440179718471,0.4362456237872652,2.5096387238606965,0.0,0.0,0.0,0.0,0.0,0.0,0.0,0.0,0.0,0.0,0.0,0.0,0.0,0.0,0.0,0.0,0.0,0.0,0.0,0.0,0.0,0.0,2084554.108,6290979.021600001,6005030.122,8375533.129600001,0.0,0.0,0.0,7364026.4516,4466583.8672,15739559.5812,1.1667725009506402,1.1667725009506402,1.1667725009506402,0.88369990178214,1.1961871739999117,0.0294146730492713,337394.81000000006,0.0355002153935575,20230.8419,-3373.9481000000005,0.2128661211602542,0.2066047338030587,0.2830725991685002,1.6973577631499426,0.1466315146028982,0.0,0.0,0.0,,0.0,3.026310545444378,0.9529348872966578,0.6491861420985262,0.0769926126666043,1.0472307416764592,2.0616716776552555,0.3148833779570795,0.4879501582440129,0.4879501582440129,0.4879501582440129,0.4910246538034089,1.0493896417591124,0.2991837205957328,0.3672511466511846,0.3672511466511846,0.512049841755987,0.5057884543987915,-1.0616716776552555,0
117,214,6201,1323,1185.48,0.0,0.0,0.0,0.0,0.0,0.0,0.0,0.0,1185.48,0.0,759.14,0.0,0.0,0.0,0.0,0.0,0.0,0.0,0.0,0.0,0.0,1098.27,10000.0,0.0,0.0,87.21,0.0,0.0,0.0,0.0,0.0,0.0,0.0,0.0,0.0,0.0,0.0,0.0,0.0,0.0,0.0,0.0,0.0,0.0,0.0,0.0,0.0,0.0,0.0,0.0,SFJMI,0.0,0.0,0.0,0.0,0.0,0.9264348618281202,0.0,0.0,0.0,0.0,873.31,0.0,0.0,0.0,873.31,0.0,0.0,0.0,0.0,0.0,0.0,0.0,0.0,873.31,0.0,SFJMI,0.0,,,0.0,873.31,0.0,87.21,0.0,0.0,8.7331,8.7331,0.0,0.0,0.0,0.7366720653237506,0.0,0.0,1.079406703269688,8.7331,0.0,0.0,,0.0,0.0,0.0,0.0,873.31,0.0,0.0,8.7331,0.0,0.0,0.0,0.7366720653237506,0.7366720653237506,0.0,8.7331,0.0,8.7331,0.0,-8.7331,0.0,,0.0,0.0,12.7269,1.0735651381718798,0.0,,8.7331,10.013874555670222,0.0,,0.0,0.0,0.0,0.9264348618281202,0.9264348618281202,0.0735651381718797,0.0735651381718797,10.9827,0.0794067032696877,0.0,0.0,0.0,0.0,0.0,0.0,0.0,0.0,0.0,0.0,0.0,0.0,8.7331,0.0,0.0,8.7331,0.0,0.0,8.7331,8.7331,0.0,0.0,10.013874555670222,0.0,0.0,0.0,0.0,0.0,2770.861,0.0,2770.861,8.7331,0.0,0.0,0.0,0.0,2770.861,inf,11.8548,11.8548,11.8548,11.8548,0.0,1185.48,1.0,0.0,-11.8548,0.0,0.0,0.0,0.0,1.5616091893458388,0.0,0.0,0.0,,0.0,0.0,12.593395252837976,10.9827,100.0,11.8548,0.0735651381718797,0.1259339525283797,0.9264348618281202,0.9264348618281202,0.9264348618281202,0.9264348618281202,0.0794067032696877,0.0735651381718797,0.0,0.0,0.0735651381718797,0.0735651381718797,0.9264348618281202,0
117,214,8622,7784,419241.2,49129.6,0.0,0.0,0.0,0.0,0.0,0.0,0.0,370111.6,0.0,170470.67,0.0,0.0,0.0,0.0,0.0,0.0,0.0,0.0,0.0,0.0,291185.48,143500.0,0.0,0.0,128055.72,0.0,0.0,0.0,0.0,0.0,0.0,0.0,0.0,78000.0,0.0,0.0,0.0,0.0,0.0,0.0,0.0,0.0,0.0,0.0,0.0,0.0,0.0,0.0,0.0,SFJMI,0.0,0.0,0.0,0.0,78000.0,0.6945535887217191,1051363.47,0.0,0.0,0.0,2019639.38,73433.8,0.0,7900.05,2085173.13,0.0,0.0,0.0,0.0,0.0,0.0,15515.0,0.0,968275.91,16322.17,SFJMI,1124797.27,,,16322.17,976175.96,0.0,128055.72,0.0,0.0,1.920971612224648,1.7955585720793934,0.0,0.0,0.0,4.817368569692101,0.0,0.0,1.4397737139915083,20851.7313,0.0,0.0759399839519589,,0.0,0.0,16322.17,16322.17,2101495.3,0.0155247642378139,0.0145112105401891,1.9988285307268665,0.0,0.0389326478409087,0.0389326478409087,5.012616364994662,4.973683717153753,0.0,20851.7313,2.840666085580674,0.9284857119869308,3.6106315122580974,0.0715142880130692,318.3717,,0.0,0.0,11.139861102064742,1.3054464112782806,318.3717,,20851.7313,16.283326742452424,2.449966501419567,,0.0,0.0,0.0,0.6945535887217191,0.6945535887217191,0.3054464112782808,0.3054464112782809,5.926884810786166,0.4397737139915081,0.2678704995867239,0.2678704995867239,0.0,0.0,0.0,0.0,0.0,0.0,0.0,0.0,163.2217,163.2217,21014.953,163.2217,163.2217,21014.953,163.2217,163.2217,26.942247435897432,26.942247435897432,0.127461467554905,0.127461467554905,16.41078821000733,2.507777074390589,2.507777074390589,10513.6347,10513.6347,0.0,59.18200158694881,0.0,59.18200158694881,0.9284857119869308,0.0,6.167415602930404,0.0,0.0,59.18200158694881,inf,3701.116,3701.116,3701.116,3701.116,0.0,370111.6,0.8828130441378376,0.0,-0.3520301119079208,0.0,0.0,0.0,0.0,2.171116004882247,0.0,0.0,0.0,,10513.6347,0.1327426646449341,2.273896706839804,5.926884810786166,2.920846088712304,8.533372956425454,0.3459921818175923,17.130111957011877,0.6945535887217191,0.6945535887217191,0.6945535887217191,0.6945535887217191,0.4397737139915081,0.3054464112782808,0.1860504168006388,0.1860504168006388,0.3054464112782808,0.3054464112782808,0.6540078181824076,0
117,216,3312,4619,2940043.32,929422.84,0.0,0.0,736946.74,736946.74,131241.4,0.0,61234.7,2010620.48,0.0,1244463.81,623796.81,0.0,0.0,0.0,0.0,0.0,0.0,690913.26,690913.26,75243.41,1643165.9,500000.0,1031493.15,111672.75,1296877.42,168380.39,1201.0,167179.39,11914.69,155264.7,0.0,0.0,0.0,0.0,0.0,1090180.34,174628.56,0.0,0.0,0.0,0.0,0.0,158517.48,0.0,38316.69,0.0,38316.69,0.0,38316.69,SFJIN,0.0,0.0,0.0,0.0,0.0,0.5588917308878293,8843410.09,0.0,0.0,0.0,212324.85,52111.08,0.0,20490.68,243945.25,0.0,0.0,0.0,81975.34,19514.11,161969.91,50297.16,111672.75,8631085.24,352441.52,SFJIN,8895521.17,,,352441.52,8733551.26,1284962.73,11914.689999999944,0.0182080292885189,0.0183153227489872,0.0240093864062793,0.0238687364059187,0.0126277927703791,0.0379833688981154,0.0433596261091826,0.0722182726205544,0.067961944682518,0.067961944682518,1.78925531499893,0.3310215470930776,0.2233455,0.1749672960601138,,0.0126277927703791,243945.25,596386.77,596386.77,596386.77,0.0674385518629725,0.0670434883580857,0.0674385518629725,0.0275849754243388,0.202849653929589,0.202849653929589,0.202849653929589,0.0829733522429866,0.0869073844655401,0.1898461677561652,12.186750696178745,0.9875773226750814,9.286831790773508,0.0124226773249186,6.275197272740803,,195.1411,195.1411,3.176119504444285,1.0040525559330873,0.400331790167953,,0.1898461677561652,0.0944850323130965,0.0,,0.0092696526753516,0.0022066272853349,0.0022066272853349,0.5588917308878293,0.5209083619897138,0.4411082691121707,0.4411082691121707,1.7679422425211757,0.7892553149989298,0.0,0.0,0.0,0.7820042577563228,61.85194411268808,0.0985718544913815,0.0617283489550759,1.5968652355033697,0.4577779235299724,6.72266682928404,30.56182270162462,30.56182270162462,30.56182270162462,7.275197272740803,7.275197272740803,7.275197272740803,30.56182270162462,30.56182270162462,5963.8677,5963.8677,0.4598636392327658,0.4598636392327658,0.4598636392327658,3.931924723819663,3.007918294890975,12.00006677551759,88434.1009,0.0,51.22286790162866,25.6758463679931,51.22286790162866,0.9875773226750814,0.0092696526753516,7.106201095554559,52.889827448904384,13.712488432163164,104.11269535053304,1.5647305817188957,1.5647305817188957,1.5194224663450144,1.506173700462114,2.102421865574265,0.5376912838553691,725657.75,0.2468187271471905,0.1453017237607263,-0.0820563269841532,0.4370557131790833,0.202054665643498,0.0,0.0,0.5831087607119728,0.1872488720700494,0.1872488720700494,0.1872488720700494,,12.79959526323174,0.4622567258441533,1.267017124872141,1.7679422425211757,0.5379682728692142,1.78076169292332,0.6450135333347444,2.7409382147082204,0.5588917308878293,0.5588917308878293,0.5588917308878293,0.7305784263983383,0.7892553149989298,0.0040525559330873,0.0,0.0,0.4411082691121707,0.2061072215765854,0.3549864666652554,0
117,214,6820,5871,1398657.76,857443.15,0.0,0.0,0.0,0.0,0.0,857443.15,0.0,541214.61,141188.28,252350.88,0.0,0.0,0.0,0.0,249777.21,0.0,0.0,146572.2,146572.2,1092.25,498017.39,50000.0,505.65,142155.87,900640.37,0.0,0.0,0.0,0.0,0.0,0.0,0.0,826498.22,0.0,0.0,74231.15,0.0,0.0,0.0,0.0,0.0,0.0,0.0,0.0,0.0,0.0,0.0,0.0,0.0,SFJIN,0.0,0.0,0.0,0.0,0.0,0.3560680848758884,679082.64,0.0,0.0,0.0,176701.53,48619.25,0.0,82800.27,142520.51,0.0,0.0,0.0,364.64,364.64,142155.87,0.0,142155.87,502381.11,0.0,SFJIN,727701.89,,,0.0,585546.02,74231.15,826409.22,0.1953490460221286,0.2093351554385192,0.2602062246798121,0.2428213151954298,0.2093351554385192,0.1016373512273653,0.1018485239734415,0.1263365027910759,0.2854435866185315,0.2854435866185315,2.808451648646245,1425.2051,2.8431174,0.1016373512273653,,0.2093351554385192,142520.51,142520.51,142520.51,142520.51,0.2098721151228369,0.1958501303329032,0.2098721151228369,0.2098721151228369,0.1018980583212865,0.1018980583212865,0.1018980583212865,0.1018980583212865,1.915043347705108,1.9199555712123555,1.454189919274657,0.8622603281391497,1.932257601818366,0.1377396718608504,389.8526491882404,,3.6464,3.6464,2.59500233922214,1.590858781636474,1.915043347705108,,1.9199555712123555,0.1461941466912481,0.0,,0.0005369596843176,0.0005369596843176,0.0005369596843176,0.3560680848758884,0.2544307336485231,0.6439319151241115,0.6439319151241115,0.5808168040061898,1.808451648646245,0.0,0.0,1.6595770280230575,0.1490533292421776,0.0,0.2854435866185315,0.1018980583212865,2.801266199975297,0.9974414910527614,390.8526491882405,390.8526491882405,390.8526491882405,390.8526491882405,390.8526491882405,390.8526491882405,390.8526491882405,390.8526491882405,390.8526491882405,1425.2051,1425.2051,0.1582435284352177,0.1582435284352177,0.1582435284352177,0.5423612105230252,0.4855245217386131,6790.8264,6790.8264,75.67935166182424,135.26442130813416,133.88488982725283,210.9437729699584,0.8622603281391497,0.0005369596843176,2.69102544837569,39.78917587997832,0.0,250.7329488499367,7.290936621620439,7.290936621620439,7.290936621620439,5.374213925016654,9.265474265183824,1.974537643563383,466983.46,0.3338797190815285,0.1093109227471931,-0.6876680870534402,0.0530731334876374,-0.051721766445567,1.9020085233759685,0.3023410722084247,1.186625137889708,0.9974414910527614,0.9974414910527614,0.9974414910527614,,4.633093042200362,1.584294167520718,0.5529592127876747,0.5808168040061898,0.0583129038933951,1.5446232324557023,1.6641094925356874,0.349025593935631,0.3560680848758884,0.3560680848758884,0.3560680848758884,0.3977502863302728,1.808451648646245,0.5908587816364741,0.0,0.0,0.6439319151241115,0.539137015190907,-0.6641094925356875,0
117,215,3511,2137,20000.0,0.0,0.0,0.0,0.0,0.0,0.0,0.0,0.0,20000.0,0.0,0.0,0.0,0.0,0.0,0.0,0.0,0.0,0.0,20000.0,20000.0,0.0,20000.0,20000.0,0.0,0.0,0.0,0.0,0.0,0.0,0.0,0.0,0.0,0.0,0.0,0.0,0.0,0.0,0.0,0.0,0.0,0.0,0.0,0.0,0.0,0.0,0.0,0.0,0.0,0.0,0.0,SFJIN,0.0,0.0,0.0,0.0,0.0,1.0,0.0,0.0,0.0,0.0,0.0,0.0,0.0,0.0,0.0,0.0,0.0,0.0,0.0,0.0,0.0,0.0,0.0,0.0,0.0,SFJIN,0.0,,,0.0,0.0,0.0,0.0,0.0,0.0,0.0,0.0,0.0,0.0,0.0,0.0,0.0,0.0,1.0,0.0,0.0,0.0,,0.0,0.0,0.0,0.0,0.0,0.0,0.0,0.0,0.0,0.0,0.0,0.0,0.0,0.0,0.0,0.0,0.0,0.0,0.0,0.0,,0.0,0.0,200.0,1.0,0.0,,0.0,0.0,0.0,,0.0,0.0,0.0,1.0,1.0,0.0,0.0,200.0,0.0,0.0,0.0,0.0,0.0,0.0,0.0,0.0,0.0,0.0,0.0,0.0,0.0,0.0,0.0,0.0,0.0,0.0,0.0,0.0,0.0,0.0,0.0,0.0,0.0,0.0,0.0,0.0,0.0,0.0,0.0,0.0,0.0,0.0,0.0,0.0,0.0,0.0,inf,200.0,200.0,200.0,400.0,200.0,20000.0,1.0,0.0,-200.0,0.0,-1.0,0.0,0.0,200.0,0.0,0.0,0.0,,0.0,0.0,200.0,200.0,200.0,200.0,0.0,2.0,1.0,1.0,1.0,inf,0.0,0.0,0.0,0.0,0.0,-1.0,1.0,0
117,214,6110,1981,50000.0,0.0,0.0,0.0,0.0,0.0,0.0,0.0,0.0,50000.0,0.0,0.0,0.0,0.0,0.0,0.0,0.0,0.0,0.0,0.0,0.0,0.0,50000.0,50000.0,0.0,0.0,0.0,0.0,0.0,0.0,0.0,0.0,0.0,0.0,0.0,0.0,0.0,0.0,0.0,0.0,0.0,0.0,0.0,0.0,0.0,0.0,0.0,0.0,0.0,0.0,0.0,SFJIN,0.0,0.0,0.0,0.0,0.0,1.0,0.0,0.0,0.0,0.0,0.0,0.0,0.0,0.0,0.0,0.0,0.0,0.0,0.0,0.0,0.0,0.0,0.0,0.0,0.0,SFJIN,0.0,,,0.0,0.0,0.0,0.0,0.0,0.0,0.0,0.0,0.0,0.0,0.0,0.0,0.0,0.0,1.0,0.0,0.0,0.0,,0.0,0.0,0.0,0.0,0.0,0.0,0.0,0.0,0.0,0.0,0.0,0.0,0.0,0.0,0.0,0.0,0.0,0.0,0.0,0.0,,0.0,0.0,500.0,1.0,0.0,,0.0,0.0,0.0,,0.0,0.0,0.0,1.0,1.0,0.0,0.0,500.0,0.0,0.0,0.0,0.0,0.0,0.0,0.0,0.0,0.0,0.0,0.0,0.0,0.0,0.0,0.0,0.0,0.0,0.0,0.0,0.0,0.0,0.0,0.0,0.0,0.0,0.0,0.0,0.0,0.0,0.0,0.0,0.0,0.0,0.0,0.0,0.0,0.0,0.0,inf,500.0,500.0,500.0,500.0,0.0,50000.0,1.0,0.0,-500.0,0.0,0.0,0.0,0.0,500.0,0.0,0.0,0.0,,0.0,0.0,500.0,500.0,500.0,500.0,0.0,5.0,1.0,1.0,1.0,1.0,0.0,0.0,0.0,0.0,0.0,0.0,1.0,0
117,214,2740,1637,2717131.56,418823.34,0.0,0.0,0.0,0.0,0.0,418823.34,0.0,2298308.22,185288.07,1807447.32,0.0,0.0,0.0,0.0,0.0,0.0,0.0,305572.83,305572.83,0.0,271347.11,40000.0,197420.31,33926.8,2445784.45,0.0,0.0,0.0,0.0,0.0,0.0,0.0,0.0,0.0,0.0,2445784.45,0.0,0.0,0.0,0.0,0.0,0.0,0.0,0.0,0.0,0.0,0.0,0.0,0.0,SFJMA,1662700.01,0.0,1981458.22,0.0,0.0,0.0998652821948746,2146777.0,0.0,0.0,0.0,34458.33,623.72,0.0,92.48,34989.57,261.93,0.0,0.0,1324.7,0.0,33926.8,5089.0,28837.8,2012318.67,0.0,SFJMA,2147662.6500000004,,,0.0,2013735.85,2445784.45,0.0,0.0157970806076084,0.0158035976722314,0.0160511920893506,0.0160465299648404,0.013433067337688,0.0106133248844233,0.0106133248844233,0.0126818776489424,0.1062764221074622,0.1062764221074622,10.013489953882315,349.8957,0.720945,0.0124862559102585,,0.013433067337688,35251.5,35251.5,35251.5,34989.57,0.0164206622299381,0.0164138907011303,0.0162986514202453,0.0164206622299381,0.0129737921118549,0.0129737921118549,0.0128773926574243,0.0128773926574243,0.0117908182791823,0.0143060726385761,-14.556766198864729,0.9380274942390384,-62.7240858629124,0.0619725057609617,25.61093077677965,,0.0,0.0,6.487536153071125,1.0,0.0138715412962904,,0.0143060726385761,0.007153036319288,0.0,,0.0006170645577067,0.0,0.0,0.0998652821948746,0.0873790262846161,0.9001347178051254,0.9001347178051254,0.6478796286758994,9.01348995388232,0.0,0.0,0.0,9.01348995388232,0.0,0.1250309981189775,0.0124862559102585,10.013489953882315,0.8241827493164391,288.378,352.515,352.515,349.8957,26.610930776779647,26.610930776779647,26.41320298935608,352.515,352.515,349.8957,349.8957,0.0144131671129072,0.0144131671129072,0.0143060726385761,0.8902030762485308,0.7900894574276706,21467.77,21467.77,31.416797124247186,306.4644462279967,281.9215985824331,337.88124335224387,0.9380274942390384,0.0006170645577067,1.1877397345113216,414.6986574758347,335.9691258477243,752.5799008280785,0.9397018694758648,0.9397018694758648,0.9397018694758648,0.8639437338805552,1.0646404469535329,0.1249385774776677,-147476.22999999998,-0.0542764407035189,1.139282026032513,0.0686965763095095,0.9001347178051254,0.7876731666242911,0.0757581355953097,-1.2563927759748132,-0.0740069307445781,0.818058806008255,0.818058806008255,0.8241827493164391,,7.025418457524512,0.1822311456554769,0.1109448177250452,0.6478796286758994,0.095505661169695,0.6478796286758994,1.0641672986750228,0.6088136982620719,0.0998652821948746,0.0998652821948746,0.0998652821948746,0.1125193869941537,9.01348995388232,0.0,0.0,0.0,0.9001347178051254,0.7876731666242911,-0.0641672986750228,0
117,214,7320,9026,21959.54,0.0,0.0,0.0,0.0,0.0,0.0,0.0,0.0,21959.54,0.0,378.0,0.0,0.0,0.0,0.0,0.0,0.0,0.0,21581.54,21581.54,0.0,21754.54,136000.0,-120123.22,5877.76,205.0,0.0,0.0,0.0,0.0,0.0,0.0,0.0,0.0,0.0,0.0,205.0,0.0,0.0,0.0,0.0,0.0,0.0,0.0,0.0,0.0,0.0,0.0,0.0,0.0,SFJMA,378.0,0.0,205.0,0.0,0.0,0.9906646496238082,11372.36,0.0,0.0,0.0,6158.94,0.0,0.0,88.47,6070.469999999999,12.29,0.0,0.0,0.0,0.0,6082.76,205.0,5877.76,5213.42,0.0,SFJMA,11384.65,,,0.0,5301.89,205.0,0.0,0.534294861941298,0.5348722692563372,0.5415709668002068,0.5415709668002068,0.5168461075801328,0.2676631659861727,0.2676631659861727,0.2804676236387465,0.2701854417514689,0.2701854417514689,1.0094233203735865,60.7047,0.0432188235294117,0.2769985163623646,,0.5168461075801328,6082.76,6082.76,6082.76,6070.469999999999,0.5348722692563372,0.534294861941298,0.5337915788807248,0.5348722692563372,0.2769985163623646,0.2769985163623646,0.2764388507227382,0.2764388507227382,28.672,29.6120487804878,0.522758008213458,0.4662084211192752,65.73618497109827,0.5337915788807248,60.8276,,0.0,0.0,219.5954,1.0,29.672,,29.6120487804878,14.8060243902439,0.0,,0.0,0.0,0.0,0.9906646496238082,0.7230014836376354,0.0093353503761918,0.0093353503761918,217.5454,0.0094233203735863,0.0,0.0,0.0,0.0094233203735863,0.0,0.2796087621250552,0.2769985163623646,1.0094233203735865,0.9682545173602704,58.7776,60.8276,60.8276,60.7047,60.8276,60.8276,60.7047,60.8276,60.8276,60.7047,60.7047,29.672,29.672,29.6120487804878,30.085608465608463,0.5178778790448252,113.7236,113.7236,0.0,12.098807987084474,12.098807987084474,12.098807987084474,0.4662084211192752,0.0,30.085608465608463,6.561522850138406,6.561522850138406,18.66033083722288,107.11970731707318,107.11970731707318,107.11970731707318,107.11970731707318,212.395512195122,105.2758048780488,21754.54,0.9906646496238082,0.0180261616762044,-1.9129310011290528,0.0093353503761918,-0.9734511742960008,0.0,0.0,57.55169312169313,0.966298193583176,0.966298193583176,0.9682545173602704,,0.5269484939443617,0.0,106.11970731707318,217.5454,1360.0,217.5454,0.0093353503761918,1.061197073170732,0.9906646496238082,0.9906646496238082,0.9906646496238082,57.55169312169313,0.0094233203735863,0.0,0.0,0.0,0.0093353503761918,-0.9734511742960008,0.9906646496238082,0
117,214,4110,3043,8014459.82,83990.8,0.0,0.0,83990.8,63787.55,0.0,0.0,0.0,7930469.02,7200246.43,236637.8,0.0,0.0,0.0,0.0,221271.77,0.0,0.0,491184.87,491184.87,2399.92,2259986.7,817500.0,1021483.08,732391.87,5754473.12,0.0,0.0,0.0,0.0,0.0,0.0,0.0,1127004.86,1127004.86,0.0,3629320.37,0.0,0.0,0.0,0.0,2000000.0,0.0,1328126.37,0.0,998147.89,0.0,0.0,0.0,0.0,SFJIN,0.0,0.0,0.0,0.0,0.0,0.2819886493610246,6428333.02,0.0,0.0,0.0,1031727.97,94.89,0.0,5.49,1031817.37,16033.55,0.0,0.0,139782.05,139782.05,908068.87,175677.0,732391.87,5396605.05,13914.81,SFJIN,6444461.459999999,,,13914.81,5536392.59,3629320.37,2125152.75,0.14090686640556,0.1412603963072218,0.1604969697105082,0.160494600615347,0.1139318494734736,0.0913838095703373,0.1055112071795251,0.1287333136820193,0.3240691062473951,0.3240691062473951,3.5462420287694614,16.175842621326574,0.8958921957186544,0.1150400277382637,,0.1139318494734736,1047850.92,1061765.73,1061765.73,1045732.18,0.1651696834461759,0.1647563161934093,0.1626754831690409,0.1630050771700685,0.132481259354545,0.132481259354545,0.1304806816038164,0.1287444685199008,0.2017986276587646,0.2843004377703917,1.494561928242122,0.8612485651840109,3.634286730696112,0.138751434815989,6.5958660643480345,,0.0447015774705255,0.0447015774705255,120.72289548379108,1.2651648143143353,0.2540375568993927,,0.2843004377703917,0.1099573824913744,3.3916054349248355,,0.0217446808628467,0.0217446808628467,0.0217446808628467,0.2819886493610246,0.1906048397906872,0.7180113506389755,0.7180113506389755,26.90755058887402,2.5462420287694614,1.3836386116785555,0.498677651510073,0.498677651510073,1.6059034196971158,0.0395222414012357,0.4018027495471544,0.1307450462706293,3.073177615582179,0.7098076571438219,6.239527321283384,7.595866064348034,7.595866064348034,7.48116213777091,7.595866064348034,7.595866064348034,7.48116213777091,7.595866064348034,7.595866064348034,0.334419748871129,0.334419748871129,0.1845113719116651,0.1845113719116651,0.1817250959719488,0.8544594026834018,0.8020918645019796,76.5361565790539,64283.3302,407.7090736223245,13.399455026989251,12.52936399365321,421.10852864931377,0.8612485651840109,0.0217446808628467,27.16528390645957,205.50780592259983,75.20425546963963,626.6163345719136,2.1851113187894184,2.1851113187894184,1.713781397173754,0.200539659164892,2.32044929392662,0.1353379751372017,4301148.649999999,0.5366735558729147,0.5645818844027468,-0.6690923815891542,0.4528465363246403,0.3915592030505681,1.983910400833531,1.674028734161513,0.5783535842402108,0.6897866914578228,0.6897866914578228,0.7003627544482757,,13.08740031019278,0.0105908994522495,0.3927356428419636,26.90755058887402,9.733208875257766,52.20975928315959,0.7256157366591668,37.08236912385616,0.2819886493610246,0.2819886493610246,0.2819886493610246,0.3003993227709962,2.5462420287694614,0.2651648143143351,0.390170383310999,0.390170383310999,0.7180113506389755,0.6567240173649033,0.2743842633408333,0
117,216,4782,3802,0.0,0.0,0.0,0.0,0.0,0.0,0.0,0.0,0.0,0.0,0.0,0.0,0.0,0.0,0.0,0.0,0.0,0.0,0.0,0.0,0.0,0.0,0.0,0.0,0.0,0.0,0.0,0.0,0.0,0.0,0.0,0.0,0.0,0.0,0.0,0.0,0.0,0.0,0.0,0.0,0.0,0.0,0.0,0.0,0.0,0.0,0.0,0.0,0.0,0.0,0.0,SFJIN,0.0,0.0,0.0,0.0,0.0,,0.0,0.0,0.0,0.0,0.0,0.0,0.0,0.0,0.0,0.0,0.0,0.0,0.0,0.0,0.0,0.0,0.0,0.0,0.0,SFJIN,0.0,,,0.0,0.0,0.0,0.0,0.0,0.0,0.0,0.0,0.0,0.0,0.0,0.0,0.0,0.0,0.0,0.0,0.0,0.0,,0.0,0.0,0.0,0.0,0.0,0.0,0.0,0.0,0.0,0.0,0.0,0.0,0.0,0.0,0.0,0.0,0.0,0.0,0.0,0.0,,0.0,0.0,0.0,0.0,0.0,,0.0,0.0,0.0,,0.0,0.0,0.0,0.0,0.0,0.0,0.0,0.0,0.0,0.0,0.0,0.0,0.0,0.0,0.0,0.0,0.0,0.0,0.0,0.0,0.0,0.0,0.0,0.0,0.0,0.0,0.0,0.0,0.0,0.0,0.0,0.0,0.0,0.0,0.0,0.0,0.0,0.0,0.0,0.0,0.0,0.0,0.0,0.0,0.0,0.0,,0.0,0.0,0.0,0.0,0.0,0.0,0.0,0.0,0.0,0.0,0.0,0.0,0.0,0.0,0.0,0.0,0.0,,0.0,0.0,0.0,0.0,0.0,0.0,0.0,0.0,0.0,0.0,0.0,,0.0,0.0,0.0,0.0,0.0,0.0,0.0,0
117,214,6810,2030,211204.69,12240.0,0.0,0.0,0.0,0.0,0.0,0.0,0.0,198964.69,0.0,18067.0,0.0,0.0,0.0,0.0,0.0,0.0,0.0,0.0,0.0,0.0,210958.69,400000.0,0.0,0.0,246.0,0.0,0.0,0.0,0.0,0.0,0.0,0.0,0.0,0.0,0.0,0.0,0.0,0.0,0.0,0.0,0.0,0.0,0.0,0.0,0.0,0.0,0.0,0.0,0.0,SFJMI,0.0,0.0,0.0,0.0,0.0,0.998835253137608,0.0,0.0,0.0,0.0,42711.31,5194.99,0.0,58.27,47848.03,0.0,0.0,0.0,0.0,0.0,0.0,0.0,0.0,42711.31,0.0,SFJMI,5194.99,,,0.0,42769.58,0.0,246.0,0.0,0.0,427.1131,8.22163469034589,0.0,0.0,0.0,0.2022270906957606,0.0,0.0,1.0011661050796248,478.4803,0.0,0.0,,0.0,0.0,0.0,0.0,47848.03,0.0,0.0,478.4803,0.0,0.0,0.0,0.2265481415209103,0.2265481415209103,0.0,478.4803,0.0,427.6958,0.0,-427.6958,0.0,,0.0,0.0,17.275383169934642,1.001164746862392,0.0,,478.4803,194.50418699186991,0.0,,0.0,0.0,0.0,0.998835253137608,0.998835253137608,0.0011647468623921,0.0011647468623921,17.235187091503267,0.0011661050796248,0.0,0.0,0.0,0.0,0.0,0.0,0.0,0.0,0.0,0.0,0.0,0.0,478.4803,0.0,0.0,478.4803,0.0,0.0,478.4803,478.4803,0.0,0.0,194.50418699186991,0.0,0.0,0.0,0.0,0.0,65944.54999999999,0.0,65944.54999999999,427.6958,0.0,0.0,0.0,0.0,65944.54999999999,inf,1989.6469,1989.6469,1989.6469,1989.6469,0.0,198964.69,0.9420467414809776,0.0,-1989.6469,0.0,0.0,0.0,0.0,11.01260253500858,0.0,0.0,0.0,,0.0,0.0615184533496873,857.5556504065041,17.235187091503267,32.6797385620915,17.255285130718953,0.0012364002879103,13939.81161281687,0.998835253137608,0.998835253137608,0.998835253137608,0.998835253137608,0.0011661050796248,0.0011647468623921,0.0,0.0,0.0011647468623921,0.0011647468623921,0.9987635997120896,0
117,113,6832,7331,545099.11,382826.84,0.0,0.0,382826.84,382826.84,0.0,0.0,0.0,162272.27,981.0,131064.7,0.0,0.0,0.0,0.0,0.0,0.0,0.0,8552.43,8552.43,21674.14,212499.62,606000.0,0.0,-322142.36,332599.49,0.0,0.0,0.0,0.0,0.0,0.0,0.0,0.0,0.0,0.0,332599.49,0.0,0.0,0.0,0.0,103090.63,0.0,0.0,0.0,0.0,0.0,0.0,0.0,0.0,SFJMA,131064.7,0.0,41919.49,0.0,0.0,0.3898366665834402,1851874.84,0.0,0.0,0.0,-64890.61,74317.96,0.0,324915.39,-315488.04,3083.32,0.0,3083.32,9737.64,9737.64,-322142.36,0.0,-322142.36,1916765.45,39483.37,SFJIN,1929276.12,,,39483.37,2251418.48,332599.49,0.0,-0.1669757670560914,-0.1739547149957499,-0.0350404944213184,-0.0336885331520292,-0.1739547149957499,-0.5909794275760237,-0.5810913189713335,-0.1190436909720876,-1.5159667579640848,-1.5159667579640848,2.565176869492755,-0.824101152364343,-0.5315880528052805,-0.518546049359721,,-0.1739547149957499,-312404.72,-272921.35,-272921.35,-276004.67,-0.1473756995370162,-0.1414630840918717,-0.1490406716687181,-0.1686964546696903,-0.500682068624181,-0.500682068624181,-0.506338507872449,-0.5787718860887519,-0.9685593925595016,-0.9485523865355296,-10.872453856758773,1.2157508873547846,9.0801684494893,-0.2157508873547846,-29.02746353325857,,0.0944570811139673,0.0944570811139673,1.4238790310522635,1.0,-0.8498479357259388,,-0.9485523865355296,-0.4742761932677647,-0.3647173224527548,,0.0052582603260596,0.0052582603260596,0.0052582603260596,0.3898366665834402,0.980816094159464,0.6101633334165598,0.6101633334165598,0.5550802550834733,1.5651768694927548,0.4851332440029775,0.0,0.0,1.5651768694927548,3828.2684,-1.5159667579640848,-0.5731154468404837,2.645133308343767,1.0210921466309786,-32.08218007648671,-28.02746353325857,-28.02746353325857,-28.34410288324481,-28.02746353325857,-28.02746353325857,-28.34410288324481,-28.02746353325857,-28.02746353325857,-2.677301225145292,-2.677301225145292,-0.8205705607065121,-0.8205705607065121,-0.8298409297019668,3.4514701311729303,3.3973176731108587,4.837369396565821,18518.7484,0.1933526997969258,25.832531695284544,25.832531695284544,26.02588439508147,1.2157508873547846,0.0052582603260596,14.12947071179349,65.55454571109136,8.26222891499514,91.58043010617284,0.4878909164893788,0.4878909164893788,0.4878909164893788,0.4197755384411443,0.5136048164114743,0.0257138999220954,-170327.22,-0.3124701854677399,0.1796014950988804,0.0919755570522249,0.6101633334165598,0.5944736545249542,0.0029494933982009,-0.0057595022099227,-1.2899111443992497,1.1803486975276944,1.1803486975276944,1.1671627150366697,,216.532007862093,2.359163645150216,0.6389054294701414,0.5550802550834733,1.5829611110861506,0.5550802550834733,2.0496384872165776,0.2708186143778339,0.3898366665834402,0.3898366665834402,0.3898366665834402,0.3960505728970311,1.5651768694927548,0.0,0.1891227266909315,0.1891227266909315,0.6101633334165598,0.5944736545249542,-1.0496384872165776,0
117,216,6820,10235,297477.14,94628.8,0.0,0.0,94628.8,94628.8,0.0,0.0,0.0,202848.34,0.0,3597.0,0.0,0.0,0.0,0.0,0.0,0.0,0.0,198982.62,198982.62,268.72,295876.67,183000.0,175454.7,-62578.03,1600.47,0.0,0.0,0.0,0.0,0.0,0.0,0.0,0.0,0.0,0.0,1600.47,0.0,0.0,0.0,0.0,0.0,0.0,0.0,0.0,0.0,0.0,0.0,0.0,0.0,SFJIN,0.0,0.0,0.0,0.0,0.0,0.9946198554954508,0.0,0.0,0.0,0.0,-71023.6,7357.08,0.0,475.6,-64142.12,1564.09,0.0,1564.09,0.0,0.0,-62578.03,0.0,-62578.03,71023.6,3375.12,SFJIN,8921.17,,,3375.12,71499.20000000001,1600.47,0.0,-7.014554144803877,-625.7803,-710.2360000000001,-9.653775682743698,-625.7803,-0.2103624836516849,-0.2146213416600684,-0.2387531357871734,-0.2115003862927077,-0.2115003862927077,1.0054092470352598,-0.6778287371286543,-0.3419564480874317,-0.1990166706591302,,-625.7803,-62578.03,-59202.91,-59202.91,-60767.0,-592.0291,-6.636227086805878,-607.67,-625.7803,-0.1990166706591302,-0.1990166706591302,-0.2042745200521962,-0.2156203330447509,-39.09978318868832,-40.07705236586753,0.0,714.9920000000001,0.0,-714.9920000000001,-592.0291,,0.0,0.0,3.143621603571005,0.9999999999999998,-36.99095265765681,,-40.07705236586753,-20.038526182933765,-0.0,,0.0,0.0,0.0,0.9946198554954508,1.2049823391471357,0.0053801445045491,0.0053801445045492,3.126708465076171,0.0054092470352596,0.0,0.0,0.0,0.0054092470352596,946.288,-0.2115003862927077,-0.2103624836516849,1.0054092470352598,0.9756152431506784,-625.7803,-592.0291,-592.0291,-607.67,-592.0291,-592.0291,-607.67,-592.0291,-592.0291,-607.67,-607.67,-36.99095265765681,-36.99095265765681,-37.968221834836015,0.0,0.0,0.0,0.0,0.0,13129.05,0.0,13129.05,714.9920000000001,0.0,0.0,5841.7155,0.0,18970.7655,126.7429817491112,126.7429817491112,126.7429817491112,126.5750810699357,251.070598011834,124.3276162627228,201247.87,0.6765154122431054,16.0047,-2012.4787,0.0053801445045491,-0.6635203968950353,0.0,0.0,55.94881011954406,1.0570093598439672,1.0570093598439672,1.029802853522471,,0.0,0.4665002434823967,184.8686135947565,3.126708465076171,1.933872140405458,3.126708465076171,0.0078899832258918,396.28835392394063,0.9946198554954508,0.9946198554954508,0.9946198554954508,3.003991186514741,0.0054092470352596,0.0,0.0,0.0,0.0053801445045491,-0.6635203968950353,0.992110016774108,0
117,214,7112,10197,678679.46,0.0,0.0,0.0,0.0,0.0,0.0,0.0,0.0,678679.46,0.0,225045.83,0.0,0.0,0.0,0.0,222172.81,0.0,0.0,14487.63,14487.63,439146.0,122250.2,89500.0,11322.88,21427.32,556429.26,0.0,0.0,0.0,0.0,0.0,0.0,0.0,0.0,0.0,0.0,556429.26,0.0,0.0,0.0,0.0,168187.49,57718.31,168423.44,0.0,0.0,0.0,0.0,0.0,0.0,SFJIN,0.0,0.0,0.0,0.0,0.0,0.1801295120969183,1029366.96,0.0,0.0,0.0,96917.86,8664.2,0.0,61619.66,43962.4,112.01,0.0,112.01,22647.09,22647.09,21427.32,0.0,21427.32,932449.1,0.0,SFJIN,1038143.17,,,0.0,1016715.85,556429.26,0.0,0.0206400433188805,0.0208160168653557,0.0941528762493018,0.0933670045126583,0.0208160168653557,0.031572076750341,0.0584675640544654,0.1428035850679789,0.1752743144796491,0.1752743144796491,5.551561142640257,439.624,0.2394113966480447,0.031572076750341,,0.0208160168653557,44074.41,44074.41,44074.41,43962.4,0.042817004734638,0.0424550401848716,0.04270819028425,0.042817004734638,0.0649414231572589,0.0649414231572589,0.0647763820640748,0.0647763820640748,0.0385086147338836,0.0790080665420075,8.420165856579379,0.9877098153606952,9.552175305395927,0.0122901846393049,0.9461401001188232,,0.1002501485132298,0.1346538318634757,6786.794599999999,1.0,0.0385086147338836,,0.0790080665420075,0.0395040332710037,10.542886371230749,,0.0220009878692823,0.0220009878692823,0.0220009878692823,0.1801295120969183,0.1485574353465773,0.8198704879030817,0.8198704879030817,1222.502,4.551561142640257,1.3757645386265216,0.0,0.0,4.551561142640257,0.0,0.1752743144796491,0.0649414231572589,2.698960169924417,0.4874010518079085,1.946140100118824,1.946140100118824,1.946140100118824,1.941194210823554,1.946140100118824,1.946140100118824,1.941194210823554,1.946140100118824,1.946140100118824,0.1946050079280833,0.2613892388785872,0.0792093679617064,0.0792093679617064,0.0790080665420075,1.5498037065586912,1.5167203675207734,10293.6696,10293.6696,0.0,79.57966915899458,78.56372506846344,79.57966915899458,0.9877098153606952,0.0220009878692823,4.574032587051269,196.7619503155609,59.55712058214886,276.3416194745555,1.2197048372330384,1.2197048372330384,1.2197048372330384,0.4304832208140887,1.2457416240116488,0.0260367867786104,122250.19999999995,0.1801295120969182,0.5405548085592333,-0.1187625062300425,0.8198704879030817,0.7985236948234739,0.0,0.0,0.543223573616094,0.486162378577501,0.486162378577501,0.4874010518079085,,71.0514390552492,0.0,0.2197048372330383,1222.502,895.0,1222.502,0.8198704879030817,0.0021970483723303,0.1801295120969183,0.1801295120969183,0.1801295120969183,0.1840585723555196,4.551561142640257,0.0,0.3328608176826215,0.3328608176826215,0.8198704879030817,0.7985236948234739,0.1801295120969183,1
117,216,7712,1997,473973.83,101016.77,0.0,0.0,0.0,0.0,0.0,0.0,0.0,372957.06,321931.47,37978.99,0.0,0.0,0.0,0.0,0.0,0.0,0.0,0.0,0.0,0.0,269242.85,260000.0,0.0,0.0,204730.98,0.0,0.0,0.0,0.0,0.0,0.0,0.0,0.0,181548.18,0.0,0.0,0.0,0.0,0.0,0.0,0.0,0.0,0.0,0.0,0.0,0.0,0.0,0.0,0.0,SFJMI,0.0,0.0,0.0,0.0,181548.18,0.5680542531219497,232773.82,0.0,0.0,0.0,466405.6,73506.68,0.0,66055.86,473856.42,0.0,0.0,0.0,0.0,0.0,0.0,1922.0,0.0,233631.78,45742.7,SFJMI,306280.5,,,45742.7,299687.64,0.0,204730.98,0.0,0.0,2.003685809684268,1.5228054022374913,0.0,0.0,0.0,0.9840323884548646,0.0,0.0,1.760395234265274,4738.564200000001,0.0,0.1005639910541052,,0.0,0.0,45742.7,45742.7,519599.12000000005,0.1965113602552039,0.1493490444216984,2.232206010108869,0.0,0.0965089148487375,0.0965089148487375,1.096261200750261,0.9997522859015232,0.0,4738.564200000001,0.6241303489468735,1.2874628255015963,0.8645496807064701,-0.2874628255015963,476.647,,0.0,0.0,6.718734028023267,1.43194574687805,476.647,,4738.564200000001,2.31453207521402,3.80886022570162,,0.0,0.0,0.0,0.5680542531219497,0.5680542531219497,0.4319457468780502,0.4319457468780502,2.665328242033476,0.760395234265274,0.6742915550032248,0.6742915550032248,0.0,0.0,0.0,0.0,0.0,0.0,0.0,0.0,457.427,457.427,5195.9912,457.427,457.427,5195.9912,457.427,457.427,2.8620453259294587,2.8620453259294587,0.2234283253076793,0.2234283253076793,2.5379604005217,0.491111123160534,0.491111123160534,2327.7382,2327.7382,503.4202518135415,59.38963565576231,0.0,562.8098874693038,1.2874628255015963,0.0,6.129015542540758,0.0,0.0,562.8098874693038,inf,3729.5706,3729.5706,510.2559000000003,3729.5706,0.0,372957.06,0.7868726845108727,0.0,-1.602229408788325,0.0,0.0,3219.3147,0.8631864215145839,1.036249571629566,0.0,0.0,0.0,,2327.7382,0.2708536205213544,1.3151055595005698,2.665328242033476,2.57383006801742,4.692031135028372,0.5489398162887706,4.855410671525011,0.5680542531219497,0.5680542531219497,0.5680542531219497,0.5680542531219497,0.760395234265274,0.4319457468780502,0.3830341856637949,0.3830341856637949,0.4319457468780502,0.4319457468780502,0.4510601837112293,0
117,214,3511,2888,4000.0,0.0,0.0,0.0,0.0,0.0,0.0,0.0,0.0,4000.0,0.0,0.0,0.0,0.0,0.0,0.0,0.0,0.0,0.0,0.0,0.0,0.0,4000.0,5000.0,0.0,0.0,0.0,0.0,0.0,0.0,0.0,0.0,0.0,0.0,0.0,0.0,0.0,0.0,0.0,0.0,0.0,0.0,0.0,0.0,0.0,0.0,0.0,0.0,0.0,0.0,0.0,SFJMI,0.0,0.0,0.0,0.0,0.0,1.0,0.0,0.0,0.0,0.0,0.0,0.0,0.0,0.0,0.0,0.0,0.0,0.0,0.0,0.0,0.0,0.0,0.0,0.0,0.0,SFJMI,0.0,,,0.0,0.0,0.0,0.0,0.0,0.0,0.0,0.0,0.0,0.0,0.0,0.0,0.0,0.0,1.0,0.0,0.0,0.0,,0.0,0.0,0.0,0.0,0.0,0.0,0.0,0.0,0.0,0.0,0.0,0.0,0.0,0.0,0.0,0.0,0.0,0.0,0.0,0.0,,0.0,0.0,40.0,1.0,0.0,,0.0,0.0,0.0,,0.0,0.0,0.0,1.0,1.0,0.0,0.0,40.0,0.0,0.0,0.0,0.0,0.0,0.0,0.0,0.0,0.0,0.0,0.0,0.0,0.0,0.0,0.0,0.0,0.0,0.0,0.0,0.0,0.0,0.0,0.0,0.0,0.0,0.0,0.0,0.0,0.0,0.0,0.0,0.0,0.0,0.0,0.0,0.0,0.0,0.0,inf,40.0,40.0,40.0,40.0,0.0,4000.0,1.0,0.0,-40.0,0.0,0.0,0.0,0.0,40.0,0.0,0.0,0.0,,0.0,0.0,40.0,40.0,50.0,40.0,0.0,0.4,1.0,1.0,1.0,1.0,0.0,0.0,0.0,0.0,0.0,0.0,1.0,0
117,0,6492,1323,1007762.28,108460.0,0.0,0.0,108460.0,0.0,0.0,0.0,0.0,899302.28,0.0,315500.0,0.0,0.0,0.0,0.0,0.0,0.0,0.0,580041.91,188.03,3760.37,458527.02,200000.0,0.0,22391.96,549235.26,0.0,0.0,0.0,0.0,0.0,0.0,0.0,0.0,0.0,0.0,549235.26,0.0,0.0,0.0,0.0,517826.69,0.0,0.0,0.0,0.0,0.0,0.0,0.0,0.0,SFJMA,315500.0,0.0,16320.25,0.0,0.0,0.4549952197059806,145750.0,0.0,0.0,0.0,27034.66,0.0,0.0,100.0,26934.66,0.0,0.0,0.0,317.7,0.0,26616.96,4225.0,22391.96,118715.34,0.0,SFJMA,145750.0,,,0.0,119133.04,549235.26,0.0,0.1826206518010291,0.1826206518010291,0.1854865180102916,0.1854865180102916,0.1536326586620926,0.0222194861272243,0.0222194861272243,0.0268264257717603,0.0488345485070868,0.0488345485070868,2.1978252884639167,269.3466,0.1119598,0.0264119431022959,,0.1536326586620926,26934.66,26934.66,26934.66,26934.66,0.1848004116638079,0.1848004116638079,0.1848004116638079,0.1848004116638079,0.0267271960208711,0.0267271960208711,0.0267271960208711,0.0267271960208711,0.0407693417207045,0.0490402965024496,0.4163488465722935,0.8173793481989708,-1.1994414840847898,0.1826206518010292,83.78016997167138,,0.0,0.0,9.291557071731514,1.0,0.0484618558539012,,0.0490402965024496,0.0245201482512248,19.45476455613263,,0.0021797598627787,0.0,0.0,0.4549952197059806,0.4327757335787562,0.5450047802940193,0.5450047802940193,4.227614051263139,1.1978252884639164,1.1293264462364725,0.0,0.0,1.1978252884639164,1084.6,0.058048836467696,0.0264119431022959,2.1978252884639167,0.8313437036145992,223.9196,269.3466,269.3466,269.3466,84.78016997167138,84.78016997167138,84.78016997167138,269.3466,269.3466,0.0520148159995383,0.0520148159995383,0.0490402965024496,0.0490402965024496,0.0490402965024496,0.1446543517760601,0.144627361921107,1.343813387423935,1457.5,0.0,790.1029159519726,790.1029159519726,790.1029159519726,0.8173793481989708,0.0021797598627787,0.4619651347068146,1375.4433612349917,40.870608919382505,2165.5462771869643,1.637371715719781,1.637371715719781,1.637371715719781,1.6305251596556274,2.693461796316573,1.056090080596792,350067.02,0.3473706318914814,3.768337975986278,-2.4018320411663807,0.5450047802940193,-0.0305693620523284,0.0,0.0,1.1095626624405706,0.8313437036145992,0.8313437036145992,0.8313437036145992,,775.1422645322555,0.1206046091643401,0.8348462915509103,4.227614051263139,1.843997787202656,4.227614051263139,0.6107348688140766,6.922175672517779,0.4549952197059806,0.4549952197059806,0.4549952197059806,0.4550801293304191,1.1978252884639164,0.0,0.5138381345251382,0.5138381345251382,0.5450047802940193,-0.0305693620523284,0.3892651311859234,0
117,214,1413,9672,72472.12,0.0,0.0,0.0,0.0,0.0,0.0,0.0,0.0,72472.12,0.0,35603.46,0.0,0.0,0.0,0.0,0.0,0.0,0.0,0.0,0.0,0.0,66530.25,50000.0,0.0,0.0,5941.87,0.0,0.0,0.0,0.0,0.0,0.0,0.0,0.0,0.0,0.0,0.0,0.0,0.0,0.0,0.0,0.0,0.0,0.0,0.0,0.0,0.0,0.0,0.0,0.0,SFJMI,0.0,0.0,0.0,0.0,0.0,0.9180116436499997,214045.4,0.0,0.0,0.0,424532.44,7763.5,0.0,3435.2,428860.74,0.0,0.0,0.0,0.0,0.0,0.0,0.0,0.0,210487.04,0.0,SFJMI,221808.9,,,0.0,213922.24,0.0,5941.87,0.0,0.0,1.983375676375199,1.9139558421686416,0.0,0.0,0.0,5.857872517045176,0.0,0.0,1.0893108022290612,4288.6074,0.0,0.0,,0.0,0.0,0.0,0.0,428860.74,0.0,0.0,2.00359708734689,0.0,0.0,0.0,5.917596173535423,5.917596173535423,0.0,4288.6074,2.95348611300456,0.9994246080504418,3.2172643271293886,0.0005753919495582,0.0,,0.0,0.0,784.1398999999999,1.0819883563500006,0.0,,4288.6074,72.17605568617287,0.0,,0.0,0.0,0.0,0.9180116436499997,0.9180116436499997,0.0819883563500005,0.0819883563500004,665.3025,0.0893108022290612,0.0,0.0,0.0,0.0,0.0,0.0,0.0,0.0,0.0,0.0,0.0,0.0,4288.6074,0.0,0.0,4288.6074,0.0,0.0,4288.6074,4288.6074,0.0,0.0,72.17605568617287,2.95348611300456,2.95348611300456,2140.454,2140.454,0.0,60.54631139001353,0.0,60.54631139001353,0.9994246080504418,0.0,6.011926930697185,0.0,0.0,60.54631139001353,inf,724.7212,724.7212,724.7212,724.7212,0.0,72472.12,1.0,0.0,-0.3385829361434536,0.0,0.0,0.0,0.0,2.0355358720753545,0.0,0.0,0.0,,2140.454,0.0,11.196853852406734,665.3025,500.0,724.7212,0.0819883563500005,0.1119685385240673,0.9180116436499997,0.9180116436499997,0.9180116436499997,0.9180116436499997,0.0893108022290612,0.0819883563500005,0.0,0.0,0.0819883563500005,0.0819883563500005,0.9180116436499997,1
117,214,2712,1411,1050473.59,92376.99,0.0,0.0,1181.45,1181.45,91195.54,0.0,0.0,958096.6,6583.12,805590.28,0.0,0.0,0.0,0.0,800475.16,0.0,0.0,139393.63,139393.63,6529.57,254534.06,5000.0,124056.73,125477.33,795939.53,0.0,0.0,0.0,0.0,0.0,0.0,0.0,0.0,0.0,0.0,795939.53,0.0,0.0,0.0,0.0,165173.38,0.0,573261.71,0.0,0.0,0.0,0.0,0.0,0.0,SFJIN,0.0,0.0,0.0,0.0,0.0,0.2423041020955129,3874719.9,0.0,0.0,0.0,176539.62,2796.16,0.0,3916.42,175419.36,0.0,0.0,0.0,24730.03,18480.03,150689.33,25212.0,125477.33,3698180.28,7089.48,SFJIN,3877516.06,,,7089.48,3726826.73,795939.53,0.0,0.0388623354921707,0.0388903801794808,0.0455619050037655,0.0455290493368066,0.032383587262656,0.1194483432943802,0.133697939326585,0.1680571712421632,0.492968720964102,0.492968720964102,4.127045276376765,148.47802276863175,25.095466,0.1501977884089403,,0.032383587262656,175419.36,182508.84,182508.84,182508.84,0.0471024602320286,0.0470684936376511,0.0471024602320286,0.0452727847501957,0.1737395796880528,0.1737395796880528,0.1737395796880528,0.1669907379584859,0.1576468126919139,0.2203928230578018,23.89485638831536,0.9618312616610042,33.65212289028276,0.0381687383389957,6.380049276122997,,0.1118826169204747,0.1118826169204747,11.371593618713923,1.0,0.1982296444052728,,0.2203928230578018,0.1101964115289009,1.0468666863440028,,0.0063824045707149,0.0047693847495918,0.0047693847495918,0.2423041020955129,0.1228557588011327,0.757695897904487,0.757695897904487,2.755383781177542,3.127045276376765,0.6489244700689566,0.0,0.0,3.127045276376765,11.8145,0.5920202977943305,0.161041040546293,3.676207603888077,0.7152992121280115,7.7898877869787,9.876003448046353,9.876003448046353,9.876003448046353,7.380049276122997,7.380049276122997,7.380049276122997,9.876003448046353,9.876003448046353,1.1049531104830572,1.1049531104830572,0.2292998816128657,0.2292998816128657,0.2292998816128657,4.252886760894181,3.688545753920381,3279.6308773117776,38747.199,0.6184332653309985,75.67898312339946,75.19845711686153,76.29741638873045,0.9618312616610042,0.0063824045707149,4.809789785447759,74.77236971890535,53.85350885363352,151.06978610763582,1.2037303889153488,1.2037303889153488,1.2037303889153488,1.1872559087497514,1.3788613187738017,0.1751309298584529,162157.06999999995,0.1543656799596455,0.2054185981288608,-0.0418500108872385,0.757695897904487,0.6249999107545388,0.0082708795729745,0.0405971814858273,0.1996581887562433,0.6875137116645966,0.6875137116645966,0.6875137116645966,,27.79696532761217,0.0964171984328094,0.3197907006830028,2.755383781177542,0.0541260329006173,2.755383781177542,0.8307508136444697,3.316739190527887,0.2423041020955129,0.2423041020955129,0.2423041020955129,0.2793762031600387,3.127045276376765,0.0,0.157237061047865,0.157237061047865,0.757695897904487,0.6249999107545388,0.1692491863555303,0
117,214,4617,5820,50000.0,0.0,0.0,0.0,0.0,0.0,0.0,0.0,0.0,50000.0,0.0,50000.0,0.0,0.0,0.0,0.0,0.0,0.0,0.0,0.0,0.0,0.0,50000.0,50000.0,0.0,0.0,0.0,0.0,0.0,0.0,0.0,0.0,0.0,0.0,0.0,0.0,0.0,0.0,0.0,0.0,0.0,0.0,0.0,0.0,0.0,0.0,0.0,0.0,0.0,0.0,0.0,SFJIN,0.0,0.0,0.0,0.0,0.0,1.0,0.0,0.0,0.0,0.0,0.0,0.0,0.0,0.0,0.0,0.0,0.0,0.0,0.0,0.0,0.0,0.0,0.0,0.0,0.0,SFJIN,0.0,,,0.0,0.0,0.0,0.0,0.0,0.0,0.0,0.0,0.0,0.0,0.0,0.0,0.0,0.0,1.0,0.0,0.0,0.0,,0.0,0.0,0.0,0.0,0.0,0.0,0.0,0.0,0.0,0.0,0.0,0.0,0.0,0.0,0.0,0.0,0.0,0.0,0.0,0.0,,0.0,0.0,500.0,1.0,0.0,,0.0,0.0,0.0,,0.0,0.0,0.0,1.0,1.0,0.0,0.0,500.0,0.0,0.0,0.0,0.0,0.0,0.0,0.0,0.0,0.0,0.0,0.0,0.0,0.0,0.0,0.0,0.0,0.0,0.0,0.0,0.0,0.0,0.0,0.0,0.0,0.0,0.0,0.0,0.0,0.0,182000.0,0.0,182000.0,0.0,0.0,0.0,0.0,0.0,182000.0,inf,500.0,500.0,500.0,500.0,0.0,50000.0,1.0,0.0,-500.0,0.0,0.0,0.0,0.0,1.0,0.0,0.0,0.0,,0.0,0.0,500.0,500.0,500.0,500.0,0.0,5.0,1.0,1.0,1.0,1.0,0.0,0.0,0.0,0.0,0.0,0.0,1.0,0
117,225,4941,1532,102300.92,0.0,0.0,0.0,0.0,0.0,0.0,0.0,0.0,102300.92,0.0,31706.0,0.0,0.0,31365.0,0.0,0.0,0.0,0.0,70594.92,70594.92,0.0,100406.92,50000.0,8663.82,41743.1,1894.0,0.0,0.0,0.0,0.0,0.0,0.0,0.0,0.0,0.0,0.0,1894.0,123.0,0.0,0.0,0.0,0.0,0.0,0.0,0.0,0.0,0.0,0.0,0.0,0.0,SFJIN,0.0,0.0,0.0,0.0,0.0,0.9814859925013382,52000.0,0.0,0.0,0.0,49071.1,0.0,0.0,0.0,49071.1,0.0,0.0,0.0,0.0,0.0,49071.1,7328.0,41743.1,2928.9,0.0,SFJIN,52000.0,,,0.0,2928.9,1894.0,0.0,0.943675,0.943675,0.943675,0.943675,0.802751923076923,0.4080422737156225,0.4080422737156225,0.4796740830874248,0.4157392737472676,0.4157392737472676,1.018863241696887,490.711,0.834862,0.4796740830874248,,0.802751923076923,49071.1,49071.1,49071.1,49071.1,0.943675,0.943675,0.943675,0.943675,0.4796740830874248,0.4796740830874248,0.4796740830874248,0.4796740830874248,22.039651531151,25.90871172122492,0.5178925914668033,0.056325,1.7442640547430566,0.943675,490.711,,0.0,0.0,1023.0092,1.0,25.90871172122492,,25.90871172122492,12.95435586061246,0.0,,0.0,0.0,0.0,0.9814859925013382,0.5734437187857158,0.0185140074986617,0.0185140074986617,1004.0692,0.018863241696887,0.0,0.0,0.0,0.018863241696887,0.0,0.4887222912524356,0.4796740830874248,1.018863241696887,0.8506656667570117,417.431,490.711,490.711,490.711,490.711,490.711,490.711,490.711,490.711,490.711,490.711,25.90871172122492,25.90871172122492,25.90871172122492,1.6400681259067684,0.5083043241448855,520.0,520.0,0.0,221.942,219.555,221.942,0.056325,0.0,1.6400681259067684,13.258,0.8610000000000001,235.2,54.01315733896515,54.01315733896515,54.01315733896515,54.01315733896515,91.28608236536432,37.27292502639916,100406.92,0.9814859925013382,0.0364230769230769,-1.930902307692308,0.0185140074986617,-0.6715572059371508,0.0,0.0,3.166811329085977,0.8506656667570117,0.8506656667570117,0.8506656667570117,,0.7365969109392008,0.0,53.01315733896515,1004.0692,500.0,1004.0692,0.0185140074986617,0.5301315733896516,0.9814859925013382,0.9814859925013382,0.9814859925013382,3.166811329085977,0.018863241696887,0.0,0.0,0.0,0.0185140074986617,-0.6715572059371508,0.9814859925013382,0
117,0,6202,1362,272308.99,83720.31,0.0,0.0,83720.31,83720.31,0.0,0.0,0.0,188588.68,16634.49,99959.71,0.0,0.0,0.0,0.0,99759.65,0.0,0.0,70768.03,70768.03,1226.45,164336.54,50000.0,0.0,70854.82,107972.45,0.0,0.0,0.0,0.0,0.0,0.0,0.0,0.0,0.0,0.0,107972.45,0.0,0.0,0.0,0.0,0.0,0.0,47059.37,0.0,0.0,0.0,0.0,0.0,0.0,SFJIN,0.0,0.0,0.0,0.0,0.0,0.6034928923940411,1005269.42,0.0,0.0,0.0,91572.71,3994.28,0.0,9311.82,86255.17,0.0,0.0,0.0,175.35,175.35,86079.82,15225.0,70854.82,913696.71,31791.76,SFJIN,1009263.7,,,31791.76,923183.88,107972.45,0.0,0.0852897216059588,0.0856286069061963,0.0910927042822012,0.090732194172841,0.0704834132923291,0.2602000763911614,0.2607216658546602,0.3362823607108969,0.4311568200231063,0.4311568200231063,1.6570203437409596,1.0302777187518777,1.4170964,0.4328596716546156,,0.0704834132923291,86255.17000000001,118046.93,118046.93,118046.93,0.1174281517486128,0.1169634160031714,0.1174281517486128,0.0858030377567836,0.4335036092638734,0.4335036092638734,0.4335036092638734,0.3167547645048369,0.6562305476998994,0.7988627654554472,12.469814328950884,0.9183447358818494,10.743672417141193,0.0816552641181505,672.2074707727403,,1.7534999999999998,1.7534999999999998,3.2526036991501823,1.0,1.0916819985098052,,0.7988627654554472,0.3994313827277236,0.0,,0.0001744308505872,0.0001744308505872,0.0001744308505872,0.6034928923940411,0.3432928160028797,0.396507107605959,0.3965071076059589,1.962923214211701,0.6570203437409599,0.0,0.0,0.0,0.6570203437409599,837.2031,0.5238020710427517,0.316754764504837,1.6536517512580395,0.8214559196857418,405.07653264898784,673.2074707727403,673.2074707727403,673.2074707727402,673.2074707727403,673.2074707727403,673.2074707727402,673.2074707727403,673.2074707727403,1180.4693,1180.4693,1.093306023897763,1.093306023897763,1.0933060238977628,4.9879162032372975,3.6916497688893775,12.007473694256507,10052.6942,6.023215507739209,36.19460983902206,36.12216971645272,42.21782534676127,0.9183447358818494,0.0001744308505872,10.056746062988775,39.09595877292279,17.039820707965035,81.31378411968404,1.746637035651224,1.746637035651224,1.746637035651224,1.581215763836053,2.4020637671924643,0.6554267315412404,80616.23,0.2960468914375541,0.1074064801453922,-0.0801936559454877,0.396507107605959,0.1366257500349143,0.1540623557212974,0.2063417006724328,0.6914257312970971,0.6002258593256089,0.6002258593256089,0.600225859325609,,14.205135002344988,0.4439307279737045,1.522022886393705,1.962923214211701,0.5972266466762963,1.962923214211701,0.5725287965322203,3.428514384081698,0.6034928923940411,0.6034928923940411,0.6034928923940411,0.815400204504335,0.6570203437409599,0.0,0.0,0.0,0.396507107605959,0.1366257500349143,0.4274712034677798,0
117,216,4619,5202,361622.88,7306.48,0.0,0.0,7306.48,7306.48,0.0,0.0,0.0,354316.4,0.0,123214.66,100913.81,0.0,0.0,0.0,0.0,0.0,0.0,183922.6,183922.6,47179.14,286991.65,200000.0,491864.9,199625.08,74631.23,56845.16,0.0,0.0,0.0,0.0,0.0,56845.16,0.0,0.0,0.0,17786.07,0.0,0.0,0.0,0.0,0.0,0.0,12269.14,0.0,0.0,0.0,0.0,0.0,0.0,SFJIN,0.0,0.0,0.0,0.0,0.0,0.7936213825850843,1103919.61,0.0,0.0,0.0,197958.71,31066.99,0.0,22430.28,206595.42,48.98,0.0,48.98,2636.32,2636.32,204008.08,4383.0,199625.08,905960.9,1370.04,SFJIN,1135035.58,,,1370.04,931027.5,74631.23000000001,-1.4551915228366852e-11,0.1797371673582249,0.1848033843696281,0.1793234835279355,0.1744150195253406,0.1808329865614036,0.5520255797973844,0.5578209691820385,0.5474175472525411,0.6955780072347052,0.6955780072347052,1.260046694738331,28.275642990879334,0.9981254,0.5679345289214001,,0.1808329865614036,206644.4,208014.44,208014.44,207965.46,0.1884325979135382,0.183266889307558,0.1883882287406779,0.1871915292817381,0.5752247756004819,0.5752247756004819,0.5750893306308495,0.5713007429175941,2.674819643197626,2.768216737148778,3.9470080233428178,0.8433834235447633,10.710485931518724,0.1566165764552367,77.90333495175092,,26.363200000000003,26.363200000000003,49.49344691287734,1.0,2.751905871040849,,2.768216737148778,1.384108368574389,0.0,,0.00238814491211,0.00238814491211,0.00238814491211,0.7936213825850843,0.2415958027876998,0.2063786174149157,0.2063786174149157,39.27905776789918,0.2600466947383312,0.0,0.0,0.0,0.2600466947383312,-502097482382049.25,0.7108502285693676,0.5714361878872266,1.2439713193481798,0.9662609171103598,76.72111124597923,78.90333495175092,78.90333495175092,78.88475602354798,78.90333495175092,78.90333495175092,78.88475602354798,78.90333495175092,78.90333495175092,2079.6546000000003,2079.6546000000003,2.7872304931862977,2.7872304931862977,2.7865741995676614,6.212255883896188,3.052681871235581,151.0877481359013,11039.1961,0.0,40.73969743140988,33.36614398035741,40.73969743140988,0.8433834235447633,0.00238814491211,8.95932034386168,24.676071249427302,4.056668673545893,65.41576868083719,4.747562113072503,4.747562113072503,4.747562113072503,4.1153986072586495,7.211980828937161,2.4644187158646584,279685.17000000004,0.7734166875724237,0.0676056746559652,-0.2533564649694012,0.2063786174149158,-0.3022247098966746,0.0,0.0,2.269901730849236,0.9596693383401652,0.9596693383401652,0.9598953595467246,,6.002087889144673,0.020621342957876,3.845463219619991,39.27905776789918,27.37296208297293,39.27905776789918,0.210634421663801,186.47976649606443,0.7936213825850843,0.7936213825850843,0.7936213825850843,1.615032064102544,0.2600466947383312,-4.024058220090181e-17,0.0,0.0,0.2063786174149157,-0.3022247098966747,0.789365578336199,0
117,214,6420,2352,2030103.3,1986766.14,0.0,0.0,0.0,0.0,0.0,1922621.14,64145.0,43337.16,0.0,1985.37,0.0,0.0,0.0,0.0,0.0,0.0,0.0,41351.79,41351.79,0.0,112585.56,100000.0,4758.6,8479.17,1917517.74,78439.0,78439.0,0.0,0.0,0.0,0.0,0.0,0.0,0.0,0.0,1839078.74,0.0,0.0,0.0,0.0,1837602.74,0.0,1476.0,0.0,0.0,0.0,0.0,0.0,0.0,SFJIN,0.0,0.0,0.0,0.0,0.0,0.0554580449182068,0.0,0.0,0.0,0.0,-3558.96,0.0,0.0,189.87,-3748.83,90096.0,0.0,90096.0,75000.0,75000.0,11347.17,0.0,8479.17,3558.96,0.0,SFJIN,90096.0,,,0.0,78748.83,1917517.74,0.0,0.1259453249866808,113.4717,-35.5896,-35.5896,84.7917,0.0041767184950637,-0.0018465020967159,-0.0017530930568902,0.0753131218603877,0.0753131218603877,18.031648996549823,-37.4883,0.0847917,0.0041767184950637,,84.7917,86347.17,86347.17,86347.17,-3748.83,863.4716999999999,0.9583907165689932,-37.4883,863.4716999999999,0.0425333873404373,0.0425333873404373,-0.001846620317301,-0.001846620317301,0.0044219512670584,-0.0019550431903696,-0.0,787.4883,0.0,-787.4883,0.1130556,,0.0408140444979963,0.0408140444979963,1.0218129145285313,1.0,0.0044219512670584,,-0.0019550431903696,-0.0009775215951848,216.7196482674601,,750.0,750.0,750.0,0.0554580449182068,0.0512813264231431,0.9445419550817932,0.9445419550817932,0.0566677465119271,17.031648996549823,16.321833279507604,0.0,0.0,17.031648996549823,0.0,0.1007870813983605,0.0425333873404373,2.369599218413068,-2.261817687118381,1.1130556,1.1512956,1.1512956,-0.0499844,1.1512956,1.1512956,-0.0499844,1.1512956,1.1512956,-0.0020400655258056,-0.0020400655258056,0.0450307020366862,0.0450307020366862,-0.0019550431903696,0.0,0.0,0.0,0.0,0.0,7226.7468,0.0,7226.7468,787.4883,750.0,0.0,6979764.5736,5372.64,6986991.3204,0.022600656617654,0.022600656617654,0.022600656617654,0.022600656617654,0.0441659277686786,0.0215652711510246,-1874180.58,-0.923194686694022,19175.1774,18741.8058,0.9445419550817932,0.9241726517069352,0.0,-0.0,-943.9956179452696,0.0981985860104042,0.0981985860104042,-2.261817687118381,,0.0,45.84440097136037,0.0587142208134147,0.0566677465119271,0.0503330502703252,0.0566677465119271,44.24650207812417,0.0012807282802123,0.0554580449182068,0.0554580449182068,0.0554580449182068,0.0566111751186049,17.031648996549823,0.0,0.9051769631624164,0.9051769631624164,0.9445419550817932,0.9241726517069352,-43.24650207812417,0
117,214,6820,1861,66270.55,0.0,0.0,0.0,0.0,0.0,0.0,0.0,0.0,66270.55,0.0,0.0,0.0,0.0,0.0,0.0,0.0,0.0,0.0,62807.3,62807.3,3463.25,61346.39,5000.0,47527.49,8818.9,4924.16,0.0,0.0,0.0,0.0,0.0,0.0,0.0,0.0,0.0,0.0,4924.16,0.0,0.0,0.0,0.0,0.0,0.0,2056.56,0.0,0.0,0.0,0.0,0.0,0.0,SFJIN,0.0,0.0,0.0,0.0,0.0,0.9256961048308788,64909.26,0.0,0.0,0.0,9898.97,1.11,0.0,1.18,9898.9,0.0,0.0,0.0,0.0,0.0,9898.9,1080.0,8818.9,55010.29,0.0,SFJIN,64910.37,,,0.0,55011.47,4924.16,0.0,0.1525010564567726,0.1525036643461965,0.1525047427747597,0.1525021348668941,0.1358650522282953,0.1330741935897619,0.1330741935897619,0.1493720815656426,0.1437558102440909,0.1437558102440909,1.080268129876917,98.989,1.76378,0.1493710252895139,,0.1358650522282953,9898.9,9898.9,9898.9,9898.9,0.1525036643461965,0.1525010564567726,0.1525036643461965,0.1525036643461965,0.1493710252895139,0.1493710252895139,0.1493710252895139,0.1493710252895139,1.7909450545879906,2.010271802703405,1.0580779080888052,0.8475134364495913,-44.43070415015288,0.1524865635504086,98.989,,0.0,0.0,662.7055,1.0,2.010271802703405,,2.010271802703405,1.0051359013517027,0.0,,0.0,0.0,0.0,0.9256961048308788,0.7926219112411168,0.0743038951691211,0.0743038951691211,613.4639,0.0802681298769169,0.0,0.0,0.0,0.0802681298769169,0.0,0.1613607581473009,0.1493710252895139,1.080268129876917,0.8908969683500186,88.189,98.989,98.989,98.989,98.989,98.989,98.989,98.989,98.989,98.989,98.989,2.010271802703405,2.010271802703405,2.010271802703405,18.742296975384395,0.9794585981254116,649.0926000000001,649.0926000000001,0.0,0.0,0.0,0.0,0.8475134364495913,0.0,649.0926000000001,27.613844927518816,11.532835838831009,27.613844927518816,13.458244654925917,13.458244654925917,13.458244654925917,12.754926728619704,26.21317138354562,12.754926728619704,61346.39,0.9256961048308788,0.0758622113393374,-0.9451099889291604,0.0743038951691211,-0.8734368433640584,0.0,0.0,613.4639,0.8908969683500186,0.8908969683500186,0.8908969683500186,,1.0334668103866906,0.0,12.458244654925917,613.4639,50.0,613.4639,0.0743038951691211,0.1245824465492591,0.9256961048308788,0.9256961048308788,0.9256961048308788,17.713532086912583,0.0802681298769169,0.0,0.0,0.0,0.0743038951691211,-0.8734368433640584,0.9256961048308788,1
117,216,4673,7473,2416818.69,1047991.95,0.0,0.0,1047991.95,868856.71,0.0,0.0,0.0,1368826.74,438815.12,320928.96,0.0,0.0,0.0,0.0,283254.0,0.0,0.0,605781.16,605781.16,3301.5,979417.35,50000.0,767462.7,123163.21,1437401.34,0.0,0.0,0.0,0.0,0.0,0.0,0.0,0.0,0.0,0.0,1437401.34,0.0,0.0,0.0,0.0,260391.38,0.0,499261.98,0.0,0.0,0.0,0.0,0.0,0.0,SFJIN,0.0,0.0,0.0,0.0,0.0,0.4052506520462236,2259207.7,0.0,0.0,0.0,179042.17,965.24,0.0,29120.73,150886.68,5.82,0.0,5.82,16340.29,16340.29,134552.21,11389.0,123163.21,2080165.53,27031.25,SFJIN,2260178.76,,,27031.25,2125626.55,1437401.34,0.0,0.0595316673093591,0.0595572554041843,0.0792499821950854,0.0792161373279692,0.0545161075716942,0.050960881140819,0.0564354004975027,0.0740817549702083,0.1257515093029544,0.1257515093029544,2.467608614448172,0.1736611782626389,2.4632642,0.0668579156014388,,0.0545161075716942,150892.5,177923.75,177923.75,177917.93,0.0787549325367472,0.07872109637912,0.0787523564123829,0.0667900078421297,0.0736189895982639,0.0736189895982639,0.0736165814738878,0.0624319402296578,0.0856846355799278,0.1049718514941693,-32.94525524027843,0.9408725678475688,6.046544099488865,0.0591274321524313,9.88865313895898,,0.0627528069477568,0.0627528069477568,2.30614241836495,1.0,0.1124136005049223,,0.1049718514941693,0.0524859257470846,1.611497736216318,,0.0072327524379453,0.0072327524379453,0.0072327524379453,0.4052506520462236,0.3542897709054046,0.5947493479537764,0.5947493479537763,0.9345657187538512,1.4676086144481717,0.2658635565318503,0.0,0.0,1.4676086144481717,10479.9195,0.1373798513983849,0.0624343483540339,2.200388968895336,0.8162629729807828,8.537394379169525,10.888653138958976,10.888653138958976,10.888296964129768,10.888653138958976,10.888653138958976,10.888296964129768,10.888653138958976,10.888653138958976,0.6832711973798825,0.6832711973798825,0.1237815389820076,0.1237815389820076,0.123777490008462,1.2474659760363995,0.9347857616907126,2.1557490971185422,22592.077,70.70120364763274,51.70757050801482,45.63744006361168,122.40877415564756,0.9408725678475688,0.0072327524379453,7.039588138134994,231.5918486644676,80.44030689165939,354.00062282011515,0.9522926561345768,0.9522926561345768,0.9522926561345768,0.6447121581227968,1.37373456184478,0.4214419057102034,-68574.6000000001,-0.028373911656567,0.6362413424848011,0.0303533845073209,0.5947493479537764,0.344097049332236,0.3052836447195742,-6.399091208698255,-0.0902601307535033,0.6922246748958473,0.6922246748958473,0.692247318749718,,3.729412284792746,0.7656132944918945,0.681380573918207,0.9345657187538512,0.0477102901410645,0.9345657187538512,1.0500973556375732,0.8899800706444247,0.4052506520462236,0.4052506520462236,0.4052506520462236,0.5408045574847916,1.4676086144481717,0.0,0.1077413796398603,0.1077413796398603,0.5947493479537764,0.344097049332236,-0.0500973556375732,1
117,113,6832,8034,7726785.85,5260339.18,137667.82,0.0,5055952.36,4919273.17,0.0,0.0,66719.0,2466446.67,0.0,830294.2,0.0,0.0,0.0,0.0,0.0,0.0,0.0,1591783.45,1591783.45,44369.02,6483749.0,7002000.0,27287.27,-545538.27,1243036.85,147441.12,0.0,82828.19,0.0,0.0,0.0,0.0,214255.82,0.0,0.0,864048.93,0.0,0.0,0.0,0.0,0.0,0.0,0.0,0.0,17290.98,0.0,0.0,0.0,0.0,SFJMA,783629.11,0.0,593682.76,0.0,0.0,0.8391262713719444,9031601.84,0.0,0.0,0.0,-582185.26,216608.72,0.0,194355.4,-559931.9400000001,15567.88,0.0,15567.88,2028.21,2028.21,-546392.27,-854.0,-545538.27,9613787.1,122862.79,SFJMA,9263778.44,,,122862.79,9810170.71,864048.93,378987.92,-0.0589815779316069,-0.0604978252672839,-0.0644609085202985,-0.0629511251093314,-0.0604032683974031,-0.0706035187968875,-0.072022884224234,-0.0753463692797957,-0.0841393258745827,-0.0841393258745827,1.1917157573496444,-0.1138241200782919,-0.0779117780634104,-0.0548131510594408,,-0.0604032683974031,-544364.06,-421501.2700000001,-421501.2700000001,-437069.1500000001,-0.0466696027423635,-0.0454999299400342,-0.0483933146902321,-0.0602732571302102,-0.0545506602852206,-0.0545506602852206,-0.0565654540561649,-0.0737808975676189,-0.6313742787691433,-0.6480326756495145,5.636304654298876,1.0862049594072891,1.8462112514263311,-0.0862049594072892,-208.81934316466248,,20.2821,20.2821,1.5409222661569897,1.049048585965405,-0.4901683982179111,,-0.6480326756495145,-0.2657376103596504,-0.0,,0.0002245681370736,0.0002245681370736,0.0002245681370736,0.8391262713719444,0.909729790168832,0.1608737286280556,0.1608737286280555,1.2325724213091522,0.1917157573496445,0.0,0.0,0.0330450515589052,0.1332637845789527,13.340668905752985,-0.0842710397950321,-0.0704515526336219,1.1961558921671671,0.9742938936471456,-267.9752392503735,-207.81934316466248,-207.81934316466248,-215.4950177742936,-207.81934316466248,-207.81934316466248,-215.4950177742936,-207.81934316466248,-207.81934316466248,-4370.691500000001,-4370.691500000001,-0.3390899231989784,-0.3390899231989784,-0.3516139927790556,1.5059359653067748,1.1688691799320412,1.7863304867057723,65.6043063658595,0.0,33.463287482566884,31.5825477133744,33.463287482566884,1.0862049594072891,0.0002245681370736,10.877592352204797,34.823701940341515,23.927153617746285,68.28698942290839,2.8545219887026536,2.8545219887026536,2.798519211503766,2.8031718643526355,4.696759615222254,1.8422376265196,1602397.7399999998,0.2073821859576967,0.095669510825114,-0.1774212114736005,0.1118251426626506,-0.0941833427414065,0.0,0.0,1.9299156130441475,1.294274320929092,1.294274320929092,1.248173818719532,,5.673888517938794,2.1327601541046093,5.216055340595896,1.2325724213091522,1.3310928745092825,1.3046187109174203,0.5039788068882106,2.445683041554074,0.8391262713719444,0.8391262713719444,0.836207996095694,1.0581502658135842,0.1917157573496445,0.0499383351928181,0.0,0.0,0.1637920039043061,-0.0459535085132942,0.4960211931117895,0
117,214,6201,2105,1375133.25,21488.12,0.0,0.0,18522.76,18522.76,0.0,0.0,2965.36,1353645.13,70255.08,619839.12,0.0,0.0,0.0,0.0,569169.56,0.0,0.0,559263.67,559263.67,104287.26,436426.55,80000.0,0.0,144436.98,938706.7,0.0,0.0,0.0,0.0,0.0,0.0,0.0,104500.0,104500.0,0.0,829256.45,0.0,0.0,0.0,0.0,0.0,0.0,246002.1,0.0,4950.25,0.0,4950.25,4950.25,0.0,SFJIN,0.0,0.0,0.0,0.0,0.0,0.3173703711985729,2383945.19,0.0,0.0,0.0,177647.59,109.98,0.0,32017.33,145740.24,0.07,0.0,0.0,1303.33,0.0,144436.98,0.0,144436.98,2206297.6,46569.92,SFJIN,2384055.24,,,46569.92,2239618.26,829256.45,109450.25,0.0605845777298348,0.0605873744941258,0.0745183197773099,0.074514882136725,0.0605873744941258,0.1050348975272032,0.1050348975272032,0.1291857280012682,0.3309536965613114,0.3309536965613114,3.1508927447241697,7.868170834152146,1.80546225,0.1389006483553503,,0.0605873744941258,145740.31,192310.23,192310.23,192310.16,0.0806688974254479,0.0806651736811266,0.0806688680623567,0.0611340858889461,0.1398484328700509,0.1398484328700509,0.1398483819658931,0.1059826311377461,0.1741764926881183,0.1757480933672568,4.546141594818561,0.9394587884799483,-19.407367984531053,0.0605412115200516,146.5529835114668,,0.0,0.0,69.08857080098213,1.079592468584408,0.2303351393890274,,0.1757480933672568,0.0824339805951272,0.5471006544789743,,0.0005467113948202,0.0,0.0,0.3173703711985729,0.2123354736713696,0.6826296288014271,0.6826296288014271,20.310131830983817,2.150892744724169,0.2394446442362409,0.2394446442362409,0.2394446442362409,1.9001054129268715,0.1692345152249537,0.3309536965613114,0.1050348975272032,3.1508927447241697,0.9910576516135832,1444.3698000000002,1923.1023,1923.1023,1923.1016,147.55298351146678,147.55298351146678,147.5529298028895,1923.1023,1923.1023,1.8402886124401912,1.8402886124401912,0.2048672178434435,0.2048672178434435,0.2048671432727602,2.9219684719707284,1.73361031740015,128.7035619961604,23839.4519,10.756582956506648,94.90204713976668,87.14415510534452,105.65863009627331,0.9394587884799483,0.0005467113948202,3.846070880456852,126.96542081573612,37.66477806480106,232.6240509120095,1.63236008595411,1.63236008595411,1.6226735292344212,1.4218795524593144,2.306775907501232,0.6744158215471222,524388.6799999999,0.3813366304683563,0.3478504679883181,-0.2199667518362701,0.6030371602170189,0.1963393583858145,0.0847205710609787,0.1339752032786062,0.7598798540836889,0.7510623849807679,0.7510623849807679,0.751062658363968,,4.262649833843131,0.0158742638848041,0.4649232289489358,20.310131830983817,3.7229873995491465,25.40365560132762,0.6934658716646068,29.287860673274444,0.3173703711985729,0.3173703711985729,0.3173703711985729,0.5349219540701591,2.150892744724169,0.079592468584408,0.075992635622766,0.075992635622766,0.6826296288014271,0.2759318269702226,0.3065341283353932,0
117,216,4730,1666,7192520.73,8117.31,0.0,0.0,8117.31,8117.31,0.0,0.0,0.0,7184403.42,840926.08,1319316.93,0.0,0.0,0.0,0.0,11764.95,0.0,0.0,4969049.12,4967026.22,55111.29,3271152.09,100000.0,3796088.37,-624936.28,3921368.64,0.0,0.0,0.0,0.0,0.0,0.0,0.0,0.0,0.0,0.0,3921368.64,0.0,0.0,0.0,0.0,3500000.0,0.0,320853.29,0.0,0.0,0.0,0.0,0.0,0.0,SFJIN,0.0,0.0,0.0,0.0,0.0,0.4547991188062936,5197139.56,0.0,0.0,0.0,-1668564.64,56926.8,56777.34,2144.38,-1613782.22,1075760.86,0.0,6511.06,60435.92,52599.17,-598457.28,26479.0,-624936.28,53595704.2,12684.47,SFJIN,6329827.22,,,12684.47,53658284.5,3921368.64,0.0,-0.0945455948796024,-0.1151512814098838,-0.3210544224831245,-0.3175758594720148,-0.120246199430519,-0.0868869626462654,-0.0816966586483512,-0.2319860731218219,-0.1910447031522768,-0.1910447031522768,2.198772949746889,-198.8075138192332,-6.2493628,-0.0814419355868856,,-0.120246199430519,-538021.36,-525336.89,-468559.5500000001,-1601097.75,-0.1010819286138238,-0.0740240663314661,-0.3080728796130308,-0.1035225923392367,-0.0730393292867158,-0.0651453874919871,-0.2226059277551779,-0.2243694916677702,-0.1593668786008346,-0.4115354530911941,1.5927318923643223,10.324580258144923,-3.0609274108925195,-9.324580258144923,-9.692461205190556,,0.0150283342857142,0.0150283342857142,886.0719536398142,1.0,-0.1493796844358912,,-0.4115354530911941,-0.205767726545597,-5.975012735739646,,0.0116286890706471,0.0101207922921354,0.0101207922921354,0.4547991188062936,0.5416860814525591,0.5452008811937064,0.5452008811937064,402.98474371435856,1.1987729497468889,1.069959422155758,0.0,0.0,1.1987729497468889,81.1731,-0.1829500015696304,-0.0758924625303095,2.410647849205904,0.3872494517878627,-10.881105348240286,-9.98755094424494,-8.908116801082604,-30.43960104313433,-8.692461205190556,-7.752997720560886,-26.49248576012411,-9.98755094424494,-8.908116801082604,-0.4574565,-0.4574565,-0.1339677388759859,-0.1194887787953544,-0.4083007482815999,2.3352740420824483,0.7225755413290271,640.2539215577574,51971.3956,59.05902961743825,92.6568690123842,0.8262635052270947,151.71589862982245,10.324580258144923,0.0116286890706471,3.939265419719885,275.40140823156963,22.53382836808023,427.1173068613921,1.8321163041687405,1.8321163041687405,1.8321163041687405,1.603615121989653,3.099288451493303,1.2671721473245627,3263034.78,0.4536705422884474,0.7545244061138894,-0.6278520602206034,0.5452008811937064,-0.1456624901517663,0.2144470865151815,0.2577128767226931,1.5104943123968262,1.189591463869975,1.33373928671393,0.3903173806845959,,1.0463281911163336,0.0011298516418778,0.8341863237831166,402.98474371435856,12.319352100634324,402.98474371435856,0.5458168773044764,738.3149192903376,0.4547991188062936,0.4547991188062936,0.4547991188062936,1.4698540370697202,1.1987729497468889,0.0,0.4866166023549299,0.4866166023549299,0.5452008811937064,-0.1456624901517663,0.4541831226955237,0
117,224,4520,10763,389892.48,379152.79,0.0,0.0,0.0,0.0,0.0,0.0,0.0,10739.69,5737.43,1360.58,0.0,0.0,0.0,0.0,0.0,0.0,0.0,0.0,0.0,0.0,131640.13,59500.0,0.0,0.0,258252.35,0.0,0.0,0.0,0.0,0.0,0.0,0.0,0.0,247199.04,0.0,0.0,0.0,0.0,0.0,0.0,0.0,0.0,0.0,0.0,0.0,0.0,0.0,0.0,0.0,SFJMI,0.0,0.0,0.0,0.0,247199.04,0.3376318773832211,189720.34,0.0,0.0,0.0,-5627.4,3179.99,0.0,2.72,-2450.13,0.0,0.0,0.0,451.14,451.14,-2901.27,0.0,-2901.27,195347.74,5477.95,SFJIN,192900.33,,,5477.95,195801.6,0.0,258252.35,-0.0150402542079632,-0.0152923508359725,-0.0296615534212093,-0.0291725783983884,-0.0152923508359725,-0.007441205329223,-0.006503963862037,-0.0144332098941739,-0.0220394039416399,-0.0220394039416399,2.9618056439172458,-24.5013,-0.0487608403361344,0.0066086937609055,,-0.0152923508359725,-2450.13,3027.82,3027.82,3027.82,0.0159593852720272,0.0156962924843104,0.0159593852720272,-0.012914429733786,0.0077657819919994,0.0077657819919994,0.0077657819919994,-0.0062841170981292,-29.0127,-24.5013,17.665346020229634,1.032053811415265,1.4412044412292817,-0.0320538114152651,5.71148645653234,,0.0018250070874061,0.0018250070874061,1.7094555205567654,1.6623681226167788,25.7668,,-24.5013,-0.0094873483242262,45.12619501820937,,0.0023779211021865,0.0023779211021865,0.0023779211021865,0.3376318773832211,0.3376318773832211,0.6623681226167789,0.6623681226167788,0.3471954670305868,1.9618056439172464,1.8778395311520888,1.8778395311520888,0.0,0.0,0.0,-0.0220394039416399,-0.0062841170981292,3.5071599713189863,1.184129005399713,-5.430974863678681,6.71148645653234,6.71148645653234,6.71148645653234,6.71148645653234,6.71148645653234,6.71148645653234,6.71148645653234,6.71148645653234,0.012248510350202,0.012248510350202,0.0117242689175916,0.0117242689175916,0.0117242689175916,0.4865965611852786,0.4865965611852786,1897.2034,1897.2034,11.03815199783007,2.617598619104309,0.0,13.65575061693438,1.032053811415265,0.0023779211021865,139.44078260741742,0.0,0.0,13.65575061693438,inf,107.3969,107.3969,50.0226,107.3969,0.0,10739.69,0.0275452606831503,0.0,-0.0566080052354955,0.0,0.0,57.374300000000005,0.5342267793576909,1.513056476392679,-0.9582042525645514,-0.9582042525645514,-0.9582042525645514,,1897.2034,35.30388586635182,0.5097344903153834,0.3471954670305868,0.1569288201729967,1.028325493793676,24.046536724989267,0.014438481141851,0.3376318773832211,0.3376318773832211,0.3376318773832211,0.3376318773832211,1.9618056439172464,0.6623681226167789,0.6340184863273075,0.6340184863273075,0.6623681226167789,0.6623681226167789,-23.046536724989267,0
117,214,5911,10174,1768821.07,0.0,0.0,0.0,0.0,0.0,0.0,0.0,0.0,1768821.07,0.0,345855.67,0.0,0.0,0.0,0.0,0.0,0.0,0.0,0.0,0.0,0.0,223406.21,50000.0,0.0,0.0,1545414.86,0.0,0.0,0.0,0.0,0.0,0.0,0.0,0.0,0.0,0.0,0.0,0.0,0.0,0.0,0.0,0.0,0.0,0.0,0.0,0.0,0.0,0.0,0.0,0.0,SFJMI,0.0,0.0,0.0,0.0,0.0,0.1263023229364855,2338874.31,0.0,0.0,0.0,4603993.48,76108.19,0.0,46772.69,4633328.98,0.0,0.0,0.0,0.0,0.0,0.0,4471.0,0.0,2265119.17,1255.51,SFJMI,2414982.5,,,1255.51,2311891.86,0.0,1545414.86,0.0,0.0,1.9684655393046755,1.9064293343740588,0.0,0.0,0.0,2.6028599263576164,0.0,0.0,7.917510753170201,46333.289800000006,0.0,0.0032374727422259,,0.0,0.0,1255.51,1255.51,4634584.49,0.0005368009707199,0.0005198836844573,1.9815449125181928,0.0,0.0007098004548306,0.0007098004548306,2.620154502117052,2.619444701662221,0.0,46333.289800000006,1.322278635000656,0.988463488660064,10.46915531130491,0.011536511339936,57.2651,,0.0,0.0,33142.359300000004,1.8736976770635143,57.2651,,46333.289800000006,2.998113386848112,0.0,,0.0,0.0,0.0,0.1263023229364855,0.1263023229364855,0.8736976770635144,0.8736976770635144,2234.0621,6.917510753170201,0.0,0.0,0.0,0.0,0.0,0.0,0.0,0.0,0.0,0.0,12.5551,12.5551,46345.8449,12.5551,12.5551,46345.8449,12.5551,12.5551,46345.8449,46345.8449,0.0008124096852543,0.0008124096852543,2.9989257965333658,1.322278635000656,1.322278635000656,23388.7431,23388.7431,0.0,53.825664483868735,0.0,53.825664483868735,0.988463488660064,0.0,6.762573272255447,0.0,0.0,53.825664483868735,inf,17688.2107,17688.2107,17688.2107,17688.2107,0.0,1768821.07,1.0,0.0,-0.7562702546422856,0.0,0.0,0.0,0.0,5.114333010645741,0.0,0.0,0.0,,23388.7431,0.0,0.1445606715597389,2234.0621,500.0,17688.2107,0.8736976770635144,0.0014456067155973,0.1263023229364855,0.1263023229364855,0.1263023229364855,0.1263023229364855,6.917510753170201,0.8736976770635144,0.0,0.0,0.8736976770635144,0.8736976770635144,0.1263023229364855,1
117,214,4799,2211,5000.0,0.0,0.0,0.0,0.0,0.0,0.0,0.0,0.0,5000.0,0.0,0.0,0.0,0.0,0.0,0.0,0.0,0.0,0.0,5000.0,5000.0,0.0,5000.0,5000.0,0.0,0.0,0.0,0.0,0.0,0.0,0.0,0.0,0.0,0.0,0.0,0.0,0.0,0.0,0.0,0.0,0.0,0.0,0.0,0.0,0.0,0.0,0.0,0.0,0.0,0.0,0.0,SFJIN,0.0,0.0,0.0,0.0,0.0,1.0,0.0,0.0,0.0,0.0,0.0,0.0,0.0,0.0,0.0,0.0,0.0,0.0,0.0,0.0,0.0,0.0,0.0,0.0,0.0,SFJIN,0.0,,,0.0,0.0,0.0,0.0,0.0,0.0,0.0,0.0,0.0,0.0,0.0,0.0,0.0,0.0,1.0,0.0,0.0,0.0,,0.0,0.0,0.0,0.0,0.0,0.0,0.0,0.0,0.0,0.0,0.0,0.0,0.0,0.0,0.0,0.0,0.0,0.0,0.0,0.0,,0.0,0.0,50.0,1.0,0.0,,0.0,0.0,0.0,,0.0,0.0,0.0,1.0,1.0,0.0,0.0,50.0,0.0,0.0,0.0,0.0,0.0,0.0,0.0,0.0,0.0,0.0,0.0,0.0,0.0,0.0,0.0,0.0,0.0,0.0,0.0,0.0,0.0,0.0,0.0,0.0,0.0,0.0,0.0,0.0,0.0,0.0,0.0,0.0,0.0,0.0,0.0,0.0,0.0,0.0,inf,50.0,50.0,50.0,100.0,50.0,5000.0,1.0,0.0,-50.0,0.0,-1.0,0.0,0.0,50.0,0.0,0.0,0.0,,0.0,0.0,50.0,50.0,50.0,50.0,0.0,0.5,1.0,1.0,1.0,inf,0.0,0.0,0.0,0.0,0.0,-1.0,1.0,0
117,224,4110,4426,1014964.13,0.0,0.0,0.0,0.0,0.0,0.0,0.0,0.0,1014964.13,987930.92,455.23,0.0,0.0,0.0,0.0,0.0,0.0,0.0,24892.73,1892.73,1685.25,772531.17,1300000.0,0.0,0.0,144979.99,0.0,0.0,0.0,0.0,0.0,0.0,0.0,0.0,0.0,0.0,144979.99,33879.99,0.0,0.0,0.0,0.0,0.0,0.0,0.0,0.0,0.0,0.0,0.0,0.0,SFJIN,0.0,0.0,0.0,0.0,0.0,0.761141351862356,0.0,0.0,0.0,3.87,-3.87,0.0,0.0,43.8,-47.67,0.0,0.0,0.0,0.0,0.0,-47.67,0.0,38793.52,0.0,0.0,SFJIN,0.0,,,0.0,47.67,144979.99,0.0,-0.4767,-0.4767,-0.0387,-0.0387,387.9352,0.038221567495198,0.038221567495198,-3.812942630790312e-06,0.0502161226711408,0.0502161226711408,1.313816412093767,-0.4767,0.0298411692307692,0.038221567495198,,387.9352,-47.67,-47.67,-47.67,-47.67,-0.4767,-0.4767,-0.4767,-0.4767,-4.696717705678919e-05,-4.696717705678919e-05,-4.696717705678919e-05,-4.696717705678919e-05,0.2675784430665225,-0.000328803995641,0.0,0.4766999999999999,0.0,-0.4766999999999999,387.9352,,0.0,0.0,9175.1116,0.9039838284728348,0.2675784430665225,,-0.000328803995641,-0.0001644019978205,0.0,,0.0,0.0,0.0,0.761141351862356,0.761141351862356,0.1428424766104788,0.238858648137644,7725.3117,0.1876687901149671,0.0,0.0,0.0,0.1876687901149671,0.0,-6.170624804692346e-05,-4.696717705678919e-05,1.313816412093767,-813.7931613173903,387.9352,-0.4767,-0.4767,-0.4767,-0.4767,-0.4767,-0.4767,-0.4767,-0.4767,-0.4767,-0.4767,-0.000328803995641,-0.000328803995641,-0.000328803995641,0.0,0.0,0.0,0.0,3596068.5488,1657.0372,0.0,3597725.586,0.4766999999999999,0.0,0.0,527727.1636,123323.1636,4125452.7496,7.000718719872999,7.000718719872999,7.000718719872999,0.1748376448363665,7.172416414154809,0.1716976942818109,869984.14,0.8571575233895212,1449.7999,-8699.8414,0.1428424766104788,0.1183167527309561,6.814257057129057,1.1355734829832644,0.8802067289186519,-813.7931613173903,-813.7931613173903,-813.7931613173903,,0.0,0.0,5.328536510452236,7725.3117,13000.0,7725.3117,0.1428424766104788,0.0532853651045223,0.761141351862356,0.761141351862356,0.761141351862356,0.7625633987890686,0.1876687901149671,0.0,0.0,0.0,0.1428424766104788,0.1183167527309561,0.761141351862356,0
117,0,4120,1512,20997.07,100.0,0.0,0.0,0.0,0.0,0.0,100.0,0.0,20897.07,0.0,0.0,0.0,0.0,0.0,0.0,0.0,0.0,0.0,20897.07,20897.07,0.0,20888.07,5000.0,0.0,15888.07,109.0,0.0,0.0,0.0,0.0,0.0,0.0,0.0,0.0,0.0,0.0,109.0,0.0,0.0,0.0,0.0,0.0,0.0,0.0,0.0,0.0,0.0,0.0,0.0,0.0,SFJIN,0.0,0.0,0.0,0.0,0.0,0.994808799513456,0.0,0.0,0.0,0.0,0.0,0.0,0.0,0.0,0.0,15997.07,15997.07,0.0,0.0,0.0,15997.07,109.0,15888.07,0.0,0.0,SFJIN,15997.07,,,0.0,0.0,109.0,0.0,1.0,159.9707,0.0,0.0,158.8807,0.7566803368279479,0.7566803368279479,0.0,0.7606289140164697,0.7606289140164697,1.005218289674441,0.0,3.177614,0.761871537314492,,158.8807,15997.07,15997.07,31994.14,0.0,159.9707,2.0,0.0,159.9707,0.761871537314492,1.523743074628984,0.0,0.0,145.76211009174312,0.0,0.0,0.0,-0.0,0.0,159.9707,,0.0,0.0,209.9707,1.0,146.76211009174312,,0.0,0.0,0.0,,0.0,0.0,0.0,0.994808799513456,0.238128462685508,0.005191200486544,0.005191200486544,208.8807,0.0052182896744409,0.0,0.0,0.0,0.0052182896744409,0.0,0.7658472036909106,0.761871537314492,1.005218289674441,158.8807,158.8807,159.9707,319.9414,0.0,159.9707,319.9414,0.0,159.9707,319.9414,0.0,0.0,146.76211009174312,293.52422018348625,0.0,0.0,0.0,0.0,0.0,0.0,0.0,0.0,0.0,0.0,0.0,0.0,396.7600000000001,0.0,396.7600000000001,191.71623853211008,191.71623853211008,191.71623853211008,191.71623853211008,383.43247706422017,191.71623853211008,20788.07,0.9900462302597458,1.09,-207.8807,0.005191200486544,-0.9900462302597458,0.0,0.0,207.8807,0.99318625223244,0.49659312611622,158.8807,,0.0,0.0047853598614542,191.63366972477064,208.8807,50.0,208.8807,0.0052160422489851,40045.822105954125,0.994808799513456,0.994808799513456,0.994808799513456,208.8807,0.0052182896744409,0.0,0.0,0.0,0.005191200486544,-0.9900462302597458,0.9947839577510148,0
