iter	Logloss
0	0.43901746
1	0.3831618522
2	0.415741928
3	0.3290625143
